_id,empId,email,role,passwordStatus,mustChangePassword,createdAt,updatedAt
6a82e0778437afa6625e9d83,,priya.sharma@enterprise.com,HR_ADMIN,,,2026-08-17T10:20:39.553968+00:00,2026-08-17T13:01:29.957429
6a82e0778437afa6625e9d84,EMP000001,aarav.sharma.1@company.com,EMPLOYEE,,,2026-08-17T10:20:39.553968+00:00,2026-08-17T13:01:29.996508
6a858357c3cefe074bb21867,EMP000011,bhavana.malhotra.11@company.com,EMPLOYEE,default,False,2026-08-19T10:20:07.303568+00:00,2026-08-19T10:20:07.303568+00:00
6a85866246e7ff0726d4bdc2,EMP000019,isha.desai.19@company.com,EMPLOYEE,default,False,2026-08-19T10:30:13.839983+00:00,2026-08-19T10:30:13.839983+00:00
6a85866246e7ff0726d4bdc3,EMP000024,kiran.singh.24@company.com,EMPLOYEE,default,False,2026-08-19T10:30:14.105049+00:00,2026-08-19T10:30:14.105049+00:00
6a85866246e7ff0726d4bdc4,EMP000025,krishna.mishra.25@company.com,EMPLOYEE,default,False,2026-08-19T10:30:14.360243+00:00,2026-08-19T10:30:14.360243+00:00
6a85866246e7ff0726d4bdc5,EMP000084,akshay.mukherjee.84@company.com,EMPLOYEE,default,False,2026-08-19T10:30:14.626631+00:00,2026-08-19T10:30:14.626631+00:00
6a85866246e7ff0726d4bdc6,EMP000119,riya.desai.119@company.com,EMPLOYEE,default,False,2026-08-19T10:30:14.887994+00:00,2026-08-19T10:30:14.887994+00:00
6a85866246e7ff0726d4bdc7,EMP000194,priya.verma.194@company.com,EMPLOYEE,default,False,2026-08-19T10:30:15.159352+00:00,2026-08-19T10:30:15.159352+00:00
6a85866246e7ff0726d4bdc8,EMP000224,pradeep.singh.224@company.com,EMPLOYEE,default,False,2026-08-19T10:30:15.423392+00:00,2026-08-19T10:30:15.423392+00:00
6a85866246e7ff0726d4bdc9,EMP000234,vaishnavi.mukherjee.234@company.com,EMPLOYEE,default,False,2026-08-19T10:30:15.670322+00:00,2026-08-19T10:30:15.670322+00:00
6a85866246e7ff0726d4bdca,EMP000282,shreya.das.282@company.com,EMPLOYEE,default,False,2026-08-19T10:30:15.932143+00:00,2026-08-19T10:30:15.932143+00:00
6a85866246e7ff0726d4bdcb,EMP000284,srinivas.mukherjee.284@company.com,EMPLOYEE,default,False,2026-08-19T10:30:16.201876+00:00,2026-08-19T10:30:16.201876+00:00
6a85866246e7ff0726d4bdcc,EMP000285,swathi.tripathi.285@company.com,EMPLOYEE,default,False,2026-08-19T10:30:16.467106+00:00,2026-08-19T10:30:16.467106+00:00
6a85866246e7ff0726d4bdcd,EMP000292,abhinav.yadav.292@company.com,EMPLOYEE,default,False,2026-08-19T10:30:16.743253+00:00,2026-08-19T10:30:16.743253+00:00
6a85866246e7ff0726d4bdce,EMP000334,harish.mukherjee.334@company.com,EMPLOYEE,default,False,2026-08-19T10:30:17.019121+00:00,2026-08-19T10:30:17.019121+00:00
6a85866246e7ff0726d4bdcf,EMP000352,priya.patel.352@company.com,EMPLOYEE,default,False,2026-08-19T10:30:17.371845+00:00,2026-08-19T10:30:17.371845+00:00
6a85866246e7ff0726d4bdd0,EMP000359,sanjay.rao.359@company.com,EMPLOYEE,default,False,2026-08-19T10:30:17.849317+00:00,2026-08-19T10:30:17.849317+00:00
6a85866246e7ff0726d4bdd1,EMP000360,sanjana.joshi.360@company.com,EMPLOYEE,default,False,2026-08-19T10:30:18.140266+00:00,2026-08-19T10:30:18.140266+00:00
6a85866246e7ff0726d4bdd2,EMP000373,anirudh.menon.373@company.com,EMPLOYEE,default,False,2026-08-19T10:30:18.414781+00:00,2026-08-19T10:30:18.414781+00:00
6a85866246e7ff0726d4bdd3,EMP000042,sahana.yadav.42@company.com,EMPLOYEE,default,False,2026-08-19T10:30:18.745403+00:00,2026-08-19T10:30:18.745403+00:00
6a85866246e7ff0726d4bdd4,EMP000046,sneha.pillai.46@company.com,EMPLOYEE,default,False,2026-08-19T10:30:19.025060+00:00,2026-08-19T10:30:19.025060+00:00
6a85866246e7ff0726d4bdd5,EMP000049,tanvi.pandey.49@company.com,EMPLOYEE,default,False,2026-08-19T10:30:19.308141+00:00,2026-08-19T10:30:19.308141+00:00
6a85866246e7ff0726d4bdd6,EMP000051,vikram.sharma.51@company.com,EMPLOYEE,default,False,2026-08-19T10:30:19.566378+00:00,2026-08-19T10:30:19.566378+00:00
6a85866246e7ff0726d4bdd7,EMP000072,shyam.joseph.72@company.com,EMPLOYEE,default,False,2026-08-19T10:30:19.896968+00:00,2026-08-19T10:30:19.896968+00:00
6a85866246e7ff0726d4bdd8,EMP000080,aarav.nair.80@company.com,EMPLOYEE,default,False,2026-08-19T10:30:20.151027+00:00,2026-08-19T10:30:20.151027+00:00
6a85866246e7ff0726d4bdd9,EMP000085,amara.tripathi.85@company.com,EMPLOYEE,default,False,2026-08-19T10:30:20.407576+00:00,2026-08-19T10:30:20.407576+00:00
6a85866246e7ff0726d4bdda,EMP000092,deepa.yadav.92@company.com,EMPLOYEE,default,False,2026-08-19T10:30:20.664513+00:00,2026-08-19T10:30:20.664513+00:00
6a85866246e7ff0726d4bddb,EMP000093,dev.dsouza.93@company.com,EMPLOYEE,default,False,2026-08-19T10:30:20.970982+00:00,2026-08-19T10:30:20.970982+00:00
6a85866246e7ff0726d4bddc,EMP000096,gaurav.pillai.96@company.com,EMPLOYEE,default,False,2026-08-19T10:30:21.304929+00:00,2026-08-19T10:30:21.304929+00:00
6a85866246e7ff0726d4bddd,EMP000108,mohan.sen.108@company.com,EMPLOYEE,default,False,2026-08-19T10:30:21.672687+00:00,2026-08-19T10:30:21.672687+00:00
6a85866246e7ff0726d4bdde,EMP000110,naveen.joshi.110@company.com,EMPLOYEE,default,False,2026-08-19T10:30:21.961097+00:00,2026-08-19T10:30:21.961097+00:00
6a85866246e7ff0726d4bddf,EMP000115,priya.roy.115@company.com,EMPLOYEE,default,False,2026-08-19T10:30:22.241070+00:00,2026-08-19T10:30:22.241070+00:00
6a85866246e7ff0726d4bde0,EMP000118,rakesh.chopra.118@company.com,EMPLOYEE,default,False,2026-08-19T10:30:22.519517+00:00,2026-08-19T10:30:22.519517+00:00
6a85866246e7ff0726d4bde1,EMP000133,zoya.krishnan.133@company.com,EMPLOYEE,default,False,2026-08-19T10:30:22.792739+00:00,2026-08-19T10:30:22.792739+00:00
6a85866246e7ff0726d4bde2,EMP000134,abhinav.mukherjee.134@company.com,EMPLOYEE,default,False,2026-08-19T10:30:23.124065+00:00,2026-08-19T10:30:23.124065+00:00
6a85866246e7ff0726d4bde3,EMP000146,reshma.pillai.146@company.com,EMPLOYEE,default,False,2026-08-19T10:30:23.436255+00:00,2026-08-19T10:30:23.436255+00:00
6a85866246e7ff0726d4bde4,EMP000176,harish.varma.176@company.com,EMPLOYEE,default,False,2026-08-19T10:30:23.742796+00:00,2026-08-19T10:30:23.742796+00:00
6a85866246e7ff0726d4bde5,EMP000190,neha.naidu.190@company.com,EMPLOYEE,default,False,2026-08-19T10:30:24.009283+00:00,2026-08-19T10:30:24.009283+00:00
6a85866246e7ff0726d4bde6,EMP000202,sanjana.patel.202@company.com,EMPLOYEE,default,False,2026-08-19T10:30:24.373399+00:00,2026-08-19T10:30:24.373399+00:00
6a85866246e7ff0726d4bde7,EMP000208,varun.sen.208@company.com,EMPLOYEE,default,False,2026-08-19T10:30:24.716847+00:00,2026-08-19T10:30:24.716847+00:00
6a85866246e7ff0726d4bde8,EMP000217,harini.kumar.217@company.com,EMPLOYEE,default,False,2026-08-19T10:30:25.011142+00:00,2026-08-19T10:30:25.011142+00:00
6a85866246e7ff0726d4bde9,EMP000249,chetan.pandey.249@company.com,EMPLOYEE,default,False,2026-08-19T10:30:25.406285+00:00,2026-08-19T10:30:25.406285+00:00
6a85866246e7ff0726d4bdea,EMP000255,harish.jain.255@company.com,EMPLOYEE,default,False,2026-08-19T10:30:25.742658+00:00,2026-08-19T10:30:25.742658+00:00
6a85866246e7ff0726d4bdeb,EMP000294,anirudh.verma.294@company.com,EMPLOYEE,default,False,2026-08-19T10:30:26.023153+00:00,2026-08-19T10:30:26.023153+00:00
6a85866246e7ff0726d4bdec,EMP000028,meera.hegde.28@company.com,EMPLOYEE,default,False,2026-08-19T10:30:26.333069+00:00,2026-08-19T10:30:26.333069+00:00
6a85866246e7ff0726d4bded,EMP000058,divya.sen.58@company.com,EMPLOYEE,default,False,2026-08-19T10:30:26.600935+00:00,2026-08-19T10:30:26.600935+00:00
6a85866246e7ff0726d4bdee,EMP000100,jahnavi.fernandes.100@company.com,EMPLOYEE,default,False,2026-08-19T10:30:26.883287+00:00,2026-08-19T10:30:26.883287+00:00
6a85866246e7ff0726d4bdef,EMP000125,sneha.mishra.125@company.com,EMPLOYEE,default,False,2026-08-19T10:30:27.248711+00:00,2026-08-19T10:30:27.248711+00:00
6a85866246e7ff0726d4bdf0,EMP000143,nithin.dsouza.143@company.com,EMPLOYEE,default,False,2026-08-19T10:30:27.579735+00:00,2026-08-19T10:30:27.579735+00:00
6a85866246e7ff0726d4bdf1,EMP000171,deepa.gowda.171@company.com,EMPLOYEE,default,False,2026-08-19T10:30:27.962178+00:00,2026-08-19T10:30:27.962178+00:00
6a85866246e7ff0726d4bdf2,EMP000182,kiran.das.182@company.com,EMPLOYEE,default,False,2026-08-19T10:30:28.304588+00:00,2026-08-19T10:30:28.304588+00:00
6a85866246e7ff0726d4bdf3,EMP000196,raj.pillai.196@company.com,EMPLOYEE,default,False,2026-08-19T10:30:28.615261+00:00,2026-08-19T10:30:28.615261+00:00
6a85866246e7ff0726d4bdf4,EMP000201,sanjay.sharma.201@company.com,EMPLOYEE,default,False,2026-08-19T10:30:28.921122+00:00,2026-08-19T10:30:28.921122+00:00
6a85866246e7ff0726d4bdf5,EMP000215,anirudh.roy.215@company.com,EMPLOYEE,default,False,2026-08-19T10:30:29.204373+00:00,2026-08-19T10:30:29.204373+00:00
6a85866246e7ff0726d4bdf6,EMP000233,surya.krishnan.233@company.com,EMPLOYEE,default,False,2026-08-19T10:30:29.478403+00:00,2026-08-19T10:30:29.478403+00:00
6a85866246e7ff0726d4bdf7,EMP000235,vasudha.tripathi.235@company.com,EMPLOYEE,default,False,2026-08-19T10:30:29.796598+00:00,2026-08-19T10:30:29.796598+00:00
6a85866246e7ff0726d4bdf8,EMP000258,jahnavi.sen.258@company.com,EMPLOYEE,default,False,2026-08-19T10:30:30.169802+00:00,2026-08-19T10:30:30.169802+00:00
6a85866246e7ff0726d4bdf9,EMP000260,kavya.joshi.260@company.com,EMPLOYEE,default,False,2026-08-19T10:30:30.691593+00:00,2026-08-19T10:30:30.691593+00:00
6a85866246e7ff0726d4bdfa,EMP000288,vikram.kapoor.288@company.com,EMPLOYEE,default,False,2026-08-19T10:30:31.042128+00:00,2026-08-19T10:30:31.042128+00:00
6a85866246e7ff0726d4bdfb,EMP000304,reshma.bhat.304@company.com,EMPLOYEE,default,False,2026-08-19T10:30:31.340677+00:00,2026-08-19T10:30:31.340677+00:00
6a85866246e7ff0726d4bdfc,EMP000306,sakshi.thakur.306@company.com,EMPLOYEE,default,False,2026-08-19T10:30:31.609201+00:00,2026-08-19T10:30:31.609201+00:00
6a85866246e7ff0726d4bdfd,EMP000316,vishal.reddy.316@company.com,EMPLOYEE,default,False,2026-08-19T10:30:31.870742+00:00,2026-08-19T10:30:31.870742+00:00
6a85866246e7ff0726d4bdfe,EMP000349,nikhil.pandey.349@company.com,EMPLOYEE,default,False,2026-08-19T10:30:32.357375+00:00,2026-08-19T10:30:32.357375+00:00
6a85866246e7ff0726d4bdff,EMP000355,rakesh.jain.355@company.com,EMPLOYEE,default,False,2026-08-19T10:30:32.959367+00:00,2026-08-19T10:30:32.959367+00:00
6a85866246e7ff0726d4be00,EMP000374,divya.singh.374@company.com,EMPLOYEE,default,False,2026-08-19T10:30:33.520610+00:00,2026-08-19T10:30:33.520610+00:00
6a85866246e7ff0726d4be01,EMP000003,aditya.shah.3@company.com,EMPLOYEE,default,False,2026-08-19T10:30:33.802455+00:00,2026-08-19T10:30:33.802455+00:00
6a85866246e7ff0726d4be02,EMP000013,deepa.saxena.13@company.com,EMPLOYEE,default,False,2026-08-19T10:30:34.114800+00:00,2026-08-19T10:30:34.114800+00:00
6a85866246e7ff0726d4be03,EMP000037,rahul.iyer.37@company.com,EMPLOYEE,default,False,2026-08-19T10:30:34.400780+00:00,2026-08-19T10:30:34.400780+00:00
6a85866246e7ff0726d4be04,EMP000044,sanjana.verma.44@company.com,EMPLOYEE,default,False,2026-08-19T10:30:34.711199+00:00,2026-08-19T10:30:34.711199+00:00
6a85866246e7ff0726d4be05,EMP000045,shreya.mehta.45@company.com,EMPLOYEE,default,False,2026-08-19T10:30:34.982535+00:00,2026-08-19T10:30:34.982535+00:00
6a85866246e7ff0726d4be06,EMP000105,lakshmi.jain.105@company.com,EMPLOYEE,default,False,2026-08-19T10:30:35.241888+00:00,2026-08-19T10:30:35.241888+00:00
6a85866246e7ff0726d4be07,EMP000107,meera.thomas.107@company.com,EMPLOYEE,default,False,2026-08-19T10:30:35.520824+00:00,2026-08-19T10:30:35.520824+00:00
6a85866246e7ff0726d4be08,EMP000116,rahul.reddy.116@company.com,EMPLOYEE,default,False,2026-08-19T10:30:35.792611+00:00,2026-08-19T10:30:35.792611+00:00
6a85866246e7ff0726d4be09,EMP000122,sanjay.joseph.122@company.com,EMPLOYEE,default,False,2026-08-19T10:30:36.108899+00:00,2026-08-19T10:30:36.108899+00:00
6a85866246e7ff0726d4be0a,EMP000131,vivek.gupta.131@company.com,EMPLOYEE,default,False,2026-08-19T10:30:36.377005+00:00,2026-08-19T10:30:36.377005+00:00
6a85866246e7ff0726d4be0b,EMP000180,karan.nair.180@company.com,EMPLOYEE,default,False,2026-08-19T10:30:36.638563+00:00,2026-08-19T10:30:36.638563+00:00
6a85866246e7ff0726d4be0c,EMP000213,abhinav.saxena.213@company.com,EMPLOYEE,default,False,2026-08-19T10:30:36.896614+00:00,2026-08-19T10:30:36.896614+00:00
6a85866246e7ff0726d4be0d,EMP000218,keerthi.chopra.218@company.com,EMPLOYEE,default,False,2026-08-19T10:30:37.164974+00:00,2026-08-19T10:30:37.164974+00:00
6a85866246e7ff0726d4be0e,EMP000227,sakshi.chatterjee.227@company.com,EMPLOYEE,default,False,2026-08-19T10:30:37.424864+00:00,2026-08-19T10:30:37.424864+00:00
6a85866246e7ff0726d4be0f,EMP000248,bhavana.agarwal.248@company.com,EMPLOYEE,default,False,2026-08-19T10:30:37.693436+00:00,2026-08-19T10:30:37.693436+00:00
6a85866246e7ff0726d4be10,EMP000278,rohit.hegde.278@company.com,EMPLOYEE,default,False,2026-08-19T10:30:37.995048+00:00,2026-08-19T10:30:37.995048+00:00
6a85866246e7ff0726d4be11,EMP000300,monica.fernandes.300@company.com,EMPLOYEE,default,False,2026-08-19T10:30:38.265276+00:00,2026-08-19T10:30:38.265276+00:00
6a85866246e7ff0726d4be12,EMP000328,chetan.hegde.328@company.com,EMPLOYEE,default,False,2026-08-19T10:30:38.525629+00:00,2026-08-19T10:30:38.525629+00:00
6a85866246e7ff0726d4be13,EMP000330,dev.nair.330@company.com,EMPLOYEE,default,False,2026-08-19T10:30:38.802852+00:00,2026-08-19T10:30:38.802852+00:00
6a85866246e7ff0726d4be14,EMP000341,krishna.banerjee.341@company.com,EMPLOYEE,default,False,2026-08-19T10:30:39.181131+00:00,2026-08-19T10:30:39.181131+00:00
6a85866246e7ff0726d4be15,EMP000344,meera.verma.344@company.com,EMPLOYEE,default,False,2026-08-19T10:30:39.627501+00:00,2026-08-19T10:30:39.627501+00:00
6a85866246e7ff0726d4be16,EMP000368,vivek.chopra.368@company.com,EMPLOYEE,default,False,2026-08-19T10:30:39.952208+00:00,2026-08-19T10:30:39.952208+00:00
6a85866246e7ff0726d4be17,EMP000014,dev.prasad.14@company.com,EMPLOYEE,default,False,2026-08-19T10:30:40.225894+00:00,2026-08-19T10:30:40.225894+00:00
6a85866246e7ff0726d4be18,EMP000056,anjali.thakur.56@company.com,EMPLOYEE,default,False,2026-08-19T10:30:40.471721+00:00,2026-08-19T10:30:40.471721+00:00
6a85866246e7ff0726d4be19,EMP000062,manasa.kulkarni.62@company.com,EMPLOYEE,default,False,2026-08-19T10:30:40.735815+00:00,2026-08-19T10:30:40.735815+00:00
6a85866246e7ff0726d4be1a,EMP000064,nithin.prasad.64@company.com,EMPLOYEE,default,False,2026-08-19T10:30:41.243008+00:00,2026-08-19T10:30:41.243008+00:00
6a85866246e7ff0726d4be1b,EMP000075,surya.mishra.75@company.com,EMPLOYEE,default,False,2026-08-19T10:30:41.565320+00:00,2026-08-19T10:30:41.565320+00:00
6a85866246e7ff0726d4be1c,EMP000081,aditi.gupta.81@company.com,EMPLOYEE,default,False,2026-08-19T10:30:41.842253+00:00,2026-08-19T10:30:41.842253+00:00
6a85866246e7ff0726d4be1d,EMP000082,aditya.das.82@company.com,EMPLOYEE,default,False,2026-08-19T10:30:42.255454+00:00,2026-08-19T10:30:42.255454+00:00
6a85866246e7ff0726d4be1e,EMP000088,arnav.kapoor.88@company.com,EMPLOYEE,default,False,2026-08-19T10:30:42.561373+00:00,2026-08-19T10:30:42.561373+00:00
6a85866246e7ff0726d4be1f,EMP000101,karan.sharma.101@company.com,EMPLOYEE,default,False,2026-08-19T10:30:42.856545+00:00,2026-08-19T10:30:42.856545+00:00
6a85866246e7ff0726d4be20,EMP000111,neha.malhotra.111@company.com,EMPLOYEE,default,False,2026-08-19T10:30:43.150760+00:00,2026-08-19T10:30:43.150760+00:00
6a85866246e7ff0726d4be21,EMP000113,pooja.saxena.113@company.com,EMPLOYEE,default,False,2026-08-19T10:30:43.429338+00:00,2026-08-19T10:30:43.429338+00:00
6a85866246e7ff0726d4be22,EMP000114,pranav.prasad.114@company.com,EMPLOYEE,default,False,2026-08-19T10:30:43.721303+00:00,2026-08-19T10:30:43.721303+00:00
6a85866246e7ff0726d4be23,EMP000120,rohit.sinha.120@company.com,EMPLOYEE,default,False,2026-08-19T10:30:44.003744+00:00,2026-08-19T10:30:44.003744+00:00
6a85866246e7ff0726d4be24,EMP000136,anirudh.george.136@company.com,EMPLOYEE,default,False,2026-08-19T10:30:44.273903+00:00,2026-08-19T10:30:44.273903+00:00
6a85866246e7ff0726d4be25,EMP000141,manasa.banerjee.141@company.com,EMPLOYEE,default,False,2026-08-19T10:30:44.966263+00:00,2026-08-19T10:30:44.966263+00:00
6a85866246e7ff0726d4be26,EMP000151,shyam.sharma.151@company.com,EMPLOYEE,default,False,2026-08-19T10:30:45.262902+00:00,2026-08-19T10:30:45.262902+00:00
6a85866246e7ff0726d4be27,EMP000220,manasa.sinha.220@company.com,EMPLOYEE,default,False,2026-08-19T10:30:45.528298+00:00,2026-08-19T10:30:45.528298+00:00
6a85866246e7ff0726d4be28,EMP000228,sameer.hegde.228@company.com,EMPLOYEE,default,False,2026-08-19T10:30:45.786815+00:00,2026-08-19T10:30:45.786815+00:00
6a85866246e7ff0726d4be29,EMP000229,shalini.mathew.229@company.com,EMPLOYEE,default,False,2026-08-19T10:30:46.076790+00:00,2026-08-19T10:30:46.076790+00:00
6a85866246e7ff0726d4be2a,EMP000231,siddharth.gupta.231@company.com,EMPLOYEE,default,False,2026-08-19T10:30:46.347345+00:00,2026-08-19T10:30:46.347345+00:00
6a85866246e7ff0726d4be2b,EMP000261,kiran.malhotra.261@company.com,EMPLOYEE,default,False,2026-08-19T10:30:46.662622+00:00,2026-08-19T10:30:46.662622+00:00
6a85866246e7ff0726d4be2c,EMP000274,rahul.singh.274@company.com,EMPLOYEE,default,False,2026-08-19T10:30:47.005276+00:00,2026-08-19T10:30:47.005276+00:00
6a85866246e7ff0726d4be2d,EMP000280,sanjay.nair.280@company.com,EMPLOYEE,default,False,2026-08-19T10:30:47.625515+00:00,2026-08-19T10:30:47.625515+00:00
6a85866246e7ff0726d4be2e,EMP000319,aditya.desai.319@company.com,EMPLOYEE,default,False,2026-08-19T10:30:47.941289+00:00,2026-08-19T10:30:47.941289+00:00
6a85866246e7ff0726d4be2f,EMP000336,ishaan.george.336@company.com,EMPLOYEE,default,False,2026-08-19T10:30:48.215943+00:00,2026-08-19T10:30:48.215943+00:00
6a85866246e7ff0726d4be30,EMP000346,nandini.pillai.346@company.com,EMPLOYEE,default,False,2026-08-19T10:30:48.533586+00:00,2026-08-19T10:30:48.533586+00:00
6a85866246e7ff0726d4be31,EMP000348,neha.agarwal.348@company.com,EMPLOYEE,default,False,2026-08-19T10:30:48.850688+00:00,2026-08-19T10:30:48.850688+00:00
6a85866246e7ff0726d4be32,EMP000016,esha.reddy.16@company.com,EMPLOYEE,default,False,2026-08-19T10:30:49.226517+00:00,2026-08-19T10:30:49.226517+00:00
6a85866246e7ff0726d4be33,EMP000017,gaurav.kumar.17@company.com,EMPLOYEE,default,False,2026-08-19T10:30:49.669498+00:00,2026-08-19T10:30:49.669498+00:00
6a85866246e7ff0726d4be34,EMP000030,nandini.nair.30@company.com,EMPLOYEE,default,False,2026-08-19T10:30:49.957808+00:00,2026-08-19T10:30:49.957808+00:00
6a85866246e7ff0726d4be35,EMP000036,priya.george.36@company.com,EMPLOYEE,default,False,2026-08-19T10:30:50.303143+00:00,2026-08-19T10:30:50.303143+00:00
6a85866246e7ff0726d4be36,EMP000041,rohit.banerjee.41@company.com,EMPLOYEE,default,False,2026-08-19T10:30:50.648724+00:00,2026-08-19T10:30:50.648724+00:00
6a85866246e7ff0726d4be37,EMP000047,srinivas.shetty.47@company.com,EMPLOYEE,default,False,2026-08-19T10:30:51.025168+00:00,2026-08-19T10:30:51.025168+00:00
6a85866246e7ff0726d4be38,EMP000066,pradeep.reddy.66@company.com,EMPLOYEE,default,False,2026-08-19T10:30:51.325565+00:00,2026-08-19T10:30:51.325565+00:00
6a85866246e7ff0726d4be39,EMP000073,siddharth.menon.73@company.com,EMPLOYEE,default,False,2026-08-19T10:30:51.578951+00:00,2026-08-19T10:30:51.578951+00:00
6a85866246e7ff0726d4be3a,EMP000098,isha.agarwal.98@company.com,EMPLOYEE,default,False,2026-08-19T10:30:51.895544+00:00,2026-08-19T10:30:51.895544+00:00
6a85866246e7ff0726d4be3b,EMP000102,kavya.patel.102@company.com,EMPLOYEE,default,False,2026-08-19T10:30:52.330887+00:00,2026-08-19T10:30:52.330887+00:00
6a85866246e7ff0726d4be3c,EMP000127,swathi.chatterjee.127@company.com,EMPLOYEE,default,False,2026-08-19T10:30:52.644220+00:00,2026-08-19T10:30:52.644220+00:00
6a85866246e7ff0726d4be3d,EMP000161,aditya.malhotra.161@company.com,EMPLOYEE,default,False,2026-08-19T10:30:52.925344+00:00,2026-08-19T10:30:52.925344+00:00
6a85866246e7ff0726d4be3e,EMP000164,amara.prasad.164@company.com,EMPLOYEE,default,False,2026-08-19T10:30:53.176479+00:00,2026-08-19T10:30:53.176479+00:00
6a85866246e7ff0726d4be3f,EMP000169,bhavana.desai.169@company.com,EMPLOYEE,default,False,2026-08-19T10:30:53.468121+00:00,2026-08-19T10:30:53.468121+00:00
6a85866246e7ff0726d4be40,EMP000188,nandini.kapoor.188@company.com,EMPLOYEE,default,False,2026-08-19T10:30:53.716950+00:00,2026-08-19T10:30:53.716950+00:00
6a85866246e7ff0726d4be41,EMP000189,naveen.bose.189@company.com,EMPLOYEE,default,False,2026-08-19T10:30:53.996833+00:00,2026-08-19T10:30:53.996833+00:00
6a85866246e7ff0726d4be42,EMP000193,pranav.dsouza.193@company.com,EMPLOYEE,default,False,2026-08-19T10:30:54.265439+00:00,2026-08-19T10:30:54.265439+00:00
6a85866246e7ff0726d4be43,EMP000236,vidya.george.236@company.com,EMPLOYEE,default,False,2026-08-19T10:30:54.547507+00:00,2026-08-19T10:30:54.547507+00:00
6a85866246e7ff0726d4be44,EMP000262,krishna.kulkarni.262@company.com,EMPLOYEE,default,False,2026-08-19T10:30:54.801728+00:00,2026-08-19T10:30:54.801728+00:00
6a85866246e7ff0726d4be45,EMP000311,simran.malhotra.311@company.com,EMPLOYEE,default,False,2026-08-19T10:30:55.165778+00:00,2026-08-19T10:30:55.165778+00:00
6a85866246e7ff0726d4be46,EMP000315,vidya.roy.315@company.com,EMPLOYEE,default,False,2026-08-19T10:30:55.565906+00:00,2026-08-19T10:30:55.565906+00:00
6a85866246e7ff0726d4be47,EMP000340,kiran.naidu.340@company.com,EMPLOYEE,default,False,2026-08-19T10:30:55.816931+00:00,2026-08-19T10:30:55.816931+00:00
6a85866246e7ff0726d4be48,EMP000345,mohan.mehta.345@company.com,EMPLOYEE,default,False,2026-08-19T10:30:56.148073+00:00,2026-08-19T10:30:56.148073+00:00
6a85866246e7ff0726d4be49,EMP000002,aditi.patel.2@company.com,EMPLOYEE,default,False,2026-08-19T10:30:56.614074+00:00,2026-08-19T10:30:56.614074+00:00
6a85866246e7ff0726d4be4a,EMP000007,ananya.thomas.7@company.com,EMPLOYEE,default,False,2026-08-19T10:30:57.692402+00:00,2026-08-19T10:30:57.692402+00:00
6a85866246e7ff0726d4be4b,EMP000015,diya.roy.15@company.com,EMPLOYEE,default,False,2026-08-19T10:30:58.149694+00:00,2026-08-19T10:30:58.149694+00:00
6a85866246e7ff0726d4be4c,EMP000039,rakesh.bose.39@company.com,EMPLOYEE,default,False,2026-08-19T10:30:58.778676+00:00,2026-08-19T10:30:58.778676+00:00
6a85866246e7ff0726d4be4d,EMP000069,sakshi.desai.69@company.com,EMPLOYEE,default,False,2026-08-19T10:30:59.377423+00:00,2026-08-19T10:30:59.377423+00:00
6a85866246e7ff0726d4be4e,EMP000076,vaishnavi.varma.76@company.com,EMPLOYEE,default,False,2026-08-19T10:30:59.957125+00:00,2026-08-19T10:30:59.957125+00:00
6a85866246e7ff0726d4be4f,EMP000077,vasudha.chatterjee.77@company.com,EMPLOYEE,default,False,2026-08-19T10:31:01.174394+00:00,2026-08-19T10:31:01.174394+00:00
6a85866246e7ff0726d4be50,EMP000087,arjun.iyer.87@company.com,EMPLOYEE,default,False,2026-08-19T10:31:01.801774+00:00,2026-08-19T10:31:01.801774+00:00
6a85866246e7ff0726d4be51,EMP000099,ishaan.pandey.99@company.com,EMPLOYEE,default,False,2026-08-19T10:31:02.663145+00:00,2026-08-19T10:31:02.663145+00:00
6a85866246e7ff0726d4be52,EMP000112,nikhil.kulkarni.112@company.com,EMPLOYEE,default,False,2026-08-19T10:31:03.066389+00:00,2026-08-19T10:31:03.066389+00:00
6a85866246e7ff0726d4be53,EMP000174,esha.singh.174@company.com,EMPLOYEE,default,False,2026-08-19T10:31:03.416367+00:00,2026-08-19T10:31:03.416367+00:00
6a85866246e7ff0726d4be54,EMP000204,sneha.bhat.204@company.com,EMPLOYEE,default,False,2026-08-19T10:31:03.836680+00:00,2026-08-19T10:31:03.836680+00:00
6a85866246e7ff0726d4be55,EMP000219,madhav.desai.219@company.com,EMPLOYEE,default,False,2026-08-19T10:31:04.328912+00:00,2026-08-19T10:31:04.328912+00:00
6a85866246e7ff0726d4be56,EMP000226,rohan.varma.226@company.com,EMPLOYEE,default,False,2026-08-19T10:31:04.763142+00:00,2026-08-19T10:31:04.763142+00:00
6a85866246e7ff0726d4be57,EMP000264,manish.prasad.264@company.com,EMPLOYEE,default,False,2026-08-19T10:31:05.271014+00:00,2026-08-19T10:31:05.271014+00:00
6a85866246e7ff0726d4be58,EMP000290,yash.naidu.290@company.com,EMPLOYEE,default,False,2026-08-19T10:31:05.657919+00:00,2026-08-19T10:31:05.657919+00:00
6a85866246e7ff0726d4be59,EMP000302,pallavi.patel.302@company.com,EMPLOYEE,default,False,2026-08-19T10:31:06.028958+00:00,2026-08-19T10:31:06.028958+00:00
6a85866246e7ff0726d4be5a,EMP000308,shalini.sen.308@company.com,EMPLOYEE,default,False,2026-08-19T10:31:06.431662+00:00,2026-08-19T10:31:06.431662+00:00
6a85866246e7ff0726d4be5b,EMP000320,akash.sinha.320@company.com,EMPLOYEE,default,False,2026-08-19T10:31:06.854106+00:00,2026-08-19T10:31:06.854106+00:00
6a85866246e7ff0726d4be5c,EMP000325,arnav.mishra.325@company.com,EMPLOYEE,default,False,2026-08-19T10:31:07.142576+00:00,2026-08-19T10:31:07.142576+00:00
6a85866246e7ff0726d4be5d,EMP000358,sahana.sen.358@company.com,EMPLOYEE,default,False,2026-08-19T10:31:07.400522+00:00,2026-08-19T10:31:07.400522+00:00
6a85866246e7ff0726d4be5e,EMP000033,nikhil.krishnan.33@company.com,EMPLOYEE,default,False,2026-08-19T10:31:07.657301+00:00,2026-08-19T10:31:07.657301+00:00
6a85866246e7ff0726d4be5f,EMP000043,sanjay.dsouza.43@company.com,EMPLOYEE,default,False,2026-08-19T10:31:07.952865+00:00,2026-08-19T10:31:07.952865+00:00
6a85866246e7ff0726d4be60,EMP000094,diya.verma.94@company.com,EMPLOYEE,default,False,2026-08-19T10:31:08.349801+00:00,2026-08-19T10:31:08.349801+00:00
6a85866246e7ff0726d4be61,EMP000124,shreya.singh.124@company.com,EMPLOYEE,default,False,2026-08-19T10:31:08.620380+00:00,2026-08-19T10:31:08.620380+00:00
6a85866246e7ff0726d4be62,EMP000126,srinivas.varma.126@company.com,EMPLOYEE,default,False,2026-08-19T10:31:09.020483+00:00,2026-08-19T10:31:09.020483+00:00
6a85866246e7ff0726d4be63,EMP000147,rohan.shetty.147@company.com,EMPLOYEE,default,False,2026-08-19T10:31:09.348243+00:00,2026-08-19T10:31:09.348243+00:00
6a85866246e7ff0726d4be64,EMP000154,surya.bhat.154@company.com,EMPLOYEE,default,False,2026-08-19T10:31:09.611595+00:00,2026-08-19T10:31:09.611595+00:00
6a85866246e7ff0726d4be65,EMP000183,krishna.krishnan.183@company.com,EMPLOYEE,default,False,2026-08-19T10:31:09.929998+00:00,2026-08-19T10:31:09.929998+00:00
6a85866246e7ff0726d4be66,EMP000197,rakesh.shetty.197@company.com,EMPLOYEE,default,False,2026-08-19T10:31:10.303255+00:00,2026-08-19T10:31:10.303255+00:00
6a85866246e7ff0726d4be67,EMP000214,anjali.prasad.214@company.com,EMPLOYEE,default,False,2026-08-19T10:31:10.626806+00:00,2026-08-19T10:31:10.626806+00:00
6a85866246e7ff0726d4be68,EMP000222,nithin.joseph.222@company.com,EMPLOYEE,default,False,2026-08-19T10:31:10.960411+00:00,2026-08-19T10:31:10.960411+00:00
6a85866246e7ff0726d4be69,EMP000253,esha.shah.253@company.com,EMPLOYEE,default,False,2026-08-19T10:31:11.294720+00:00,2026-08-19T10:31:11.294720+00:00
6a85866246e7ff0726d4be6a,EMP000254,gaurav.bhat.254@company.com,EMPLOYEE,default,False,2026-08-19T10:31:11.598978+00:00,2026-08-19T10:31:11.598978+00:00
6a85866246e7ff0726d4be6b,EMP000256,isha.thakur.256@company.com,EMPLOYEE,default,False,2026-08-19T10:31:11.883721+00:00,2026-08-19T10:31:11.883721+00:00
6a85866246e7ff0726d4be6c,EMP000310,siddharth.joshi.310@company.com,EMPLOYEE,default,False,2026-08-19T10:31:12.396317+00:00,2026-08-19T10:31:12.396317+00:00
6a85866246e7ff0726d4be6d,EMP000317,aarav.kumar.317@company.com,EMPLOYEE,default,False,2026-08-19T10:31:13.313903+00:00,2026-08-19T10:31:13.313903+00:00
6a85866246e7ff0726d4be6e,EMP000326,ashwin.varma.326@company.com,EMPLOYEE,default,False,2026-08-19T10:31:13.750605+00:00,2026-08-19T10:31:13.750605+00:00
6a85866246e7ff0726d4be6f,EMP000335,isha.tripathi.335@company.com,EMPLOYEE,default,False,2026-08-19T10:31:14.196374+00:00,2026-08-19T10:31:14.196374+00:00
6a85866246e7ff0726d4be70,EMP000343,manish.dsouza.343@company.com,EMPLOYEE,default,False,2026-08-19T10:31:14.620697+00:00,2026-08-19T10:31:14.620697+00:00
6a85866246e7ff0726d4be71,EMP000361,shreya.malhotra.361@company.com,EMPLOYEE,default,False,2026-08-19T10:31:15.080382+00:00,2026-08-19T10:31:15.080382+00:00
6a85866246e7ff0726d4be72,EMP000362,sneha.kulkarni.362@company.com,EMPLOYEE,default,False,2026-08-19T10:31:15.461632+00:00,2026-08-19T10:31:15.461632+00:00
6a85866246e7ff0726d4be73,EMP000026,lakshmi.varma.26@company.com,EMPLOYEE,default,False,2026-08-19T10:31:15.801688+00:00,2026-08-19T10:31:15.801688+00:00
6a85866246e7ff0726d4be74,EMP000035,pranav.tripathi.35@company.com,EMPLOYEE,default,False,2026-08-19T10:31:16.180000+00:00,2026-08-19T10:31:16.180000+00:00
6a85866246e7ff0726d4be75,EMP000090,bhavana.naidu.90@company.com,EMPLOYEE,default,False,2026-08-19T10:31:16.545775+00:00,2026-08-19T10:31:16.545775+00:00
6a85866246e7ff0726d4be76,EMP000155,vaishnavi.jain.155@company.com,EMPLOYEE,default,False,2026-08-19T10:31:16.886983+00:00,2026-08-19T10:31:16.886983+00:00
6a85866246e7ff0726d4be77,EMP000156,vasudha.thakur.156@company.com,EMPLOYEE,default,False,2026-08-19T10:31:17.230820+00:00,2026-08-19T10:31:17.230820+00:00
6a85866246e7ff0726d4be78,EMP000158,vishal.sen.158@company.com,EMPLOYEE,default,False,2026-08-19T10:31:17.577747+00:00,2026-08-19T10:31:17.577747+00:00
6a85866246e7ff0726d4be79,EMP000170,chetan.sinha.170@company.com,EMPLOYEE,default,False,2026-08-19T10:31:17.888795+00:00,2026-08-19T10:31:17.888795+00:00
6a85866246e7ff0726d4be7a,EMP000191,nikhil.banerjee.191@company.com,EMPLOYEE,default,False,2026-08-19T10:31:18.409039+00:00,2026-08-19T10:31:18.409039+00:00
6a85866246e7ff0726d4be7b,EMP000212,zoya.kulkarni.212@company.com,EMPLOYEE,default,False,2026-08-19T10:31:18.744904+00:00,2026-08-19T10:31:18.744904+00:00
6a85866246e7ff0726d4be7c,EMP000232,simran.das.232@company.com,EMPLOYEE,default,False,2026-08-19T10:31:19.269240+00:00,2026-08-19T10:31:19.269240+00:00
6a85866246e7ff0726d4be7d,EMP000247,ashwin.shetty.247@company.com,EMPLOYEE,default,False,2026-08-19T10:31:19.602097+00:00,2026-08-19T10:31:19.602097+00:00
6a85866246e7ff0726d4be7e,EMP000276,rakesh.varma.276@company.com,EMPLOYEE,default,False,2026-08-19T10:31:19.993262+00:00,2026-08-19T10:31:19.993262+00:00
6a85866246e7ff0726d4be7f,EMP000293,anjali.dsouza.293@company.com,EMPLOYEE,default,False,2026-08-19T10:31:20.352900+00:00,2026-08-19T10:31:20.352900+00:00
6a85866246e7ff0726d4be80,EMP000313,vaishnavi.saxena.313@company.com,EMPLOYEE,default,False,2026-08-19T10:31:20.690615+00:00,2026-08-19T10:31:20.690615+00:00
6a85866246e7ff0726d4be81,EMP000323,ananya.menon.323@company.com,EMPLOYEE,default,False,2026-08-19T10:31:21.040241+00:00,2026-08-19T10:31:21.040241+00:00
6a85866246e7ff0726d4be82,EMP000329,deepa.mathew.329@company.com,EMPLOYEE,default,False,2026-08-19T10:31:21.542755+00:00,2026-08-19T10:31:21.542755+00:00
6a85866246e7ff0726d4be83,EMP000338,karan.kapoor.338@company.com,EMPLOYEE,default,False,2026-08-19T10:31:21.955495+00:00,2026-08-19T10:31:21.955495+00:00
6a85866246e7ff0726d4be84,EMP000350,pooja.fernandes.350@company.com,EMPLOYEE,default,False,2026-08-19T10:31:22.402288+00:00,2026-08-19T10:31:22.402288+00:00
6a85866246e7ff0726d4be85,EMP000366,varun.reddy.366@company.com,EMPLOYEE,default,False,2026-08-19T10:31:22.800005+00:00,2026-08-19T10:31:22.800005+00:00
6a85866246e7ff0726d4be86,EMP000367,vikram.kumar.367@company.com,EMPLOYEE,default,False,2026-08-19T10:31:23.283266+00:00,2026-08-19T10:31:23.283266+00:00
6a85866246e7ff0726d4be87,EMP000068,rohan.chopra.68@company.com,EMPLOYEE,default,False,2026-08-19T10:31:23.662074+00:00,2026-08-19T10:31:23.662074+00:00
6a85866246e7ff0726d4be88,EMP000091,chetan.banerjee.91@company.com,EMPLOYEE,default,False,2026-08-19T10:31:23.939971+00:00,2026-08-19T10:31:23.939971+00:00
6a85866246e7ff0726d4be89,EMP000106,manish.thakur.106@company.com,EMPLOYEE,default,False,2026-08-19T10:31:24.311711+00:00,2026-08-19T10:31:24.311711+00:00
6a85866246e7ff0726d4be8a,EMP000135,anjali.tripathi.135@company.com,EMPLOYEE,default,False,2026-08-19T10:31:24.754498+00:00,2026-08-19T10:31:24.754498+00:00
6a85866246e7ff0726d4be8b,EMP000140,madhav.naidu.140@company.com,EMPLOYEE,default,False,2026-08-19T10:31:25.112273+00:00,2026-08-19T10:31:25.112273+00:00
6a85866246e7ff0726d4be8c,EMP000178,ishaan.hegde.178@company.com,EMPLOYEE,default,False,2026-08-19T10:31:25.572741+00:00,2026-08-19T10:31:25.572741+00:00
6a85866246e7ff0726d4be8d,EMP000179,jahnavi.mathew.179@company.com,EMPLOYEE,default,False,2026-08-19T10:31:25.891651+00:00,2026-08-19T10:31:25.891651+00:00
6a85866246e7ff0726d4be8e,EMP000187,mohan.iyer.187@company.com,EMPLOYEE,default,False,2026-08-19T10:31:26.218666+00:00,2026-08-19T10:31:26.218666+00:00
6a85866246e7ff0726d4be8f,EMP000216,divya.reddy.216@company.com,EMPLOYEE,default,False,2026-08-19T10:31:26.528440+00:00,2026-08-19T10:31:26.528440+00:00
6a85866246e7ff0726d4be90,EMP000245,arjun.mehta.245@company.com,EMPLOYEE,default,False,2026-08-19T10:31:26.845850+00:00,2026-08-19T10:31:26.845850+00:00
6a85866246e7ff0726d4be91,EMP000268,naveen.chopra.268@company.com,EMPLOYEE,default,False,2026-08-19T10:31:27.118324+00:00,2026-08-19T10:31:27.118324+00:00
6a85866246e7ff0726d4be92,EMP000269,neha.desai.269@company.com,EMPLOYEE,default,False,2026-08-19T10:31:27.373493+00:00,2026-08-19T10:31:27.373493+00:00
6a85866246e7ff0726d4be93,EMP000273,priya.menon.273@company.com,EMPLOYEE,default,False,2026-08-19T10:31:27.638788+00:00,2026-08-19T10:31:27.638788+00:00
6a85866246e7ff0726d4be94,EMP000277,riya.chatterjee.277@company.com,EMPLOYEE,default,False,2026-08-19T10:31:27.883976+00:00,2026-08-19T10:31:27.883976+00:00
6a85866246e7ff0726d4be95,EMP000298,madhav.agarwal.298@company.com,EMPLOYEE,default,False,2026-08-19T10:31:28.169692+00:00,2026-08-19T10:31:28.169692+00:00
6a85866246e7ff0726d4be96,EMP000318,aditi.chopra.318@company.com,EMPLOYEE,default,False,2026-08-19T10:31:28.432422+00:00,2026-08-19T10:31:28.432422+00:00
6a85866246e7ff0726d4be97,EMP000322,amara.joseph.322@company.com,EMPLOYEE,default,False,2026-08-19T10:31:28.707596+00:00,2026-08-19T10:31:28.707596+00:00
6a85866246e7ff0726d4be98,EMP000354,raj.bhat.354@company.com,EMPLOYEE,default,False,2026-08-19T10:31:29.020946+00:00,2026-08-19T10:31:29.020946+00:00
6a85866246e7ff0726d4be99,EMP000006,amara.thakur.6@company.com,EMPLOYEE,default,False,2026-08-19T10:31:29.696602+00:00,2026-08-19T10:31:29.696602+00:00
6a85866246e7ff0726d4be9a,EMP000018,harish.chopra.18@company.com,EMPLOYEE,default,False,2026-08-19T10:31:29.968220+00:00,2026-08-19T10:31:29.968220+00:00
6a85866246e7ff0726d4be9b,EMP000027,manish.chatterjee.27@company.com,EMPLOYEE,default,False,2026-08-19T10:31:30.335044+00:00,2026-08-19T10:31:30.335044+00:00
6a85866246e7ff0726d4be9c,EMP000034,pooja.mukherjee.34@company.com,EMPLOYEE,default,False,2026-08-19T10:31:30.744553+00:00,2026-08-19T10:31:30.744553+00:00
6a85866246e7ff0726d4be9d,EMP000038,raj.kapoor.38@company.com,EMPLOYEE,default,False,2026-08-19T10:31:31.067978+00:00,2026-08-19T10:31:31.067978+00:00
6a85866246e7ff0726d4be9e,EMP000050,varun.fernandes.50@company.com,EMPLOYEE,default,False,2026-08-19T10:31:31.431346+00:00,2026-08-19T10:31:31.431346+00:00
6a85866246e7ff0726d4be9f,EMP000095,esha.mehta.95@company.com,EMPLOYEE,default,False,2026-08-19T10:31:31.790083+00:00,2026-08-19T10:31:31.790083+00:00
6a85866246e7ff0726d4bea0,EMP000117,raj.kumar.117@company.com,EMPLOYEE,default,False,2026-08-19T10:31:32.117754+00:00,2026-08-19T10:31:32.117754+00:00
6a85866246e7ff0726d4bea1,EMP000130,vikram.nair.130@company.com,EMPLOYEE,default,False,2026-08-19T10:31:32.455434+00:00,2026-08-19T10:31:32.455434+00:00
6a85866246e7ff0726d4bea2,EMP000132,yash.das.132@company.com,EMPLOYEE,default,False,2026-08-19T10:31:32.947419+00:00,2026-08-19T10:31:32.947419+00:00
6a85866246e7ff0726d4bea3,EMP000149,sameer.pandey.149@company.com,EMPLOYEE,default,False,2026-08-19T10:31:33.319638+00:00,2026-08-19T10:31:33.319638+00:00
6a85866246e7ff0726d4bea4,EMP000166,arjun.reddy.166@company.com,EMPLOYEE,default,False,2026-08-19T10:31:33.652418+00:00,2026-08-19T10:31:33.652418+00:00
6a85866246e7ff0726d4bea5,EMP000167,arnav.kumar.167@company.com,EMPLOYEE,default,False,2026-08-19T10:31:33.989463+00:00,2026-08-19T10:31:33.989463+00:00
6a85866246e7ff0726d4bea6,EMP000175,gaurav.mishra.175@company.com,EMPLOYEE,default,False,2026-08-19T10:31:34.387254+00:00,2026-08-19T10:31:34.387254+00:00
6a85866246e7ff0726d4bea7,EMP000184,lakshmi.mukherjee.184@company.com,EMPLOYEE,default,False,2026-08-19T10:31:34.738528+00:00,2026-08-19T10:31:34.738528+00:00
6a85866246e7ff0726d4bea8,EMP000195,rahul.mehta.195@company.com,EMPLOYEE,default,False,2026-08-19T10:31:35.060267+00:00,2026-08-19T10:31:35.060267+00:00
6a85866246e7ff0726d4bea9,EMP000199,rohit.pandey.199@company.com,EMPLOYEE,default,False,2026-08-19T10:31:35.467905+00:00,2026-08-19T10:31:35.467905+00:00
6a85866246e7ff0726d4beaa,EMP000207,tanvi.thomas.207@company.com,EMPLOYEE,default,False,2026-08-19T10:31:35.797101+00:00,2026-08-19T10:31:35.797101+00:00
6a85866246e7ff0726d4beab,EMP000225,reshma.mishra.225@company.com,EMPLOYEE,default,False,2026-08-19T10:31:36.219537+00:00,2026-08-19T10:31:36.219537+00:00
6a85866246e7ff0726d4beac,EMP000238,aarav.kapoor.238@company.com,EMPLOYEE,default,False,2026-08-19T10:31:36.574452+00:00,2026-08-19T10:31:36.574452+00:00
6a85866246e7ff0726d4bead,EMP000241,akash.banerjee.241@company.com,EMPLOYEE,default,False,2026-08-19T10:31:36.821066+00:00,2026-08-19T10:31:36.821066+00:00
6a85866246e7ff0726d4beae,EMP000251,dev.sharma.251@company.com,EMPLOYEE,default,False,2026-08-19T10:31:37.091597+00:00,2026-08-19T10:31:37.091597+00:00
6a85866246e7ff0726d4beaf,EMP000252,diya.patel.252@company.com,EMPLOYEE,default,False,2026-08-19T10:31:37.341476+00:00,2026-08-19T10:31:37.341476+00:00
6a85866246e7ff0726d4beb0,EMP000267,nandini.kumar.267@company.com,EMPLOYEE,default,False,2026-08-19T10:31:37.594167+00:00,2026-08-19T10:31:37.594167+00:00
6a85866246e7ff0726d4beb1,EMP000279,sahana.mathew.279@company.com,EMPLOYEE,default,False,2026-08-19T10:31:37.852551+00:00,2026-08-19T10:31:37.852551+00:00
6a85866246e7ff0726d4beb2,EMP000281,sanjana.gupta.281@company.com,EMPLOYEE,default,False,2026-08-19T10:31:38.127282+00:00,2026-08-19T10:31:38.127282+00:00
6a85866246e7ff0726d4beb3,EMP000283,sneha.krishnan.283@company.com,EMPLOYEE,default,False,2026-08-19T10:31:38.627690+00:00,2026-08-19T10:31:38.627690+00:00
6a85866246e7ff0726d4beb4,EMP000297,keerthi.shetty.297@company.com,EMPLOYEE,default,False,2026-08-19T10:31:38.925675+00:00,2026-08-19T10:31:38.925675+00:00
6a85866246e7ff0726d4beb5,EMP000305,rohan.jain.305@company.com,EMPLOYEE,default,False,2026-08-19T10:31:39.201297+00:00,2026-08-19T10:31:39.201297+00:00
6a85866246e7ff0726d4beb6,EMP000337,jahnavi.iyer.337@company.com,EMPLOYEE,default,False,2026-08-19T10:31:39.464172+00:00,2026-08-19T10:31:39.464172+00:00
6a85866246e7ff0726d4beb7,EMP000351,pranav.sharma.351@company.com,EMPLOYEE,default,False,2026-08-19T10:31:39.737084+00:00,2026-08-19T10:31:39.737084+00:00
6a85866246e7ff0726d4beb8,EMP000357,rohit.thomas.357@company.com,EMPLOYEE,default,False,2026-08-19T10:31:40.157509+00:00,2026-08-19T10:31:40.157509+00:00
6a85866246e7ff0726d4beb9,EMP000021,jahnavi.gowda.21@company.com,EMPLOYEE,default,False,2026-08-19T10:31:40.547613+00:00,2026-08-19T10:31:40.547613+00:00
6a85866246e7ff0726d4beba,EMP000023,kavya.menon.23@company.com,EMPLOYEE,default,False,2026-08-19T10:31:40.844855+00:00,2026-08-19T10:31:40.844855+00:00
6a85866246e7ff0726d4bebb,EMP000029,mohan.mathew.29@company.com,EMPLOYEE,default,False,2026-08-19T10:31:41.180744+00:00,2026-08-19T10:31:41.180744+00:00
6a85866246e7ff0726d4bebc,EMP000040,riya.naidu.40@company.com,EMPLOYEE,default,False,2026-08-19T10:31:41.470168+00:00,2026-08-19T10:31:41.470168+00:00
6a85866246e7ff0726d4bebd,EMP000048,swathi.agarwal.48@company.com,EMPLOYEE,default,False,2026-08-19T10:31:41.769374+00:00,2026-08-19T10:31:41.769374+00:00
6a85866246e7ff0726d4bebe,EMP000055,abhinav.jain.55@company.com,EMPLOYEE,default,False,2026-08-19T10:31:42.110417+00:00,2026-08-19T10:31:42.110417+00:00
6a85866246e7ff0726d4bebf,EMP000063,monica.saxena.63@company.com,EMPLOYEE,default,False,2026-08-19T10:31:42.542183+00:00,2026-08-19T10:31:42.542183+00:00
6a85866246e7ff0726d4bec0,EMP000074,simran.singh.74@company.com,EMPLOYEE,default,False,2026-08-19T10:31:43.174161+00:00,2026-08-19T10:31:43.174161+00:00
6a85866246e7ff0726d4bec1,EMP000089,ashwin.bose.89@company.com,EMPLOYEE,default,False,2026-08-19T10:31:43.577700+00:00,2026-08-19T10:31:43.577700+00:00
6a85866246e7ff0726d4bec2,EMP000129,varun.mathew.129@company.com,EMPLOYEE,default,False,2026-08-19T10:31:43.941362+00:00,2026-08-19T10:31:43.941362+00:00
6a85866246e7ff0726d4bec3,EMP000139,keerthi.bose.139@company.com,EMPLOYEE,default,False,2026-08-19T10:31:44.229188+00:00,2026-08-19T10:31:44.229188+00:00
6a85866246e7ff0726d4bec4,EMP000144,pallavi.verma.144@company.com,EMPLOYEE,default,False,2026-08-19T10:31:44.536398+00:00,2026-08-19T10:31:44.536398+00:00
6a85866246e7ff0726d4bec5,EMP000148,sakshi.agarwal.148@company.com,EMPLOYEE,default,False,2026-08-19T10:31:44.987970+00:00,2026-08-19T10:31:44.987970+00:00
6a85866246e7ff0726d4bec6,EMP000160,aditi.joshi.160@company.com,EMPLOYEE,default,False,2026-08-19T10:31:45.354250+00:00,2026-08-19T10:31:45.354250+00:00
6a85866246e7ff0726d4bec7,EMP000165,ananya.roy.165@company.com,EMPLOYEE,default,False,2026-08-19T10:31:45.679586+00:00,2026-08-19T10:31:45.679586+00:00
6a85866246e7ff0726d4bec8,EMP000177,isha.chatterjee.177@company.com,EMPLOYEE,default,False,2026-08-19T10:31:46.102266+00:00,2026-08-19T10:31:46.102266+00:00
6a85866246e7ff0726d4bec9,EMP000181,kavya.gupta.181@company.com,EMPLOYEE,default,False,2026-08-19T10:31:46.399217+00:00,2026-08-19T10:31:46.399217+00:00
6a85866246e7ff0726d4beca,EMP000185,manish.tripathi.185@company.com,EMPLOYEE,default,False,2026-08-19T10:31:46.659735+00:00,2026-08-19T10:31:46.659735+00:00
6a85866246e7ff0726d4becb,EMP000198,riya.agarwal.198@company.com,EMPLOYEE,default,False,2026-08-19T10:31:46.930793+00:00,2026-08-19T10:31:46.930793+00:00
6a85866246e7ff0726d4becc,EMP000211,yash.malhotra.211@company.com,EMPLOYEE,default,False,2026-08-19T10:31:47.236795+00:00,2026-08-19T10:31:47.236795+00:00
6a85866246e7ff0726d4becd,EMP000223,pallavi.menon.223@company.com,EMPLOYEE,default,False,2026-08-19T10:31:47.624712+00:00,2026-08-19T10:31:47.624712+00:00
6a85866246e7ff0726d4bece,EMP000250,deepa.fernandes.250@company.com,EMPLOYEE,default,False,2026-08-19T10:31:47.876213+00:00,2026-08-19T10:31:47.876213+00:00
6a85866246e7ff0726d4becf,EMP000266,mohan.reddy.266@company.com,EMPLOYEE,default,False,2026-08-19T10:31:48.130712+00:00,2026-08-19T10:31:48.130712+00:00
6a85866246e7ff0726d4bed0,EMP000271,pooja.gowda.271@company.com,EMPLOYEE,default,False,2026-08-19T10:31:48.386055+00:00,2026-08-19T10:31:48.386055+00:00
6a85866246e7ff0726d4bed1,EMP000296,harini.pillai.296@company.com,EMPLOYEE,default,False,2026-08-19T10:31:48.657043+00:00,2026-08-19T10:31:48.657043+00:00
6a85866246e7ff0726d4bed2,EMP000303,pradeep.shah.303@company.com,EMPLOYEE,default,False,2026-08-19T10:31:48.907819+00:00,2026-08-19T10:31:48.907819+00:00
6a85866246e7ff0726d4bed3,EMP000314,vasudha.prasad.314@company.com,EMPLOYEE,default,False,2026-08-19T10:31:49.203198+00:00,2026-08-19T10:31:49.203198+00:00
6a85866246e7ff0726d4bed4,EMP000327,bhavana.chatterjee.327@company.com,EMPLOYEE,default,False,2026-08-19T10:31:49.456607+00:00,2026-08-19T10:31:49.456607+00:00
6a85866246e7ff0726d4bed5,EMP000332,esha.das.332@company.com,EMPLOYEE,default,False,2026-08-19T10:31:49.721341+00:00,2026-08-19T10:31:49.721341+00:00
6a85866246e7ff0726d4bed6,EMP000339,kavya.bose.339@company.com,EMPLOYEE,default,False,2026-08-19T10:31:50.014349+00:00,2026-08-19T10:31:50.014349+00:00
6a85866246e7ff0726d4bed7,EMP000353,rahul.shah.353@company.com,EMPLOYEE,default,False,2026-08-19T10:31:50.304004+00:00,2026-08-19T10:31:50.304004+00:00
6a85866246e7ff0726d4bed8,EMP000356,riya.thakur.356@company.com,EMPLOYEE,default,False,2026-08-19T10:31:50.565771+00:00,2026-08-19T10:31:50.565771+00:00
6a85866246e7ff0726d4bed9,EMP000371,abhinav.gowda.371@company.com,EMPLOYEE,default,False,2026-08-19T10:31:50.852164+00:00,2026-08-19T10:31:50.852164+00:00
6a85866246e7ff0726d4beda,EMP000032,neha.das.32@company.com,EMPLOYEE,default,False,2026-08-19T10:31:51.185648+00:00,2026-08-19T10:31:51.185648+00:00
6a85866246e7ff0726d4bedb,EMP000052,vivek.patel.52@company.com,EMPLOYEE,default,False,2026-08-19T10:31:51.534178+00:00,2026-08-19T10:31:51.534178+00:00
6a85866246e7ff0726d4bedc,EMP000057,anirudh.thomas.57@company.com,EMPLOYEE,default,False,2026-08-19T10:31:51.971829+00:00,2026-08-19T10:31:51.971829+00:00
6a85866246e7ff0726d4bedd,EMP000060,keerthi.joshi.60@company.com,EMPLOYEE,default,False,2026-08-19T10:31:52.298761+00:00,2026-08-19T10:31:52.298761+00:00
6a85866246e7ff0726d4bede,EMP000067,reshma.kumar.67@company.com,EMPLOYEE,default,False,2026-08-19T10:31:52.622176+00:00,2026-08-19T10:31:52.622176+00:00
6a85866246e7ff0726d4bedf,EMP000083,akash.krishnan.83@company.com,EMPLOYEE,default,False,2026-08-19T10:31:53.055870+00:00,2026-08-19T10:31:53.055870+00:00
6a85866246e7ff0726d4bee0,EMP000097,harish.shetty.97@company.com,EMPLOYEE,default,False,2026-08-19T10:31:53.327026+00:00,2026-08-19T10:31:53.327026+00:00
6a85866246e7ff0726d4bee1,EMP000138,harini.kapoor.138@company.com,EMPLOYEE,default,False,2026-08-19T10:31:53.734383+00:00,2026-08-19T10:31:53.734383+00:00
6a85866246e7ff0726d4bee2,EMP000142,monica.yadav.142@company.com,EMPLOYEE,default,False,2026-08-19T10:31:54.435185+00:00,2026-08-19T10:31:54.435185+00:00
6a85866246e7ff0726d4bee3,EMP000153,simran.shah.153@company.com,EMPLOYEE,default,False,2026-08-19T10:31:54.886982+00:00,2026-08-19T10:31:54.886982+00:00
6a85866246e7ff0726d4bee4,EMP000186,meera.george.186@company.com,EMPLOYEE,default,False,2026-08-19T10:31:55.370251+00:00,2026-08-19T10:31:55.370251+00:00
6a85866246e7ff0726d4bee5,EMP000203,shreya.shah.203@company.com,EMPLOYEE,default,False,2026-08-19T10:31:55.761707+00:00,2026-08-19T10:31:55.761707+00:00
6a85866246e7ff0726d4bee6,EMP000244,ananya.verma.244@company.com,EMPLOYEE,default,False,2026-08-19T10:31:56.105454+00:00,2026-08-19T10:31:56.105454+00:00
6a85866246e7ff0726d4bee7,EMP000246,arnav.pillai.246@company.com,EMPLOYEE,default,False,2026-08-19T10:31:56.437168+00:00,2026-08-19T10:31:56.437168+00:00
6a85866246e7ff0726d4bee8,EMP000275,raj.mishra.275@company.com,EMPLOYEE,default,False,2026-08-19T10:31:56.814091+00:00,2026-08-19T10:31:56.814091+00:00
6a85866246e7ff0726d4bee9,EMP000289,vivek.bose.289@company.com,EMPLOYEE,default,False,2026-08-19T10:31:57.227969+00:00,2026-08-19T10:31:57.227969+00:00
6a85866246e7ff0726d4beea,EMP000307,sameer.thomas.307@company.com,EMPLOYEE,default,False,2026-08-19T10:31:57.488726+00:00,2026-08-19T10:31:57.488726+00:00
6a85866246e7ff0726d4beeb,EMP000309,shyam.rao.309@company.com,EMPLOYEE,default,False,2026-08-19T10:31:57.740983+00:00,2026-08-19T10:31:57.740983+00:00
6a85866246e7ff0726d4beec,EMP000324,arjun.singh.324@company.com,EMPLOYEE,default,False,2026-08-19T10:31:58.000553+00:00,2026-08-19T10:31:58.000553+00:00
6a85866246e7ff0726d4beed,EMP000331,diya.gupta.331@company.com,EMPLOYEE,default,False,2026-08-19T10:31:58.264579+00:00,2026-08-19T10:31:58.264579+00:00
6a85866246e7ff0726d4beee,EMP000333,gaurav.krishnan.333@company.com,EMPLOYEE,default,False,2026-08-19T10:31:58.512345+00:00,2026-08-19T10:31:58.512345+00:00
6a85866246e7ff0726d4beef,EMP000370,zoya.sinha.370@company.com,EMPLOYEE,default,False,2026-08-19T10:31:58.763065+00:00,2026-08-19T10:31:58.763065+00:00
6a85866246e7ff0726d4bef0,EMP000004,akash.bhat.4@company.com,EMPLOYEE,default,False,2026-08-19T10:31:59.015613+00:00,2026-08-19T10:31:59.015613+00:00
6a85866246e7ff0726d4bef1,EMP000008,arjun.sen.8@company.com,EMPLOYEE,default,False,2026-08-19T10:31:59.301156+00:00,2026-08-19T10:31:59.301156+00:00
6a85866246e7ff0726d4bef2,EMP000022,karan.joseph.22@company.com,EMPLOYEE,default,False,2026-08-19T10:31:59.559495+00:00,2026-08-19T10:31:59.559495+00:00
6a85866246e7ff0726d4bef3,EMP000061,madhav.malhotra.61@company.com,EMPLOYEE,default,False,2026-08-19T10:31:59.819110+00:00,2026-08-19T10:31:59.819110+00:00
6a85866246e7ff0726d4bef4,EMP000071,shalini.gowda.71@company.com,EMPLOYEE,default,False,2026-08-19T10:32:00.108588+00:00,2026-08-19T10:32:00.108588+00:00
6a85866246e7ff0726d4bef5,EMP000079,vishal.mathew.79@company.com,EMPLOYEE,default,False,2026-08-19T10:32:00.387789+00:00,2026-08-19T10:32:00.387789+00:00
6a85866246e7ff0726d4bef6,EMP000086,ananya.george.86@company.com,EMPLOYEE,default,False,2026-08-19T10:32:00.657820+00:00,2026-08-19T10:32:00.657820+00:00
6a85866246e7ff0726d4bef7,EMP000103,kiran.shah.103@company.com,EMPLOYEE,default,False,2026-08-19T10:32:00.913177+00:00,2026-08-19T10:32:00.913177+00:00
6a85866246e7ff0726d4bef8,EMP000104,krishna.bhat.104@company.com,EMPLOYEE,default,False,2026-08-19T10:32:01.173894+00:00,2026-08-19T10:32:01.173894+00:00
6a85866246e7ff0726d4bef9,EMP000109,nandini.rao.109@company.com,EMPLOYEE,default,False,2026-08-19T10:32:01.438936+00:00,2026-08-19T10:32:01.438936+00:00
6a85866246e7ff0726d4befa,EMP000121,sahana.gowda.121@company.com,EMPLOYEE,default,False,2026-08-19T10:32:01.695701+00:00,2026-08-19T10:32:01.695701+00:00
6a85866246e7ff0726d4befb,EMP000145,pradeep.mehta.145@company.com,EMPLOYEE,default,False,2026-08-19T10:32:01.996193+00:00,2026-08-19T10:32:01.996193+00:00
6a85866246e7ff0726d4befc,EMP000162,akash.kulkarni.162@company.com,EMPLOYEE,default,False,2026-08-19T10:32:02.257694+00:00,2026-08-19T10:32:02.257694+00:00
6a85866246e7ff0726d4befd,EMP000168,ashwin.chopra.168@company.com,EMPLOYEE,default,False,2026-08-19T10:32:02.507632+00:00,2026-08-19T10:32:02.507632+00:00
6a85866246e7ff0726d4befe,EMP000172,dev.joseph.172@company.com,EMPLOYEE,default,False,2026-08-19T10:32:02.764592+00:00,2026-08-19T10:32:02.764592+00:00
6a85866246e7ff0726d4beff,EMP000173,diya.menon.173@company.com,EMPLOYEE,default,False,2026-08-19T10:32:03.028073+00:00,2026-08-19T10:32:03.028073+00:00
6a85866246e7ff0726d4bf00,EMP000209,vikram.rao.209@company.com,EMPLOYEE,default,False,2026-08-19T10:32:03.299707+00:00,2026-08-19T10:32:03.299707+00:00
6a85866246e7ff0726d4bf01,EMP000239,aditi.bose.239@company.com,EMPLOYEE,default,False,2026-08-19T10:32:03.560276+00:00,2026-08-19T10:32:03.560276+00:00
6a85866246e7ff0726d4bf02,EMP000243,amara.dsouza.243@company.com,EMPLOYEE,default,False,2026-08-19T10:32:03.868236+00:00,2026-08-19T10:32:03.868236+00:00
6a85866246e7ff0726d4bf03,EMP000272,pranav.joseph.272@company.com,EMPLOYEE,default,False,2026-08-19T10:32:04.334406+00:00,2026-08-19T10:32:04.334406+00:00
6a85866246e7ff0726d4bf04,EMP000291,zoya.banerjee.291@company.com,EMPLOYEE,default,False,2026-08-19T10:32:04.646975+00:00,2026-08-19T10:32:04.646975+00:00
6a85866246e7ff0726d4bf05,EMP000312,surya.kulkarni.312@company.com,EMPLOYEE,default,False,2026-08-19T10:32:04.912648+00:00,2026-08-19T10:32:04.912648+00:00
6a85866246e7ff0726d4bf06,EMP000363,srinivas.saxena.363@company.com,EMPLOYEE,default,False,2026-08-19T10:32:05.267721+00:00,2026-08-19T10:32:05.267721+00:00
6a85866246e7ff0726d4bf07,EMP000372,anjali.joseph.372@company.com,EMPLOYEE,default,False,2026-08-19T10:32:05.533247+00:00,2026-08-19T10:32:05.533247+00:00
6a85866246e7ff0726d4bf08,EMP000009,arnav.rao.9@company.com,EMPLOYEE,default,False,2026-08-19T10:32:05.792354+00:00,2026-08-19T10:32:05.792354+00:00
6a85866246e7ff0726d4bf09,EMP000010,ashwin.joshi.10@company.com,EMPLOYEE,default,False,2026-08-19T10:32:06.055258+00:00,2026-08-19T10:32:06.055258+00:00
6a85866246e7ff0726d4bf0a,EMP000012,chetan.kulkarni.12@company.com,EMPLOYEE,default,False,2026-08-19T10:32:06.326366+00:00,2026-08-19T10:32:06.326366+00:00
6a85866246e7ff0726d4bf0b,EMP000020,ishaan.sinha.20@company.com,EMPLOYEE,default,False,2026-08-19T10:32:06.590815+00:00,2026-08-19T10:32:06.590815+00:00
6a85866246e7ff0726d4bf0c,EMP000053,yash.shah.53@company.com,EMPLOYEE,default,False,2026-08-19T10:32:06.875218+00:00,2026-08-19T10:32:06.875218+00:00
6a85866246e7ff0726d4bf0d,EMP000054,zoya.bhat.54@company.com,EMPLOYEE,default,False,2026-08-19T10:32:07.603016+00:00,2026-08-19T10:32:07.603016+00:00
6a85866246e7ff0726d4bf0e,EMP000059,harini.rao.59@company.com,EMPLOYEE,default,False,2026-08-19T10:32:07.987665+00:00,2026-08-19T10:32:07.987665+00:00
6a85866246e7ff0726d4bf0f,EMP000078,vidya.hegde.78@company.com,EMPLOYEE,default,False,2026-08-19T10:32:08.270443+00:00,2026-08-19T10:32:08.270443+00:00
6a85866246e7ff0726d4bf10,EMP000123,sanjana.menon.123@company.com,EMPLOYEE,default,False,2026-08-19T10:32:08.676796+00:00,2026-08-19T10:32:08.676796+00:00
6a85866246e7ff0726d4bf11,EMP000137,divya.iyer.137@company.com,EMPLOYEE,default,False,2026-08-19T10:32:09.148449+00:00,2026-08-19T10:32:09.148449+00:00
6a85866246e7ff0726d4bf12,EMP000152,siddharth.patel.152@company.com,EMPLOYEE,default,False,2026-08-19T10:32:09.545975+00:00,2026-08-19T10:32:09.545975+00:00
6a85866246e7ff0726d4bf13,EMP000163,akshay.saxena.163@company.com,EMPLOYEE,default,False,2026-08-19T10:32:09.803161+00:00,2026-08-19T10:32:09.803161+00:00
6a85866246e7ff0726d4bf14,EMP000192,pooja.yadav.192@company.com,EMPLOYEE,default,False,2026-08-19T10:32:10.372257+00:00,2026-08-19T10:32:10.372257+00:00
6a85866246e7ff0726d4bf15,EMP000205,srinivas.jain.205@company.com,EMPLOYEE,default,False,2026-08-19T10:32:10.647641+00:00,2026-08-19T10:32:10.647641+00:00
6a85866246e7ff0726d4bf16,EMP000230,shyam.nair.230@company.com,EMPLOYEE,default,False,2026-08-19T10:32:10.915131+00:00,2026-08-19T10:32:10.915131+00:00
6a85866246e7ff0726d4bf17,EMP000257,ishaan.thomas.257@company.com,EMPLOYEE,default,False,2026-08-19T10:32:11.215918+00:00,2026-08-19T10:32:11.215918+00:00
6a85866246e7ff0726d4bf18,EMP000259,karan.rao.259@company.com,EMPLOYEE,default,False,2026-08-19T10:32:11.554819+00:00,2026-08-19T10:32:11.554819+00:00
6a85866246e7ff0726d4bf19,EMP000270,nikhil.sinha.270@company.com,EMPLOYEE,default,False,2026-08-19T10:32:11.991938+00:00,2026-08-19T10:32:11.991938+00:00
6a85866246e7ff0726d4bf1a,EMP000287,varun.iyer.287@company.com,EMPLOYEE,default,False,2026-08-19T10:32:12.256841+00:00,2026-08-19T10:32:12.256841+00:00
6a85866246e7ff0726d4bf1b,EMP000342,lakshmi.yadav.342@company.com,EMPLOYEE,default,False,2026-08-19T10:32:12.524130+00:00,2026-08-19T10:32:12.524130+00:00
6a85866246e7ff0726d4bf1c,EMP000365,tanvi.roy.365@company.com,EMPLOYEE,default,False,2026-08-19T10:32:12.803980+00:00,2026-08-19T10:32:12.803980+00:00
6a85866246e7ff0726d4bf1d,EMP000005,akshay.jain.5@company.com,EMPLOYEE,default,False,2026-08-19T10:32:13.112566+00:00,2026-08-19T10:32:13.112566+00:00
6a85866246e7ff0726d4bf1e,EMP000031,naveen.gupta.31@company.com,EMPLOYEE,default,False,2026-08-19T10:32:13.477392+00:00,2026-08-19T10:32:13.477392+00:00
6a85866246e7ff0726d4bf1f,EMP000065,pallavi.roy.65@company.com,EMPLOYEE,default,False,2026-08-19T10:32:13.887561+00:00,2026-08-19T10:32:13.887561+00:00
6a85866246e7ff0726d4bf20,EMP000070,sameer.sinha.70@company.com,EMPLOYEE,default,False,2026-08-19T10:32:15.092395+00:00,2026-08-19T10:32:15.092395+00:00
6a85866246e7ff0726d4bf21,EMP000128,tanvi.hegde.128@company.com,EMPLOYEE,default,False,2026-08-19T10:32:15.387785+00:00,2026-08-19T10:32:15.387785+00:00
6a85866246e7ff0726d4bf22,EMP000150,shalini.fernandes.150@company.com,EMPLOYEE,default,False,2026-08-19T10:32:15.682410+00:00,2026-08-19T10:32:15.682410+00:00
6a85866246e7ff0726d4bf23,EMP000157,vidya.thomas.157@company.com,EMPLOYEE,default,False,2026-08-19T10:32:15.970081+00:00,2026-08-19T10:32:15.970081+00:00
6a85866246e7ff0726d4bf24,EMP000159,aarav.rao.159@company.com,EMPLOYEE,default,False,2026-08-19T10:32:16.381934+00:00,2026-08-19T10:32:16.381934+00:00
6a85866246e7ff0726d4bf25,EMP000200,sahana.fernandes.200@company.com,EMPLOYEE,default,False,2026-08-19T10:32:17.257855+00:00,2026-08-19T10:32:17.257855+00:00
6a85866246e7ff0726d4bf26,EMP000206,swathi.thakur.206@company.com,EMPLOYEE,default,False,2026-08-19T10:32:17.617105+00:00,2026-08-19T10:32:17.617105+00:00
6a85866246e7ff0726d4bf27,EMP000210,vivek.joshi.210@company.com,EMPLOYEE,default,False,2026-08-19T10:32:18.088168+00:00,2026-08-19T10:32:18.088168+00:00
6a85866246e7ff0726d4bf28,EMP000221,monica.gowda.221@company.com,EMPLOYEE,default,False,2026-08-19T10:32:19.026065+00:00,2026-08-19T10:32:19.026065+00:00
6a85866246e7ff0726d4bf29,EMP000237,vishal.iyer.237@company.com,EMPLOYEE,default,False,2026-08-19T10:32:19.396626+00:00,2026-08-19T10:32:19.396626+00:00
6a85866246e7ff0726d4bf2a,EMP000240,aditya.naidu.240@company.com,EMPLOYEE,default,False,2026-08-19T10:32:19.691325+00:00,2026-08-19T10:32:19.691325+00:00
6a85866246e7ff0726d4bf2b,EMP000242,akshay.yadav.242@company.com,EMPLOYEE,default,False,2026-08-19T10:32:20.028990+00:00,2026-08-19T10:32:20.028990+00:00
6a85866246e7ff0726d4bf2c,EMP000263,lakshmi.saxena.263@company.com,EMPLOYEE,default,False,2026-08-19T10:32:20.333940+00:00,2026-08-19T10:32:20.333940+00:00
6a85866246e7ff0726d4bf2d,EMP000265,meera.roy.265@company.com,EMPLOYEE,default,False,2026-08-19T10:32:20.590623+00:00,2026-08-19T10:32:20.590623+00:00
6a85866246e7ff0726d4bf2e,EMP000286,tanvi.george.286@company.com,EMPLOYEE,default,False,2026-08-19T10:32:20.852587+00:00,2026-08-19T10:32:20.852587+00:00
6a85866246e7ff0726d4bf2f,EMP000295,divya.mehta.295@company.com,EMPLOYEE,default,False,2026-08-19T10:32:21.146510+00:00,2026-08-19T10:32:21.146510+00:00
6a85866246e7ff0726d4bf30,EMP000299,manasa.pandey.299@company.com,EMPLOYEE,default,False,2026-08-19T10:32:21.486387+00:00,2026-08-19T10:32:21.486387+00:00
6a85866246e7ff0726d4bf31,EMP000301,nithin.sharma.301@company.com,EMPLOYEE,default,False,2026-08-19T10:32:21.945651+00:00,2026-08-19T10:32:21.945651+00:00
6a85866246e7ff0726d4bf32,EMP000321,akshay.gowda.321@company.com,EMPLOYEE,default,False,2026-08-19T10:32:22.284764+00:00,2026-08-19T10:32:22.284764+00:00
6a85866246e7ff0726d4bf33,EMP000347,naveen.shetty.347@company.com,EMPLOYEE,default,False,2026-08-19T10:32:22.577779+00:00,2026-08-19T10:32:22.577779+00:00
6a85866246e7ff0726d4bf34,EMP000364,swathi.prasad.364@company.com,EMPLOYEE,default,False,2026-08-19T10:32:23.028151+00:00,2026-08-19T10:32:23.028151+00:00
6a85866246e7ff0726d4bf35,EMP000369,yash.desai.369@company.com,EMPLOYEE,default,False,2026-08-19T10:32:23.492386+00:00,2026-08-19T10:32:23.492386+00:00
6a85866246e7ff0726d4bf36,EMP000377,madhav.chatterjee.377@company.com,EMPLOYEE,default,False,2026-08-19T10:32:23.953422+00:00,2026-08-19T10:32:23.953422+00:00
6a85866246e7ff0726d4bf37,EMP000378,manasa.hegde.378@company.com,EMPLOYEE,default,False,2026-08-19T10:32:24.470180+00:00,2026-08-19T10:32:24.470180+00:00
6a85866246e7ff0726d4bf38,EMP000388,shyam.kapoor.388@company.com,EMPLOYEE,default,False,2026-08-19T10:32:24.828046+00:00,2026-08-19T10:32:24.828046+00:00
6a85866246e7ff0726d4bf39,EMP000393,vasudha.dsouza.393@company.com,EMPLOYEE,default,False,2026-08-19T10:32:25.170243+00:00,2026-08-19T10:32:25.170243+00:00
6a85866246e7ff0726d4bf3a,EMP000414,isha.prasad.414@company.com,EMPLOYEE,default,False,2026-08-19T10:32:25.489984+00:00,2026-08-19T10:32:25.489984+00:00
6a85866246e7ff0726d4bf3b,EMP000427,neha.chatterjee.427@company.com,EMPLOYEE,default,False,2026-08-19T10:32:25.824529+00:00,2026-08-19T10:32:25.824529+00:00
6a85866246e7ff0726d4bf3c,EMP000438,sanjay.kapoor.438@company.com,EMPLOYEE,default,False,2026-08-19T10:32:26.109836+00:00,2026-08-19T10:32:26.109836+00:00
6a85866246e7ff0726d4bf3d,EMP000452,anirudh.patel.452@company.com,EMPLOYEE,default,False,2026-08-19T10:32:26.376609+00:00,2026-08-19T10:32:26.376609+00:00
6a85866246e7ff0726d4bf3e,EMP000472,vasudha.joseph.472@company.com,EMPLOYEE,default,False,2026-08-19T10:32:26.655889+00:00,2026-08-19T10:32:26.655889+00:00
6a85866246e7ff0726d4bf3f,EMP000474,vishal.singh.474@company.com,EMPLOYEE,default,False,2026-08-19T10:32:26.938419+00:00,2026-08-19T10:32:26.938419+00:00
6a85866246e7ff0726d4bf40,EMP000482,arjun.das.482@company.com,EMPLOYEE,default,False,2026-08-19T10:32:27.247253+00:00,2026-08-19T10:32:27.247253+00:00
6a85866246e7ff0726d4bf41,EMP000491,gaurav.banerjee.491@company.com,EMPLOYEE,default,False,2026-08-19T10:32:27.546979+00:00,2026-08-19T10:32:27.546979+00:00
6a85866246e7ff0726d4bf42,EMP000510,priya.joshi.510@company.com,EMPLOYEE,default,False,2026-08-19T10:32:27.797548+00:00,2026-08-19T10:32:27.797548+00:00
6a85866246e7ff0726d4bf43,EMP000517,sanjay.kumar.517@company.com,EMPLOYEE,default,False,2026-08-19T10:32:28.085704+00:00,2026-08-19T10:32:28.085704+00:00
6a85866246e7ff0726d4bf44,EMP000562,arnav.kulkarni.562@company.com,EMPLOYEE,default,False,2026-08-19T10:32:28.397038+00:00,2026-08-19T10:32:28.397038+00:00
6a85866246e7ff0726d4bf45,EMP000563,ashwin.saxena.563@company.com,EMPLOYEE,default,False,2026-08-19T10:32:28.760692+00:00,2026-08-19T10:32:28.760692+00:00
6a85866246e7ff0726d4bf46,EMP000575,karan.mishra.575@company.com,EMPLOYEE,default,False,2026-08-19T10:32:29.040219+00:00,2026-08-19T10:32:29.040219+00:00
6a85866246e7ff0726d4bf47,EMP000595,sahana.mehta.595@company.com,EMPLOYEE,default,False,2026-08-19T10:32:29.352560+00:00,2026-08-19T10:32:29.352560+00:00
6a85866246e7ff0726d4bf48,EMP000598,shreya.agarwal.598@company.com,EMPLOYEE,default,False,2026-08-19T10:32:29.625215+00:00,2026-08-19T10:32:29.625215+00:00
6a85866246e7ff0726d4bf49,EMP000613,keerthi.saxena.613@company.com,EMPLOYEE,default,False,2026-08-19T10:32:29.913317+00:00,2026-08-19T10:32:29.913317+00:00
6a85866246e7ff0726d4bf4a,EMP000633,aarav.krishnan.633@company.com,EMPLOYEE,default,False,2026-08-19T10:32:30.231340+00:00,2026-08-19T10:32:30.231340+00:00
6a85866246e7ff0726d4bf4b,EMP000673,rohit.menon.673@company.com,EMPLOYEE,default,False,2026-08-19T10:32:30.558590+00:00,2026-08-19T10:32:30.558590+00:00
6a85866246e7ff0726d4bf4c,EMP000681,tanvi.gupta.681@company.com,EMPLOYEE,default,False,2026-08-19T10:32:30.953954+00:00,2026-08-19T10:32:30.953954+00:00
6a85866246e7ff0726d4bf4d,EMP000684,vivek.mukherjee.684@company.com,EMPLOYEE,default,False,2026-08-19T10:32:31.297367+00:00,2026-08-19T10:32:31.297367+00:00
6a85866246e7ff0726d4bf4e,EMP000693,madhav.dsouza.693@company.com,EMPLOYEE,default,False,2026-08-19T10:32:31.581682+00:00,2026-08-19T10:32:31.581682+00:00
6a85866246e7ff0726d4bf4f,EMP000742,naveen.yadav.742@company.com,EMPLOYEE,default,False,2026-08-19T10:32:31.948517+00:00,2026-08-19T10:32:31.948517+00:00
6a85866246e7ff0726d4bf50,EMP000744,nikhil.verma.744@company.com,EMPLOYEE,default,False,2026-08-19T10:32:32.445622+00:00,2026-08-19T10:32:32.445622+00:00
6a85866246e7ff0726d4bf51,EMP000392,vaishnavi.yadav.392@company.com,EMPLOYEE,default,False,2026-08-19T10:32:33.174780+00:00,2026-08-19T10:32:33.174780+00:00
6a85866246e7ff0726d4bf52,EMP000403,arjun.shah.403@company.com,EMPLOYEE,default,False,2026-08-19T10:32:33.446695+00:00,2026-08-19T10:32:33.446695+00:00
6a85866246e7ff0726d4bf53,EMP000421,lakshmi.gowda.421@company.com,EMPLOYEE,default,False,2026-08-19T10:32:33.705335+00:00,2026-08-19T10:32:33.705335+00:00
6a85866246e7ff0726d4bf54,EMP000435,riya.tripathi.435@company.com,EMPLOYEE,default,False,2026-08-19T10:32:33.957949+00:00,2026-08-19T10:32:33.957949+00:00
6a85866246e7ff0726d4bf55,EMP000460,pallavi.joshi.460@company.com,EMPLOYEE,default,False,2026-08-19T10:32:34.238878+00:00,2026-08-19T10:32:34.238878+00:00
6a85866246e7ff0726d4bf56,EMP000514,riya.prasad.514@company.com,EMPLOYEE,default,False,2026-08-19T10:32:34.502011+00:00,2026-08-19T10:32:34.502011+00:00
6a85866246e7ff0726d4bf57,EMP000540,pradeep.naidu.540@company.com,EMPLOYEE,default,False,2026-08-19T10:32:34.765302+00:00,2026-08-19T10:32:34.765302+00:00
6a85866246e7ff0726d4bf58,EMP000551,vasudha.sharma.551@company.com,EMPLOYEE,default,False,2026-08-19T10:32:35.012564+00:00,2026-08-19T10:32:35.012564+00:00
6a85866246e7ff0726d4bf59,EMP000557,akash.thomas.557@company.com,EMPLOYEE,default,False,2026-08-19T10:32:35.276124+00:00,2026-08-19T10:32:35.276124+00:00
6a85866246e7ff0726d4bf5a,EMP000590,rahul.naidu.590@company.com,EMPLOYEE,default,False,2026-08-19T10:32:35.542841+00:00,2026-08-19T10:32:35.542841+00:00
6a85866246e7ff0726d4bf5b,EMP000631,vidya.gupta.631@company.com,EMPLOYEE,default,False,2026-08-19T10:32:35.800082+00:00,2026-08-19T10:32:35.800082+00:00
6a85866246e7ff0726d4bf5c,EMP000655,kavya.jain.655@company.com,EMPLOYEE,default,False,2026-08-19T10:32:36.076261+00:00,2026-08-19T10:32:36.076261+00:00
6a85866246e7ff0726d4bf5d,EMP000711,vishal.malhotra.711@company.com,EMPLOYEE,default,False,2026-08-19T10:32:36.724751+00:00,2026-08-19T10:32:36.724751+00:00
6a85866246e7ff0726d4bf5e,EMP000748,rahul.agarwal.748@company.com,EMPLOYEE,default,False,2026-08-19T10:32:37.127124+00:00,2026-08-19T10:32:37.127124+00:00
6a85866246e7ff0726d4bf5f,EMP000375,harini.mishra.375@company.com,EMPLOYEE,default,False,2026-08-19T10:32:37.522349+00:00,2026-08-19T10:32:37.522349+00:00
6a85866246e7ff0726d4bf60,EMP000383,reshma.krishnan.383@company.com,EMPLOYEE,default,False,2026-08-19T10:32:37.823442+00:00,2026-08-19T10:32:37.823442+00:00
6a85866246e7ff0726d4bf61,EMP000401,amara.sharma.401@company.com,EMPLOYEE,default,False,2026-08-19T10:32:38.158006+00:00,2026-08-19T10:32:38.158006+00:00
6a85866246e7ff0726d4bf62,EMP000410,diya.joshi.410@company.com,EMPLOYEE,default,False,2026-08-19T10:32:38.803396+00:00,2026-08-19T10:32:38.803396+00:00
6a85866246e7ff0726d4bf63,EMP000450,abhinav.fernandes.450@company.com,EMPLOYEE,default,False,2026-08-19T10:32:39.126509+00:00,2026-08-19T10:32:39.126509+00:00
6a85866246e7ff0726d4bf64,EMP000480,amara.nair.480@company.com,EMPLOYEE,default,False,2026-08-19T10:32:39.460192+00:00,2026-08-19T10:32:39.460192+00:00
6a85866246e7ff0726d4bf65,EMP000486,chetan.george.486@company.com,EMPLOYEE,default,False,2026-08-19T10:32:39.954936+00:00,2026-08-19T10:32:39.954936+00:00
6a85866246e7ff0726d4bf66,EMP000487,deepa.iyer.487@company.com,EMPLOYEE,default,False,2026-08-19T10:32:40.347159+00:00,2026-08-19T10:32:40.347159+00:00
6a85866246e7ff0726d4bf67,EMP000524,varun.singh.524@company.com,EMPLOYEE,default,False,2026-08-19T10:32:40.638963+00:00,2026-08-19T10:32:40.638963+00:00
6a85866246e7ff0726d4bf68,EMP000537,monica.iyer.537@company.com,EMPLOYEE,default,False,2026-08-19T10:32:40.967618+00:00,2026-08-19T10:32:40.967618+00:00
6a85866246e7ff0726d4bf69,EMP000544,sameer.verma.544@company.com,EMPLOYEE,default,False,2026-08-19T10:32:41.347258+00:00,2026-08-19T10:32:41.347258+00:00
6a85866246e7ff0726d4bf6a,EMP000571,harish.gowda.571@company.com,EMPLOYEE,default,False,2026-08-19T10:32:41.778979+00:00,2026-08-19T10:32:41.778979+00:00
6a85866246e7ff0726d4bf6b,EMP000573,ishaan.menon.573@company.com,EMPLOYEE,default,False,2026-08-19T10:32:42.200447+00:00,2026-08-19T10:32:42.200447+00:00
6a85866246e7ff0726d4bf6c,EMP000576,kavya.varma.576@company.com,EMPLOYEE,default,False,2026-08-19T10:32:42.491406+00:00,2026-08-19T10:32:42.491406+00:00
6a85866246e7ff0726d4bf6d,EMP000584,naveen.mukherjee.584@company.com,EMPLOYEE,default,False,2026-08-19T10:32:42.766083+00:00,2026-08-19T10:32:42.766083+00:00
6a85866246e7ff0726d4bf6e,EMP000606,yash.thakur.606@company.com,EMPLOYEE,default,False,2026-08-19T10:32:43.028530+00:00,2026-08-19T10:32:43.028530+00:00
6a85866246e7ff0726d4bf6f,EMP000619,pradeep.desai.619@company.com,EMPLOYEE,default,False,2026-08-19T10:32:43.314911+00:00,2026-08-19T10:32:43.314911+00:00
6a85866246e7ff0726d4bf70,EMP000624,shalini.singh.624@company.com,EMPLOYEE,default,False,2026-08-19T10:32:43.591265+00:00,2026-08-19T10:32:43.591265+00:00
6a85866246e7ff0726d4bf71,EMP000639,ananya.bose.639@company.com,EMPLOYEE,default,False,2026-08-19T10:32:43.886142+00:00,2026-08-19T10:32:43.886142+00:00
6a85866246e7ff0726d4bf72,EMP000643,bhavana.dsouza.643@company.com,EMPLOYEE,default,False,2026-08-19T10:32:44.164070+00:00,2026-08-19T10:32:44.164070+00:00
6a85866246e7ff0726d4bf73,EMP000647,diya.shetty.647@company.com,EMPLOYEE,default,False,2026-08-19T10:32:44.449900+00:00,2026-08-19T10:32:44.449900+00:00
6a85866246e7ff0726d4bf74,EMP000657,krishna.thomas.657@company.com,EMPLOYEE,default,False,2026-08-19T10:32:44.770441+00:00,2026-08-19T10:32:44.770441+00:00
6a85866246e7ff0726d4bf75,EMP000668,priya.chopra.668@company.com,EMPLOYEE,default,False,2026-08-19T10:32:45.208887+00:00,2026-08-19T10:32:45.208887+00:00
6a85866246e7ff0726d4bf76,EMP000675,sanjay.mishra.675@company.com,EMPLOYEE,default,False,2026-08-19T10:32:45.546946+00:00,2026-08-19T10:32:45.546946+00:00
6a85866246e7ff0726d4bf77,EMP000676,sanjana.varma.676@company.com,EMPLOYEE,default,False,2026-08-19T10:32:45.839123+00:00,2026-08-19T10:32:45.839123+00:00
6a85866246e7ff0726d4bf78,EMP000679,srinivas.mathew.679@company.com,EMPLOYEE,default,False,2026-08-19T10:32:46.146376+00:00,2026-08-19T10:32:46.146376+00:00
6a85866246e7ff0726d4bf79,EMP000695,monica.mehta.695@company.com,EMPLOYEE,default,False,2026-08-19T10:32:46.513626+00:00,2026-08-19T10:32:46.513626+00:00
6a85866246e7ff0726d4bf7a,EMP000722,bhavana.joseph.722@company.com,EMPLOYEE,default,False,2026-08-19T10:32:46.849297+00:00,2026-08-19T10:32:46.849297+00:00
6a85866246e7ff0726d4bf7b,EMP000394,vidya.verma.394@company.com,EMPLOYEE,default,False,2026-08-19T10:32:47.194305+00:00,2026-08-19T10:32:47.194305+00:00
6a85866246e7ff0726d4bf7c,EMP000432,rahul.das.432@company.com,EMPLOYEE,default,False,2026-08-19T10:32:47.653146+00:00,2026-08-19T10:32:47.653146+00:00
6a85866246e7ff0726d4bf7d,EMP000453,divya.shah.453@company.com,EMPLOYEE,default,False,2026-08-19T10:32:48.371697+00:00,2026-08-19T10:32:48.371697+00:00
6a85866246e7ff0726d4bf7e,EMP000456,madhav.thakur.456@company.com,EMPLOYEE,default,False,2026-08-19T10:32:48.858747+00:00,2026-08-19T10:32:48.858747+00:00
6a85866246e7ff0726d4bf7f,EMP000461,pradeep.malhotra.461@company.com,EMPLOYEE,default,False,2026-08-19T10:32:49.152832+00:00,2026-08-19T10:32:49.152832+00:00
6a85866246e7ff0726d4bf80,EMP000494,ishaan.verma.494@company.com,EMPLOYEE,default,False,2026-08-19T10:32:49.439225+00:00,2026-08-19T10:32:49.439225+00:00
6a85866246e7ff0726d4bf81,EMP000506,neha.thakur.506@company.com,EMPLOYEE,default,False,2026-08-19T10:32:49.702946+00:00,2026-08-19T10:32:49.702946+00:00
6a85866246e7ff0726d4bf82,EMP000516,sahana.reddy.516@company.com,EMPLOYEE,default,False,2026-08-19T10:32:49.976548+00:00,2026-08-19T10:32:49.976548+00:00
6a85866246e7ff0726d4bf83,EMP000535,madhav.tripathi.535@company.com,EMPLOYEE,default,False,2026-08-19T10:32:50.429663+00:00,2026-08-19T10:32:50.429663+00:00
6a85866246e7ff0726d4bf84,EMP000538,nithin.kapoor.538@company.com,EMPLOYEE,default,False,2026-08-19T10:32:50.858239+00:00,2026-08-19T10:32:50.858239+00:00
6a85866246e7ff0726d4bf85,EMP000539,pallavi.bose.539@company.com,EMPLOYEE,default,False,2026-08-19T10:32:51.141028+00:00,2026-08-19T10:32:51.141028+00:00
6a85866246e7ff0726d4bf86,EMP000586,nikhil.george.586@company.com,EMPLOYEE,default,False,2026-08-19T10:32:51.394885+00:00,2026-08-19T10:32:51.394885+00:00
6a85866246e7ff0726d4bf87,EMP000602,tanvi.patel.602@company.com,EMPLOYEE,default,False,2026-08-19T10:32:51.657240+00:00,2026-08-19T10:32:51.657240+00:00
6a85866246e7ff0726d4bf88,EMP000617,nithin.kumar.617@company.com,EMPLOYEE,default,False,2026-08-19T10:32:51.924115+00:00,2026-08-19T10:32:51.924115+00:00
6a85866246e7ff0726d4bf89,EMP000621,rohan.gowda.621@company.com,EMPLOYEE,default,False,2026-08-19T10:32:52.214895+00:00,2026-08-19T10:32:52.214895+00:00
6a85866246e7ff0726d4bf8a,EMP000629,vaishnavi.mathew.629@company.com,EMPLOYEE,default,False,2026-08-19T10:32:52.523246+00:00,2026-08-19T10:32:52.523246+00:00
6a85866246e7ff0726d4bf8b,EMP000642,ashwin.yadav.642@company.com,EMPLOYEE,default,False,2026-08-19T10:32:52.822777+00:00,2026-08-19T10:32:52.822777+00:00
6a85866246e7ff0726d4bf8c,EMP000652,ishaan.patel.652@company.com,EMPLOYEE,default,False,2026-08-19T10:32:53.130901+00:00,2026-08-19T10:32:53.130901+00:00
6a85866246e7ff0726d4bf8d,EMP000672,riya.joseph.672@company.com,EMPLOYEE,default,False,2026-08-19T10:32:53.377382+00:00,2026-08-19T10:32:53.377382+00:00
6a85866246e7ff0726d4bf8e,EMP000692,keerthi.yadav.692@company.com,EMPLOYEE,default,False,2026-08-19T10:32:53.633817+00:00,2026-08-19T10:32:53.633817+00:00
6a85866246e7ff0726d4bf8f,EMP000709,vasudha.rao.709@company.com,EMPLOYEE,default,False,2026-08-19T10:32:53.895854+00:00,2026-08-19T10:32:53.895854+00:00
6a85866246e7ff0726d4bf90,EMP000717,amara.kumar.717@company.com,EMPLOYEE,default,False,2026-08-19T10:32:54.181373+00:00,2026-08-19T10:32:54.181373+00:00
6a85866246e7ff0726d4bf91,EMP000718,ananya.chopra.718@company.com,EMPLOYEE,default,False,2026-08-19T10:32:54.434934+00:00,2026-08-19T10:32:54.434934+00:00
6a85866246e7ff0726d4bf92,EMP000726,diya.varma.726@company.com,EMPLOYEE,default,False,2026-08-19T10:32:54.699370+00:00,2026-08-19T10:32:54.699370+00:00
6a85866246e7ff0726d4bf93,EMP000730,isha.nair.730@company.com,EMPLOYEE,default,False,2026-08-19T10:32:54.960140+00:00,2026-08-19T10:32:54.960140+00:00
6a85866246e7ff0726d4bf94,EMP000400,akshay.fernandes.400@company.com,EMPLOYEE,default,False,2026-08-19T10:32:55.446026+00:00,2026-08-19T10:32:55.446026+00:00
6a85866246e7ff0726d4bf95,EMP000407,chetan.thomas.407@company.com,EMPLOYEE,default,False,2026-08-19T10:32:55.764804+00:00,2026-08-19T10:32:55.764804+00:00
6a85866246e7ff0726d4bf96,EMP000413,harish.saxena.413@company.com,EMPLOYEE,default,False,2026-08-19T10:32:56.051578+00:00,2026-08-19T10:32:56.051578+00:00
6a85866246e7ff0726d4bf97,EMP000451,anjali.sharma.451@company.com,EMPLOYEE,default,False,2026-08-19T10:32:56.323252+00:00,2026-08-19T10:32:56.323252+00:00
6a85866246e7ff0726d4bf98,EMP000470,surya.sinha.470@company.com,EMPLOYEE,default,False,2026-08-19T10:32:56.588367+00:00,2026-08-19T10:32:56.588367+00:00
6a85866246e7ff0726d4bf99,EMP000471,vaishnavi.gowda.471@company.com,EMPLOYEE,default,False,2026-08-19T10:32:56.862507+00:00,2026-08-19T10:32:56.862507+00:00
6a85866246e7ff0726d4bf9a,EMP000484,ashwin.mukherjee.484@company.com,EMPLOYEE,default,False,2026-08-19T10:32:57.136408+00:00,2026-08-19T10:32:57.136408+00:00
6a85866246e7ff0726d4bf9b,EMP000490,esha.naidu.490@company.com,EMPLOYEE,default,False,2026-08-19T10:32:57.439329+00:00,2026-08-19T10:32:57.439329+00:00
6a85866246e7ff0726d4bf9c,EMP000505,naveen.jain.505@company.com,EMPLOYEE,default,False,2026-08-19T10:32:57.707164+00:00,2026-08-19T10:32:57.707164+00:00
6a85866246e7ff0726d4bf9d,EMP000512,raj.kulkarni.512@company.com,EMPLOYEE,default,False,2026-08-19T10:32:58.028204+00:00,2026-08-19T10:32:58.028204+00:00
6a85866246e7ff0726d4bf9e,EMP000526,vivek.varma.526@company.com,EMPLOYEE,default,False,2026-08-19T10:32:58.358457+00:00,2026-08-19T10:32:58.358457+00:00
6a85866246e7ff0726d4bf9f,EMP000559,amara.rao.559@company.com,EMPLOYEE,default,False,2026-08-19T10:32:58.622470+00:00,2026-08-19T10:32:58.622470+00:00
6a85866246e7ff0726d4bfa0,EMP000565,chetan.roy.565@company.com,EMPLOYEE,default,False,2026-08-19T10:32:58.899369+00:00,2026-08-19T10:32:58.899369+00:00
6a85866246e7ff0726d4bfa1,EMP000580,manish.nair.580@company.com,EMPLOYEE,default,False,2026-08-19T10:32:59.228028+00:00,2026-08-19T10:32:59.228028+00:00
6a85866246e7ff0726d4bfa2,EMP000588,pranav.kapoor.588@company.com,EMPLOYEE,default,False,2026-08-19T10:32:59.597635+00:00,2026-08-19T10:32:59.597635+00:00
6a85866246e7ff0726d4bfa3,EMP000591,raj.banerjee.591@company.com,EMPLOYEE,default,False,2026-08-19T10:32:59.911938+00:00,2026-08-19T10:32:59.911938+00:00
6a85866246e7ff0726d4bfa4,EMP000594,rohit.verma.594@company.com,EMPLOYEE,default,False,2026-08-19T10:33:00.342205+00:00,2026-08-19T10:33:00.342205+00:00
6a85866246e7ff0726d4bfa5,EMP000597,sanjana.shetty.597@company.com,EMPLOYEE,default,False,2026-08-19T10:33:00.647111+00:00,2026-08-19T10:33:00.647111+00:00
6a85866246e7ff0726d4bfa6,EMP000607,zoya.thomas.607@company.com,EMPLOYEE,default,False,2026-08-19T10:33:00.925743+00:00,2026-08-19T10:33:00.925743+00:00
6a85866246e7ff0726d4bfa7,EMP000609,anjali.rao.609@company.com,EMPLOYEE,default,False,2026-08-19T10:33:01.328606+00:00,2026-08-19T10:33:01.328606+00:00
6a85866246e7ff0726d4bfa8,EMP000610,anirudh.joshi.610@company.com,EMPLOYEE,default,False,2026-08-19T10:33:01.725051+00:00,2026-08-19T10:33:01.725051+00:00
6a85866246e7ff0726d4bfa9,EMP000627,simran.chatterjee.627@company.com,EMPLOYEE,default,False,2026-08-19T10:33:01.991350+00:00,2026-08-19T10:33:01.991350+00:00
6a85866246e7ff0726d4bfaa,EMP000635,aditya.tripathi.635@company.com,EMPLOYEE,default,False,2026-08-19T10:33:02.304386+00:00,2026-08-19T10:33:02.304386+00:00
6a85866246e7ff0726d4bfab,EMP000736,krishna.george.736@company.com,EMPLOYEE,default,False,2026-08-19T10:33:02.608253+00:00,2026-08-19T10:33:02.608253+00:00
6a85866246e7ff0726d4bfac,EMP000743,neha.dsouza.743@company.com,EMPLOYEE,default,False,2026-08-19T10:33:02.979349+00:00,2026-08-19T10:33:02.979349+00:00
6a85866246e7ff0726d4bfad,EMP000746,pranav.pillai.746@company.com,EMPLOYEE,default,False,2026-08-19T10:33:03.266499+00:00,2026-08-19T10:33:03.266499+00:00
6a85866246e7ff0726d4bfae,EMP000402,ananya.patel.402@company.com,EMPLOYEE,default,False,2026-08-19T10:33:03.523736+00:00,2026-08-19T10:33:03.523736+00:00
6a85866246e7ff0726d4bfaf,EMP000411,esha.malhotra.411@company.com,EMPLOYEE,default,False,2026-08-19T10:33:03.816694+00:00,2026-08-19T10:33:03.816694+00:00
6a85866246e7ff0726d4bfb0,EMP000430,pranav.nair.430@company.com,EMPLOYEE,default,False,2026-08-19T10:33:04.105091+00:00,2026-08-19T10:33:04.105091+00:00
6a85866246e7ff0726d4bfb1,EMP000437,sahana.iyer.437@company.com,EMPLOYEE,default,False,2026-08-19T10:33:04.364171+00:00,2026-08-19T10:33:04.364171+00:00
6a85866246e7ff0726d4bfb2,EMP000454,harini.bhat.454@company.com,EMPLOYEE,default,False,2026-08-19T10:33:04.661161+00:00,2026-08-19T10:33:04.661161+00:00
6a85866246e7ff0726d4bfb3,EMP000467,shyam.kumar.467@company.com,EMPLOYEE,default,False,2026-08-19T10:33:04.927662+00:00,2026-08-19T10:33:04.927662+00:00
6a85866246e7ff0726d4bfb4,EMP000476,aditi.varma.476@company.com,EMPLOYEE,default,False,2026-08-19T10:33:05.567698+00:00,2026-08-19T10:33:05.567698+00:00
6a85866246e7ff0726d4bfb5,EMP000503,mohan.shah.503@company.com,EMPLOYEE,default,False,2026-08-19T10:33:06.343234+00:00,2026-08-19T10:33:06.343234+00:00
6a85871a46e7ff0726d4bfb6,EMP000513,rakesh.saxena.513@company.com,EMPLOYEE,default,False,2026-08-19T10:33:09.116840+00:00,2026-08-19T10:33:09.116840+00:00
6a85871a46e7ff0726d4bfb7,EMP000532,divya.das.532@company.com,EMPLOYEE,default,False,2026-08-19T10:33:09.405402+00:00,2026-08-19T10:33:09.405402+00:00
6a85871a46e7ff0726d4bfb8,EMP000543,sakshi.dsouza.543@company.com,EMPLOYEE,default,False,2026-08-19T10:33:09.656349+00:00,2026-08-19T10:33:09.656349+00:00
6a85871a46e7ff0726d4bfb9,EMP000553,vishal.shah.553@company.com,EMPLOYEE,default,False,2026-08-19T10:33:09.941302+00:00,2026-08-19T10:33:09.941302+00:00
6a85871a46e7ff0726d4bfba,EMP000555,aditi.jain.555@company.com,EMPLOYEE,default,False,2026-08-19T10:33:10.281550+00:00,2026-08-19T10:33:10.281550+00:00
6a85871a46e7ff0726d4bfbb,EMP000558,akshay.sen.558@company.com,EMPLOYEE,default,False,2026-08-19T10:33:10.576835+00:00,2026-08-19T10:33:10.576835+00:00
6a85871a46e7ff0726d4bfbc,EMP000614,madhav.prasad.614@company.com,EMPLOYEE,default,False,2026-08-19T10:33:10.976078+00:00,2026-08-19T10:33:10.976078+00:00
6a85871a46e7ff0726d4bfbd,EMP000625,shyam.mishra.625@company.com,EMPLOYEE,default,False,2026-08-19T10:33:11.388202+00:00,2026-08-19T10:33:11.388202+00:00
6a85871a46e7ff0726d4bfbe,EMP000634,aditi.mukherjee.634@company.com,EMPLOYEE,default,False,2026-08-19T10:33:11.781184+00:00,2026-08-19T10:33:11.781184+00:00
6a85871a46e7ff0726d4bfbf,EMP000651,isha.sharma.651@company.com,EMPLOYEE,default,False,2026-08-19T10:33:12.369469+00:00,2026-08-19T10:33:12.369469+00:00
6a85871a46e7ff0726d4bfc0,EMP000663,naveen.saxena.663@company.com,EMPLOYEE,default,False,2026-08-19T10:33:12.956587+00:00,2026-08-19T10:33:12.956587+00:00
6a85871a46e7ff0726d4bfc1,EMP000665,nikhil.roy.665@company.com,EMPLOYEE,default,False,2026-08-19T10:33:13.642141+00:00,2026-08-19T10:33:13.642141+00:00
6a85871a46e7ff0726d4bfc2,EMP000666,pooja.reddy.666@company.com,EMPLOYEE,default,False,2026-08-19T10:33:13.948286+00:00,2026-08-19T10:33:13.948286+00:00
6a85871a46e7ff0726d4bfc3,EMP000697,pallavi.shetty.697@company.com,EMPLOYEE,default,False,2026-08-19T10:33:14.247557+00:00,2026-08-19T10:33:14.247557+00:00
6a85871a46e7ff0726d4bfc4,EMP000699,reshma.pandey.699@company.com,EMPLOYEE,default,False,2026-08-19T10:33:14.517053+00:00,2026-08-19T10:33:14.517053+00:00
6a85871a46e7ff0726d4bfc5,EMP000714,aditya.prasad.714@company.com,EMPLOYEE,default,False,2026-08-19T10:33:14.792427+00:00,2026-08-19T10:33:14.792427+00:00
6a85871a46e7ff0726d4bfc6,EMP000381,pallavi.gupta.381@company.com,EMPLOYEE,default,False,2026-08-19T10:33:15.062713+00:00,2026-08-19T10:33:15.062713+00:00
6a85871a46e7ff0726d4bfc7,EMP000386,sameer.george.386@company.com,EMPLOYEE,default,False,2026-08-19T10:33:15.331727+00:00,2026-08-19T10:33:15.331727+00:00
6a85871a46e7ff0726d4bfc8,EMP000416,jahnavi.reddy.416@company.com,EMPLOYEE,default,False,2026-08-19T10:33:15.595832+00:00,2026-08-19T10:33:15.595832+00:00
6a85871a46e7ff0726d4bfc9,EMP000431,priya.gupta.431@company.com,EMPLOYEE,default,False,2026-08-19T10:33:15.873737+00:00,2026-08-19T10:33:15.873737+00:00
6a85871a46e7ff0726d4bfca,EMP000463,rohan.saxena.463@company.com,EMPLOYEE,default,False,2026-08-19T10:33:16.152138+00:00,2026-08-19T10:33:16.152138+00:00
6a85871a46e7ff0726d4bfcb,EMP000483,arnav.krishnan.483@company.com,EMPLOYEE,default,False,2026-08-19T10:33:16.492703+00:00,2026-08-19T10:33:16.492703+00:00
6a85871a46e7ff0726d4bfcc,EMP000489,diya.bose.489@company.com,EMPLOYEE,default,False,2026-08-19T10:33:16.801590+00:00,2026-08-19T10:33:16.801590+00:00
6a85871a46e7ff0726d4bfcd,EMP000496,karan.pillai.496@company.com,EMPLOYEE,default,False,2026-08-19T10:33:17.186195+00:00,2026-08-19T10:33:17.186195+00:00
6a85871a46e7ff0726d4bfce,EMP000497,kavya.shetty.497@company.com,EMPLOYEE,default,False,2026-08-19T10:33:17.659675+00:00,2026-08-19T10:33:17.659675+00:00
6a85871a46e7ff0726d4bfcf,EMP000498,kiran.agarwal.498@company.com,EMPLOYEE,default,False,2026-08-19T10:33:18.395845+00:00,2026-08-19T10:33:18.395845+00:00
6a85871a46e7ff0726d4bfd0,EMP000502,meera.patel.502@company.com,EMPLOYEE,default,False,2026-08-19T10:33:18.713787+00:00,2026-08-19T10:33:18.713787+00:00
6a85871a46e7ff0726d4bfd1,EMP000507,nikhil.thomas.507@company.com,EMPLOYEE,default,False,2026-08-19T10:33:18.992431+00:00,2026-08-19T10:33:18.992431+00:00
6a85871a46e7ff0726d4bfd2,EMP000549,surya.pandey.549@company.com,EMPLOYEE,default,False,2026-08-19T10:33:19.280663+00:00,2026-08-19T10:33:19.280663+00:00
6a85871a46e7ff0726d4bfd3,EMP000581,meera.gupta.581@company.com,EMPLOYEE,default,False,2026-08-19T10:33:19.551433+00:00,2026-08-19T10:33:19.551433+00:00
6a85871a46e7ff0726d4bfd4,EMP000593,riya.dsouza.593@company.com,EMPLOYEE,default,False,2026-08-19T10:33:19.814990+00:00,2026-08-19T10:33:19.814990+00:00
6a85871a46e7ff0726d4bfd5,EMP000618,pallavi.chopra.618@company.com,EMPLOYEE,default,False,2026-08-19T10:33:20.101009+00:00,2026-08-19T10:33:20.101009+00:00
6a85871a46e7ff0726d4bfd6,EMP000622,sakshi.joseph.622@company.com,EMPLOYEE,default,False,2026-08-19T10:33:20.353515+00:00,2026-08-19T10:33:20.353515+00:00
6a85871a46e7ff0726d4bfd7,EMP000644,chetan.verma.644@company.com,EMPLOYEE,default,False,2026-08-19T10:33:20.609283+00:00,2026-08-19T10:33:20.609283+00:00
6a85871a46e7ff0726d4bfd8,EMP000661,mohan.malhotra.661@company.com,EMPLOYEE,default,False,2026-08-19T10:33:20.895611+00:00,2026-08-19T10:33:20.895611+00:00
6a85871a46e7ff0726d4bfd9,EMP000701,sakshi.sharma.701@company.com,EMPLOYEE,default,False,2026-08-19T10:33:21.180948+00:00,2026-08-19T10:33:21.180948+00:00
6a85871a46e7ff0726d4bfda,EMP000721,ashwin.gowda.721@company.com,EMPLOYEE,default,False,2026-08-19T10:33:21.445310+00:00,2026-08-19T10:33:21.445310+00:00
6a85871a46e7ff0726d4bfdb,EMP000723,chetan.menon.723@company.com,EMPLOYEE,default,False,2026-08-19T10:33:21.756513+00:00,2026-08-19T10:33:21.756513+00:00
6a85871a46e7ff0726d4bfdc,EMP000728,gaurav.hegde.728@company.com,EMPLOYEE,default,False,2026-08-19T10:33:22.009115+00:00,2026-08-19T10:33:22.009115+00:00
6a85871a46e7ff0726d4bfdd,EMP000733,karan.krishnan.733@company.com,EMPLOYEE,default,False,2026-08-19T10:33:22.353722+00:00,2026-08-19T10:33:22.353722+00:00
6a85871a46e7ff0726d4bfde,EMP000735,kiran.tripathi.735@company.com,EMPLOYEE,default,False,2026-08-19T10:33:22.608152+00:00,2026-08-19T10:33:22.608152+00:00
6a85871a46e7ff0726d4bfdf,EMP000376,keerthi.varma.376@company.com,EMPLOYEE,default,False,2026-08-19T10:33:22.873215+00:00,2026-08-19T10:33:22.873215+00:00
6a85871a46e7ff0726d4bfe0,EMP000424,mohan.singh.424@company.com,EMPLOYEE,default,False,2026-08-19T10:33:23.156654+00:00,2026-08-19T10:33:23.156654+00:00
6a85871a46e7ff0726d4bfe1,EMP000442,srinivas.yadav.442@company.com,EMPLOYEE,default,False,2026-08-19T10:33:23.409591+00:00,2026-08-19T10:33:23.409591+00:00
6a85871a46e7ff0726d4bfe2,EMP000443,swathi.dsouza.443@company.com,EMPLOYEE,default,False,2026-08-19T10:33:23.682883+00:00,2026-08-19T10:33:23.682883+00:00
6a85871a46e7ff0726d4bfe3,EMP000445,varun.mehta.445@company.com,EMPLOYEE,default,False,2026-08-19T10:33:24.010583+00:00,2026-08-19T10:33:24.010583+00:00
6a85871a46e7ff0726d4bfe4,EMP000446,vikram.pillai.446@company.com,EMPLOYEE,default,False,2026-08-19T10:33:24.289559+00:00,2026-08-19T10:33:24.289559+00:00
6a85871a46e7ff0726d4bfe5,EMP000447,vivek.shetty.447@company.com,EMPLOYEE,default,False,2026-08-19T10:33:24.592242+00:00,2026-08-19T10:33:24.592242+00:00
6a85871a46e7ff0726d4bfe6,EMP000448,yash.agarwal.448@company.com,EMPLOYEE,default,False,2026-08-19T10:33:24.889545+00:00,2026-08-19T10:33:24.889545+00:00
6a85871a46e7ff0726d4bfe7,EMP000455,keerthi.jain.455@company.com,EMPLOYEE,default,False,2026-08-19T10:33:25.219716+00:00,2026-08-19T10:33:25.219716+00:00
6a85871a46e7ff0726d4bfe8,EMP000466,shalini.reddy.466@company.com,EMPLOYEE,default,False,2026-08-19T10:33:25.597761+00:00,2026-08-19T10:33:25.597761+00:00
6a85871a46e7ff0726d4bfe9,EMP000475,aarav.mishra.475@company.com,EMPLOYEE,default,False,2026-08-19T10:33:25.900290+00:00,2026-08-19T10:33:25.900290+00:00
6a85871a46e7ff0726d4bfea,EMP000499,krishna.pandey.499@company.com,EMPLOYEE,default,False,2026-08-19T10:33:26.172821+00:00,2026-08-19T10:33:26.172821+00:00
6a85871a46e7ff0726d4bfeb,EMP000511,rahul.malhotra.511@company.com,EMPLOYEE,default,False,2026-08-19T10:33:26.440906+00:00,2026-08-19T10:33:26.440906+00:00
6a85871a46e7ff0726d4bfec,EMP000527,yash.chatterjee.527@company.com,EMPLOYEE,default,False,2026-08-19T10:33:26.707498+00:00,2026-08-19T10:33:26.707498+00:00
6a85871a46e7ff0726d4bfed,EMP000545,shalini.mehta.545@company.com,EMPLOYEE,default,False,2026-08-19T10:33:26.992410+00:00,2026-08-19T10:33:26.992410+00:00
6a85871a46e7ff0726d4bfee,EMP000564,bhavana.prasad.564@company.com,EMPLOYEE,default,False,2026-08-19T10:33:27.299907+00:00,2026-08-19T10:33:27.299907+00:00
6a85871a46e7ff0726d4bfef,EMP000572,isha.joseph.572@company.com,EMPLOYEE,default,False,2026-08-19T10:33:27.584101+00:00,2026-08-19T10:33:27.584101+00:00
6a85871a46e7ff0726d4bff0,EMP000579,lakshmi.mathew.579@company.com,EMPLOYEE,default,False,2026-08-19T10:33:27.837145+00:00,2026-08-19T10:33:27.837145+00:00
6a85871a46e7ff0726d4bff1,EMP000592,rakesh.yadav.592@company.com,EMPLOYEE,default,False,2026-08-19T10:33:28.152623+00:00,2026-08-19T10:33:28.152623+00:00
6a85871a46e7ff0726d4bff2,EMP000620,reshma.sinha.620@company.com,EMPLOYEE,default,False,2026-08-19T10:33:28.544243+00:00,2026-08-19T10:33:28.544243+00:00
6a85871a46e7ff0726d4bff3,EMP000623,sameer.menon.623@company.com,EMPLOYEE,default,False,2026-08-19T10:33:28.920882+00:00,2026-08-19T10:33:28.920882+00:00
6a85871a46e7ff0726d4bff4,EMP000628,surya.hegde.628@company.com,EMPLOYEE,default,False,2026-08-19T10:33:29.348712+00:00,2026-08-19T10:33:29.348712+00:00
6a85871a46e7ff0726d4bff5,EMP000653,jahnavi.shah.653@company.com,EMPLOYEE,default,False,2026-08-19T10:33:30.912593+00:00,2026-08-19T10:33:30.912593+00:00
6a85871a46e7ff0726d4bff6,EMP000658,lakshmi.sen.658@company.com,EMPLOYEE,default,False,2026-08-19T10:33:31.706666+00:00,2026-08-19T10:33:31.706666+00:00
6a85871a46e7ff0726d4bff7,EMP000669,rahul.desai.669@company.com,EMPLOYEE,default,False,2026-08-19T10:33:32.106071+00:00,2026-08-19T10:33:32.106071+00:00
6a85871a46e7ff0726d4bff8,EMP000678,sneha.hegde.678@company.com,EMPLOYEE,default,False,2026-08-19T10:33:32.480825+00:00,2026-08-19T10:33:32.480825+00:00
6a85871a46e7ff0726d4bff9,EMP000687,abhinav.iyer.687@company.com,EMPLOYEE,default,False,2026-08-19T10:33:32.809841+00:00,2026-08-19T10:33:32.809841+00:00
6a85871a46e7ff0726d4bffa,EMP000696,nithin.pillai.696@company.com,EMPLOYEE,default,False,2026-08-19T10:33:33.146439+00:00,2026-08-19T10:33:33.146439+00:00
6a85871a46e7ff0726d4bffb,EMP000713,aditi.saxena.713@company.com,EMPLOYEE,default,False,2026-08-19T10:33:33.423373+00:00,2026-08-19T10:33:33.423373+00:00
6a85871a46e7ff0726d4bffc,EMP000384,rohan.mukherjee.384@company.com,EMPLOYEE,default,False,2026-08-19T10:33:33.759378+00:00,2026-08-19T10:33:33.759378+00:00
6a85871a46e7ff0726d4bffd,EMP000387,shalini.iyer.387@company.com,EMPLOYEE,default,False,2026-08-19T10:33:34.096324+00:00,2026-08-19T10:33:34.096324+00:00
6a85871a46e7ff0726d4bffe,EMP000418,kavya.chopra.418@company.com,EMPLOYEE,default,False,2026-08-19T10:33:34.466165+00:00,2026-08-19T10:33:34.466165+00:00
6a85871a46e7ff0726d4bfff,EMP000422,manish.joseph.422@company.com,EMPLOYEE,default,False,2026-08-19T10:33:34.895035+00:00,2026-08-19T10:33:34.895035+00:00
6a85871a46e7ff0726d4c000,EMP000465,sameer.roy.465@company.com,EMPLOYEE,default,False,2026-08-19T10:33:35.446764+00:00,2026-08-19T10:33:35.446764+00:00
6a85871a46e7ff0726d4c001,EMP000477,aditya.chatterjee.477@company.com,EMPLOYEE,default,False,2026-08-19T10:33:35.737170+00:00,2026-08-19T10:33:35.737170+00:00
6a85871a46e7ff0726d4c002,EMP000492,harish.yadav.492@company.com,EMPLOYEE,default,False,2026-08-19T10:33:36.017516+00:00,2026-08-19T10:33:36.017516+00:00
6a85871a46e7ff0726d4c003,EMP000509,pranav.rao.509@company.com,EMPLOYEE,default,False,2026-08-19T10:33:36.332941+00:00,2026-08-19T10:33:36.332941+00:00
6a85871a46e7ff0726d4c004,EMP000525,vikram.mishra.525@company.com,EMPLOYEE,default,False,2026-08-19T10:33:36.631777+00:00,2026-08-19T10:33:36.631777+00:00
6a85871a46e7ff0726d4c005,EMP000533,harini.krishnan.533@company.com,EMPLOYEE,default,False,2026-08-19T10:33:36.899440+00:00,2026-08-19T10:33:36.899440+00:00
6a85871a46e7ff0726d4c006,EMP000550,vaishnavi.fernandes.550@company.com,EMPLOYEE,default,False,2026-08-19T10:33:37.178346+00:00,2026-08-19T10:33:37.178346+00:00
6a85871a46e7ff0726d4c007,EMP000589,priya.bose.589@company.com,EMPLOYEE,default,False,2026-08-19T10:33:37.451772+00:00,2026-08-19T10:33:37.451772+00:00
6a85871a46e7ff0726d4c008,EMP000600,srinivas.fernandes.600@company.com,EMPLOYEE,default,False,2026-08-19T10:33:37.708171+00:00,2026-08-19T10:33:37.708171+00:00
6a85871a46e7ff0726d4c009,EMP000604,vikram.bhat.604@company.com,EMPLOYEE,default,False,2026-08-19T10:33:37.975990+00:00,2026-08-19T10:33:37.975990+00:00
6a85871a46e7ff0726d4c00a,EMP000626,siddharth.varma.626@company.com,EMPLOYEE,default,False,2026-08-19T10:33:38.237568+00:00,2026-08-19T10:33:38.237568+00:00
6a85871a46e7ff0726d4c00b,EMP000650,harish.fernandes.650@company.com,EMPLOYEE,default,False,2026-08-19T10:33:38.491421+00:00,2026-08-19T10:33:38.491421+00:00
6a85871a46e7ff0726d4c00c,EMP000671,rakesh.gowda.671@company.com,EMPLOYEE,default,False,2026-08-19T10:33:38.743285+00:00,2026-08-19T10:33:38.743285+00:00
6a85871a46e7ff0726d4c00d,EMP000683,vikram.krishnan.683@company.com,EMPLOYEE,default,False,2026-08-19T10:33:39.332250+00:00,2026-08-19T10:33:39.332250+00:00
6a85871a46e7ff0726d4c00e,EMP000732,jahnavi.das.732@company.com,EMPLOYEE,default,False,2026-08-19T10:33:39.744458+00:00,2026-08-19T10:33:39.744458+00:00
6a85871a46e7ff0726d4c00f,EMP000738,manish.kapoor.738@company.com,EMPLOYEE,default,False,2026-08-19T10:33:40.062305+00:00,2026-08-19T10:33:40.062305+00:00
6a85871a46e7ff0726d4c010,EMP000391,surya.banerjee.391@company.com,EMPLOYEE,default,False,2026-08-19T10:33:40.316120+00:00,2026-08-19T10:33:40.316120+00:00
6a85871a46e7ff0726d4c011,EMP000398,aditya.agarwal.398@company.com,EMPLOYEE,default,False,2026-08-19T10:33:40.576496+00:00,2026-08-19T10:33:40.576496+00:00
6a85871a46e7ff0726d4c012,EMP000419,kiran.desai.419@company.com,EMPLOYEE,default,False,2026-08-19T10:33:40.873962+00:00,2026-08-19T10:33:40.873962+00:00
6a85871a46e7ff0726d4c013,EMP000426,naveen.varma.426@company.com,EMPLOYEE,default,False,2026-08-19T10:33:41.172578+00:00,2026-08-19T10:33:41.172578+00:00
6a85871a46e7ff0726d4c014,EMP000521,srinivas.gowda.521@company.com,EMPLOYEE,default,False,2026-08-19T10:33:41.543701+00:00,2026-08-19T10:33:41.543701+00:00
6a85871a46e7ff0726d4c015,EMP000522,swathi.joseph.522@company.com,EMPLOYEE,default,False,2026-08-19T10:33:41.914328+00:00,2026-08-19T10:33:41.914328+00:00
6a85871a46e7ff0726d4c016,EMP000546,shyam.pillai.546@company.com,EMPLOYEE,default,False,2026-08-19T10:33:42.283399+00:00,2026-08-19T10:33:42.283399+00:00
6a85871a46e7ff0726d4c017,EMP000547,siddharth.shetty.547@company.com,EMPLOYEE,default,False,2026-08-19T10:33:42.614501+00:00,2026-08-19T10:33:42.614501+00:00
6a85871a46e7ff0726d4c018,EMP000548,simran.agarwal.548@company.com,EMPLOYEE,default,False,2026-08-19T10:33:42.885285+00:00,2026-08-19T10:33:42.885285+00:00
6a85871a46e7ff0726d4c019,EMP000554,aarav.bhat.554@company.com,EMPLOYEE,default,False,2026-08-19T10:33:43.200748+00:00,2026-08-19T10:33:43.200748+00:00
6a85871a46e7ff0726d4c01a,EMP000567,dev.kumar.567@company.com,EMPLOYEE,default,False,2026-08-19T10:33:43.483638+00:00,2026-08-19T10:33:43.483638+00:00
6a85871a46e7ff0726d4c01b,EMP000583,nandini.krishnan.583@company.com,EMPLOYEE,default,False,2026-08-19T10:33:43.760028+00:00,2026-08-19T10:33:43.760028+00:00
6a85871a46e7ff0726d4c01c,EMP000596,sanjay.pillai.596@company.com,EMPLOYEE,default,False,2026-08-19T10:33:44.011700+00:00,2026-08-19T10:33:44.011700+00:00
6a85871a46e7ff0726d4c01d,EMP000637,akshay.iyer.637@company.com,EMPLOYEE,default,False,2026-08-19T10:33:44.258651+00:00,2026-08-19T10:33:44.258651+00:00
6a85871a46e7ff0726d4c01e,EMP000670,raj.sinha.670@company.com,EMPLOYEE,default,False,2026-08-19T10:33:44.512352+00:00,2026-08-19T10:33:44.512352+00:00
6a85871a46e7ff0726d4c01f,EMP000691,harini.banerjee.691@company.com,EMPLOYEE,default,False,2026-08-19T10:33:44.772278+00:00,2026-08-19T10:33:44.772278+00:00
6a85871a46e7ff0726d4c020,EMP000694,manasa.verma.694@company.com,EMPLOYEE,default,False,2026-08-19T10:33:45.030327+00:00,2026-08-19T10:33:45.030327+00:00
6a85871a46e7ff0726d4c021,EMP000698,pradeep.agarwal.698@company.com,EMPLOYEE,default,False,2026-08-19T10:33:45.361485+00:00,2026-08-19T10:33:45.361485+00:00
6a85871a46e7ff0726d4c022,EMP000715,akash.roy.715@company.com,EMPLOYEE,default,False,2026-08-19T10:33:45.695237+00:00,2026-08-19T10:33:45.695237+00:00
6a85871a46e7ff0726d4c023,EMP000716,akshay.reddy.716@company.com,EMPLOYEE,default,False,2026-08-19T10:33:45.977180+00:00,2026-08-19T10:33:45.977180+00:00
6a85871a46e7ff0726d4c024,EMP000725,dev.mishra.725@company.com,EMPLOYEE,default,False,2026-08-19T10:33:46.307936+00:00,2026-08-19T10:33:46.307936+00:00
6a85871a46e7ff0726d4c025,EMP000729,harish.mathew.729@company.com,EMPLOYEE,default,False,2026-08-19T10:33:46.747246+00:00,2026-08-19T10:33:46.747246+00:00
6a85871a46e7ff0726d4c026,EMP000734,kavya.mukherjee.734@company.com,EMPLOYEE,default,False,2026-08-19T10:33:47.000302+00:00,2026-08-19T10:33:47.000302+00:00
6a85871a46e7ff0726d4c027,EMP000740,mohan.naidu.740@company.com,EMPLOYEE,default,False,2026-08-19T10:33:47.283272+00:00,2026-08-19T10:33:47.283272+00:00
6a85871a46e7ff0726d4c028,EMP000741,nandini.banerjee.741@company.com,EMPLOYEE,default,False,2026-08-19T10:33:47.545330+00:00,2026-08-19T10:33:47.545330+00:00
6a85871a46e7ff0726d4c029,EMP000379,monica.mathew.379@company.com,EMPLOYEE,default,False,2026-08-19T10:33:47.786907+00:00,2026-08-19T10:33:47.786907+00:00
6a85871a46e7ff0726d4c02a,EMP000380,nithin.nair.380@company.com,EMPLOYEE,default,False,2026-08-19T10:33:48.034324+00:00,2026-08-19T10:33:48.034324+00:00
6a85871a46e7ff0726d4c02b,EMP000385,sakshi.tripathi.385@company.com,EMPLOYEE,default,False,2026-08-19T10:33:48.289627+00:00,2026-08-19T10:33:48.289627+00:00
6a85871a46e7ff0726d4c02c,EMP000396,aarav.pillai.396@company.com,EMPLOYEE,default,False,2026-08-19T10:33:48.565676+00:00,2026-08-19T10:33:48.565676+00:00
6a85871a46e7ff0726d4c02d,EMP000409,dev.rao.409@company.com,EMPLOYEE,default,False,2026-08-19T10:33:48.821810+00:00,2026-08-19T10:33:48.821810+00:00
6a85871a46e7ff0726d4c02e,EMP000425,nandini.mishra.425@company.com,EMPLOYEE,default,False,2026-08-19T10:33:49.089700+00:00,2026-08-19T10:33:49.089700+00:00
6a85871a46e7ff0726d4c02f,EMP000429,pooja.mathew.429@company.com,EMPLOYEE,default,False,2026-08-19T10:33:49.348915+00:00,2026-08-19T10:33:49.348915+00:00
6a85871a46e7ff0726d4c030,EMP000436,rohit.george.436@company.com,EMPLOYEE,default,False,2026-08-19T10:33:49.603122+00:00,2026-08-19T10:33:49.603122+00:00
6a85871a46e7ff0726d4c031,EMP000441,sneha.banerjee.441@company.com,EMPLOYEE,default,False,2026-08-19T10:33:49.853836+00:00,2026-08-19T10:33:49.853836+00:00
6a85871a46e7ff0726d4c032,EMP000462,reshma.kulkarni.462@company.com,EMPLOYEE,default,False,2026-08-19T10:33:50.266015+00:00,2026-08-19T10:33:50.266015+00:00
6a85871a46e7ff0726d4c033,EMP000464,sakshi.prasad.464@company.com,EMPLOYEE,default,False,2026-08-19T10:33:50.593862+00:00,2026-08-19T10:33:50.593862+00:00
6a85871a46e7ff0726d4c034,EMP000473,vidya.menon.473@company.com,EMPLOYEE,default,False,2026-08-19T10:33:50.976843+00:00,2026-08-19T10:33:50.976843+00:00
6a85871a46e7ff0726d4c035,EMP000481,ananya.gupta.481@company.com,EMPLOYEE,default,False,2026-08-19T10:33:51.395445+00:00,2026-08-19T10:33:51.395445+00:00
6a85871a46e7ff0726d4c036,EMP000518,sanjana.chopra.518@company.com,EMPLOYEE,default,False,2026-08-19T10:33:51.679894+00:00,2026-08-19T10:33:51.679894+00:00
6a85871a46e7ff0726d4c037,EMP000528,zoya.hegde.528@company.com,EMPLOYEE,default,False,2026-08-19T10:33:51.957938+00:00,2026-08-19T10:33:51.957938+00:00
6a85871a46e7ff0726d4c038,EMP000611,divya.malhotra.611@company.com,EMPLOYEE,default,False,2026-08-19T10:33:52.273888+00:00,2026-08-19T10:33:52.273888+00:00
6a85871a46e7ff0726d4c039,EMP000641,arnav.banerjee.641@company.com,EMPLOYEE,default,False,2026-08-19T10:33:52.570087+00:00,2026-08-19T10:33:52.570087+00:00
6a85871a46e7ff0726d4c03a,EMP000667,pranav.kumar.667@company.com,EMPLOYEE,default,False,2026-08-19T10:33:52.859071+00:00,2026-08-19T10:33:52.859071+00:00
6a85871a46e7ff0726d4c03b,EMP000702,sameer.patel.702@company.com,EMPLOYEE,default,False,2026-08-19T10:33:53.176228+00:00,2026-08-19T10:33:53.176228+00:00
6a85871a46e7ff0726d4c03c,EMP000706,simran.thakur.706@company.com,EMPLOYEE,default,False,2026-08-19T10:33:53.462265+00:00,2026-08-19T10:33:53.462265+00:00
6a85871a46e7ff0726d4c03d,EMP000731,ishaan.gupta.731@company.com,EMPLOYEE,default,False,2026-08-19T10:33:53.822962+00:00,2026-08-19T10:33:53.822962+00:00
6a85871a46e7ff0726d4c03e,EMP000747,priya.shetty.747@company.com,EMPLOYEE,default,False,2026-08-19T10:33:54.315151+00:00,2026-08-19T10:33:54.315151+00:00
6a85871a46e7ff0726d4c03f,EMP000395,vishal.mehta.395@company.com,EMPLOYEE,default,False,2026-08-19T10:33:54.757899+00:00,2026-08-19T10:33:54.757899+00:00
6a85871a46e7ff0726d4c040,EMP000399,akash.pandey.399@company.com,EMPLOYEE,default,False,2026-08-19T10:33:55.412031+00:00,2026-08-19T10:33:55.412031+00:00
6a85871a46e7ff0726d4c041,EMP000434,rakesh.mukherjee.434@company.com,EMPLOYEE,default,False,2026-08-19T10:33:55.831198+00:00,2026-08-19T10:33:55.831198+00:00
6a85871a46e7ff0726d4c042,EMP000444,tanvi.verma.444@company.com,EMPLOYEE,default,False,2026-08-19T10:33:56.326333+00:00,2026-08-19T10:33:56.326333+00:00
6a85871a46e7ff0726d4c043,EMP000457,manasa.thomas.457@company.com,EMPLOYEE,default,False,2026-08-19T10:33:56.710383+00:00,2026-08-19T10:33:56.710383+00:00
6a85871a46e7ff0726d4c044,EMP000485,bhavana.tripathi.485@company.com,EMPLOYEE,default,False,2026-08-19T10:33:57.138211+00:00,2026-08-19T10:33:57.138211+00:00
6a85871a46e7ff0726d4c045,EMP000508,pooja.sen.508@company.com,EMPLOYEE,default,False,2026-08-19T10:33:57.475965+00:00,2026-08-19T10:33:57.475965+00:00
6a85871a46e7ff0726d4c046,EMP000542,rohan.yadav.542@company.com,EMPLOYEE,default,False,2026-08-19T10:33:57.836418+00:00,2026-08-19T10:33:57.836418+00:00
6a85871a46e7ff0726d4c047,EMP000585,neha.tripathi.585@company.com,EMPLOYEE,default,False,2026-08-19T10:33:58.238169+00:00,2026-08-19T10:33:58.238169+00:00
6a85871a46e7ff0726d4c048,EMP000612,harini.kulkarni.612@company.com,EMPLOYEE,default,False,2026-08-19T10:33:58.637171+00:00,2026-08-19T10:33:58.637171+00:00
6a85871a46e7ff0726d4c049,EMP000616,monica.reddy.616@company.com,EMPLOYEE,default,False,2026-08-19T10:33:59.039175+00:00,2026-08-19T10:33:59.039175+00:00
6a85871a46e7ff0726d4c04a,EMP000630,vasudha.nair.630@company.com,EMPLOYEE,default,False,2026-08-19T10:33:59.422073+00:00,2026-08-19T10:33:59.422073+00:00
6a85871a46e7ff0726d4c04b,EMP000649,gaurav.pandey.649@company.com,EMPLOYEE,default,False,2026-08-19T10:33:59.984018+00:00,2026-08-19T10:33:59.984018+00:00
6a85871a46e7ff0726d4c04c,EMP000654,karan.bhat.654@company.com,EMPLOYEE,default,False,2026-08-19T10:34:00.504083+00:00,2026-08-19T10:34:00.504083+00:00
6a85871a46e7ff0726d4c04d,EMP000664,neha.prasad.664@company.com,EMPLOYEE,default,False,2026-08-19T10:34:00.994895+00:00,2026-08-19T10:34:00.994895+00:00
6a85871a46e7ff0726d4c04e,EMP000700,rohan.fernandes.700@company.com,EMPLOYEE,default,False,2026-08-19T10:34:01.487069+00:00,2026-08-19T10:34:01.487069+00:00
6a85871a46e7ff0726d4c04f,EMP000708,vaishnavi.sen.708@company.com,EMPLOYEE,default,False,2026-08-19T10:34:01.859338+00:00,2026-08-19T10:34:01.859338+00:00
6a85871a46e7ff0726d4c050,EMP000389,siddharth.bose.389@company.com,EMPLOYEE,default,False,2026-08-19T10:34:02.263707+00:00,2026-08-19T10:34:02.263707+00:00
6a85871a46e7ff0726d4c051,EMP000397,aditi.shetty.397@company.com,EMPLOYEE,default,False,2026-08-19T10:34:02.566786+00:00,2026-08-19T10:34:02.566786+00:00
6a85871a46e7ff0726d4c052,EMP000440,shreya.naidu.440@company.com,EMPLOYEE,default,False,2026-08-19T10:34:02.915402+00:00,2026-08-19T10:34:02.915402+00:00
6a85871a46e7ff0726d4c053,EMP000449,zoya.pandey.449@company.com,EMPLOYEE,default,False,2026-08-19T10:34:03.196459+00:00,2026-08-19T10:34:03.196459+00:00
6a85871a46e7ff0726d4c054,EMP000478,akash.hegde.478@company.com,EMPLOYEE,default,False,2026-08-19T10:34:03.581385+00:00,2026-08-19T10:34:03.581385+00:00
6a85871a46e7ff0726d4c055,EMP000488,dev.kapoor.488@company.com,EMPLOYEE,default,False,2026-08-19T10:34:03.917552+00:00,2026-08-19T10:34:03.917552+00:00
6a85871a46e7ff0726d4c056,EMP000501,manish.sharma.501@company.com,EMPLOYEE,default,False,2026-08-19T10:34:04.275205+00:00,2026-08-19T10:34:04.275205+00:00
6a85871a46e7ff0726d4c057,EMP000529,abhinav.mathew.529@company.com,EMPLOYEE,default,False,2026-08-19T10:34:04.573852+00:00,2026-08-19T10:34:04.573852+00:00
6a85871a46e7ff0726d4c058,EMP000531,anirudh.gupta.531@company.com,EMPLOYEE,default,False,2026-08-19T10:34:04.932634+00:00,2026-08-19T10:34:04.932634+00:00
6a85871a46e7ff0726d4c059,EMP000574,jahnavi.singh.574@company.com,EMPLOYEE,default,False,2026-08-19T10:34:05.310598+00:00,2026-08-19T10:34:05.310598+00:00
6a85871a46e7ff0726d4c05a,EMP000578,krishna.hegde.578@company.com,EMPLOYEE,default,False,2026-08-19T10:34:05.697158+00:00,2026-08-19T10:34:05.697158+00:00
6a85871a46e7ff0726d4c05b,EMP000582,mohan.das.582@company.com,EMPLOYEE,default,False,2026-08-19T10:34:06.003507+00:00,2026-08-19T10:34:06.003507+00:00
6a85871a46e7ff0726d4c05c,EMP000601,swathi.sharma.601@company.com,EMPLOYEE,default,False,2026-08-19T10:34:06.313343+00:00,2026-08-19T10:34:06.313343+00:00
6a85871a46e7ff0726d4c05d,EMP000608,abhinav.sen.608@company.com,EMPLOYEE,default,False,2026-08-19T10:34:06.743313+00:00,2026-08-19T10:34:06.743313+00:00
6a85871a46e7ff0726d4c05e,EMP000640,arjun.naidu.640@company.com,EMPLOYEE,default,False,2026-08-19T10:34:07.047855+00:00,2026-08-19T10:34:07.047855+00:00
6a85871a46e7ff0726d4c05f,EMP000659,manish.rao.659@company.com,EMPLOYEE,default,False,2026-08-19T10:34:07.428053+00:00,2026-08-19T10:34:07.428053+00:00
6a85871a46e7ff0726d4c060,EMP000677,shreya.chatterjee.677@company.com,EMPLOYEE,default,False,2026-08-19T10:34:07.718573+00:00,2026-08-19T10:34:07.718573+00:00
6a85871a46e7ff0726d4c061,EMP000685,yash.tripathi.685@company.com,EMPLOYEE,default,False,2026-08-19T10:34:08.010040+00:00,2026-08-19T10:34:08.010040+00:00
6a85871a46e7ff0726d4c062,EMP000688,anjali.kapoor.688@company.com,EMPLOYEE,default,False,2026-08-19T10:34:08.311252+00:00,2026-08-19T10:34:08.311252+00:00
6a85871a46e7ff0726d4c063,EMP000703,shalini.shah.703@company.com,EMPLOYEE,default,False,2026-08-19T10:34:08.637520+00:00,2026-08-19T10:34:08.637520+00:00
6a85871a46e7ff0726d4c064,EMP000707,surya.thomas.707@company.com,EMPLOYEE,default,False,2026-08-19T10:34:08.949415+00:00,2026-08-19T10:34:08.949415+00:00
6a85871a46e7ff0726d4c065,EMP000737,lakshmi.iyer.737@company.com,EMPLOYEE,default,False,2026-08-19T10:34:09.250061+00:00,2026-08-19T10:34:09.250061+00:00
6a85871a46e7ff0726d4c066,EMP000382,pradeep.das.382@company.com,EMPLOYEE,default,False,2026-08-19T10:34:09.538201+00:00,2026-08-19T10:34:09.538201+00:00
6a85871a46e7ff0726d4c067,EMP000405,ashwin.jain.405@company.com,EMPLOYEE,default,False,2026-08-19T10:34:09.817760+00:00,2026-08-19T10:34:09.817760+00:00
6a85871a46e7ff0726d4c068,EMP000406,bhavana.thakur.406@company.com,EMPLOYEE,default,False,2026-08-19T10:34:10.144732+00:00,2026-08-19T10:34:10.144732+00:00
6a85871a46e7ff0726d4c069,EMP000423,meera.menon.423@company.com,EMPLOYEE,default,False,2026-08-19T10:34:10.502982+00:00,2026-08-19T10:34:10.502982+00:00
6a85871a46e7ff0726d4c06a,EMP000428,nikhil.hegde.428@company.com,EMPLOYEE,default,False,2026-08-19T10:34:10.836081+00:00,2026-08-19T10:34:10.836081+00:00
6a85871a46e7ff0726d4c06b,EMP000458,monica.sen.458@company.com,EMPLOYEE,default,False,2026-08-19T10:34:11.255390+00:00,2026-08-19T10:34:11.255390+00:00
6a85871a46e7ff0726d4c06c,EMP000459,nithin.rao.459@company.com,EMPLOYEE,default,False,2026-08-19T10:34:11.522291+00:00,2026-08-19T10:34:11.522291+00:00
6a85871a46e7ff0726d4c06d,EMP000479,akshay.mathew.479@company.com,EMPLOYEE,default,False,2026-08-19T10:34:11.917877+00:00,2026-08-19T10:34:11.917877+00:00
6a85871a46e7ff0726d4c06e,EMP000495,jahnavi.mehta.495@company.com,EMPLOYEE,default,False,2026-08-19T10:34:12.265842+00:00,2026-08-19T10:34:12.265842+00:00
6a85871a46e7ff0726d4c06f,EMP000519,shreya.desai.519@company.com,EMPLOYEE,default,False,2026-08-19T10:34:12.557333+00:00,2026-08-19T10:34:12.557333+00:00
6a85871a46e7ff0726d4c070,EMP000534,keerthi.mukherjee.534@company.com,EMPLOYEE,default,False,2026-08-19T10:34:12.836159+00:00,2026-08-19T10:34:12.836159+00:00
6a85871a46e7ff0726d4c071,EMP000552,vidya.patel.552@company.com,EMPLOYEE,default,False,2026-08-19T10:34:13.148277+00:00,2026-08-19T10:34:13.148277+00:00
6a85871a46e7ff0726d4c072,EMP000566,deepa.reddy.566@company.com,EMPLOYEE,default,False,2026-08-19T10:34:13.426438+00:00,2026-08-19T10:34:13.426438+00:00
6a85871a46e7ff0726d4c073,EMP000570,gaurav.sinha.570@company.com,EMPLOYEE,default,False,2026-08-19T10:34:13.751384+00:00,2026-08-19T10:34:13.751384+00:00
6a85871a46e7ff0726d4c074,EMP000599,sneha.pandey.599@company.com,EMPLOYEE,default,False,2026-08-19T10:34:14.060416+00:00,2026-08-19T10:34:14.060416+00:00
6a85871a46e7ff0726d4c075,EMP000632,vishal.das.632@company.com,EMPLOYEE,default,False,2026-08-19T10:34:14.403168+00:00,2026-08-19T10:34:14.403168+00:00
6a85871a46e7ff0726d4c076,EMP000636,akash.george.636@company.com,EMPLOYEE,default,False,2026-08-19T10:34:14.733055+00:00,2026-08-19T10:34:14.733055+00:00
6a85871a46e7ff0726d4c077,EMP000638,amara.kapoor.638@company.com,EMPLOYEE,default,False,2026-08-19T10:34:15.035380+00:00,2026-08-19T10:34:15.035380+00:00
6a85871a46e7ff0726d4c078,EMP000646,dev.pillai.646@company.com,EMPLOYEE,default,False,2026-08-19T10:34:15.293962+00:00,2026-08-19T10:34:15.293962+00:00
6a85871a46e7ff0726d4c079,EMP000648,esha.agarwal.648@company.com,EMPLOYEE,default,False,2026-08-19T10:34:15.584658+00:00,2026-08-19T10:34:15.584658+00:00
6a85871a46e7ff0726d4c07a,EMP000662,nandini.kulkarni.662@company.com,EMPLOYEE,default,False,2026-08-19T10:34:15.891401+00:00,2026-08-19T10:34:15.891401+00:00
6a85871a46e7ff0726d4c07b,EMP000680,swathi.nair.680@company.com,EMPLOYEE,default,False,2026-08-19T10:34:16.183121+00:00,2026-08-19T10:34:16.183121+00:00
6a85871a46e7ff0726d4c07c,EMP000704,shyam.bhat.704@company.com,EMPLOYEE,default,False,2026-08-19T10:34:16.488255+00:00,2026-08-19T10:34:16.488255+00:00
6a85871a46e7ff0726d4c07d,EMP000710,vidya.joshi.710@company.com,EMPLOYEE,default,False,2026-08-19T10:34:16.795778+00:00,2026-08-19T10:34:16.795778+00:00
6a85871a46e7ff0726d4c07e,EMP000739,meera.bose.739@company.com,EMPLOYEE,default,False,2026-08-19T10:34:17.425797+00:00,2026-08-19T10:34:17.425797+00:00
6a85871a46e7ff0726d4c07f,EMP000412,gaurav.kulkarni.412@company.com,EMPLOYEE,default,False,2026-08-19T10:34:17.928279+00:00,2026-08-19T10:34:17.928279+00:00
6a85871a46e7ff0726d4c080,EMP000420,krishna.sinha.420@company.com,EMPLOYEE,default,False,2026-08-19T10:34:18.293240+00:00,2026-08-19T10:34:18.293240+00:00
6a85871a46e7ff0726d4c081,EMP000433,raj.krishnan.433@company.com,EMPLOYEE,default,False,2026-08-19T10:34:18.604772+00:00,2026-08-19T10:34:18.604772+00:00
6a85871a46e7ff0726d4c082,EMP000468,siddharth.chopra.468@company.com,EMPLOYEE,default,False,2026-08-19T10:34:18.874552+00:00,2026-08-19T10:34:18.874552+00:00
6a85871a46e7ff0726d4c083,EMP000469,simran.desai.469@company.com,EMPLOYEE,default,False,2026-08-19T10:34:19.130473+00:00,2026-08-19T10:34:19.130473+00:00
6a85871a46e7ff0726d4c084,EMP000500,lakshmi.fernandes.500@company.com,EMPLOYEE,default,False,2026-08-19T10:34:19.391012+00:00,2026-08-19T10:34:19.391012+00:00
6a85871a46e7ff0726d4c085,EMP000523,tanvi.menon.523@company.com,EMPLOYEE,default,False,2026-08-19T10:34:19.654270+00:00,2026-08-19T10:34:19.654270+00:00
6a85871a46e7ff0726d4c086,EMP000536,manasa.george.536@company.com,EMPLOYEE,default,False,2026-08-19T10:34:20.173695+00:00,2026-08-19T10:34:20.173695+00:00
6a85871a46e7ff0726d4c087,EMP000560,ananya.joshi.560@company.com,EMPLOYEE,default,False,2026-08-19T10:34:20.539996+00:00,2026-08-19T10:34:20.539996+00:00
6a85871a46e7ff0726d4c088,EMP000568,diya.chopra.568@company.com,EMPLOYEE,default,False,2026-08-19T10:34:20.941289+00:00,2026-08-19T10:34:20.941289+00:00
6a85871a46e7ff0726d4c089,EMP000569,esha.desai.569@company.com,EMPLOYEE,default,False,2026-08-19T10:34:21.237588+00:00,2026-08-19T10:34:21.237588+00:00
6a85871a46e7ff0726d4c08a,EMP000577,kiran.chatterjee.577@company.com,EMPLOYEE,default,False,2026-08-19T10:34:21.517364+00:00,2026-08-19T10:34:21.517364+00:00
6a85871a46e7ff0726d4c08b,EMP000587,pooja.iyer.587@company.com,EMPLOYEE,default,False,2026-08-19T10:34:21.820101+00:00,2026-08-19T10:34:21.820101+00:00
6a85871a46e7ff0726d4c08c,EMP000603,varun.shah.603@company.com,EMPLOYEE,default,False,2026-08-19T10:34:22.126184+00:00,2026-08-19T10:34:22.126184+00:00
6a85871a46e7ff0726d4c08d,EMP000645,deepa.mehta.645@company.com,EMPLOYEE,default,False,2026-08-19T10:34:22.391408+00:00,2026-08-19T10:34:22.391408+00:00
6a85871a46e7ff0726d4c08e,EMP000712,aarav.kulkarni.712@company.com,EMPLOYEE,default,False,2026-08-19T10:34:22.658180+00:00,2026-08-19T10:34:22.658180+00:00
6a85871a46e7ff0726d4c08f,EMP000724,deepa.singh.724@company.com,EMPLOYEE,default,False,2026-08-19T10:34:22.945733+00:00,2026-08-19T10:34:22.945733+00:00
6a85871a46e7ff0726d4c090,EMP000745,pooja.mehta.745@company.com,EMPLOYEE,default,False,2026-08-19T10:34:23.217524+00:00,2026-08-19T10:34:23.217524+00:00
6a85871a46e7ff0726d4c091,EMP000390,simran.naidu.390@company.com,EMPLOYEE,default,False,2026-08-19T10:34:23.491282+00:00,2026-08-19T10:34:23.491282+00:00
6a85871a46e7ff0726d4c092,EMP000404,arnav.bhat.404@company.com,EMPLOYEE,default,False,2026-08-19T10:34:23.852129+00:00,2026-08-19T10:34:23.852129+00:00
6a85871a46e7ff0726d4c093,EMP000408,deepa.sen.408@company.com,EMPLOYEE,default,False,2026-08-19T10:34:24.153516+00:00,2026-08-19T10:34:24.153516+00:00
6a85871a46e7ff0726d4c094,EMP000415,ishaan.roy.415@company.com,EMPLOYEE,default,False,2026-08-19T10:34:24.409156+00:00,2026-08-19T10:34:24.409156+00:00
6a85871a46e7ff0726d4c095,EMP000417,karan.kumar.417@company.com,EMPLOYEE,default,False,2026-08-19T10:34:24.670348+00:00,2026-08-19T10:34:24.670348+00:00
6a85871a46e7ff0726d4c096,EMP000439,sanjana.bose.439@company.com,EMPLOYEE,default,False,2026-08-19T10:34:24.946965+00:00,2026-08-19T10:34:24.946965+00:00
6a85871a46e7ff0726d4c097,EMP000493,isha.dsouza.493@company.com,EMPLOYEE,default,False,2026-08-19T10:34:25.215677+00:00,2026-08-19T10:34:25.215677+00:00
6a85871a46e7ff0726d4c098,EMP000504,nandini.bhat.504@company.com,EMPLOYEE,default,False,2026-08-19T10:34:25.487134+00:00,2026-08-19T10:34:25.487134+00:00
6a85871a46e7ff0726d4c099,EMP000515,rohit.roy.515@company.com,EMPLOYEE,default,False,2026-08-19T10:34:25.778764+00:00,2026-08-19T10:34:25.778764+00:00
6a85871a46e7ff0726d4c09a,EMP000520,sneha.sinha.520@company.com,EMPLOYEE,default,False,2026-08-19T10:34:26.044102+00:00,2026-08-19T10:34:26.044102+00:00
6a85871a46e7ff0726d4c09b,EMP000530,anjali.nair.530@company.com,EMPLOYEE,default,False,2026-08-19T10:34:26.305116+00:00,2026-08-19T10:34:26.305116+00:00
6a85871a46e7ff0726d4c09c,EMP000541,reshma.banerjee.541@company.com,EMPLOYEE,default,False,2026-08-19T10:34:26.559771+00:00,2026-08-19T10:34:26.559771+00:00
6a85871a46e7ff0726d4c09d,EMP000556,aditya.thakur.556@company.com,EMPLOYEE,default,False,2026-08-19T10:34:26.827959+00:00,2026-08-19T10:34:26.827959+00:00
6a85871a46e7ff0726d4c09e,EMP000561,arjun.malhotra.561@company.com,EMPLOYEE,default,False,2026-08-19T10:34:27.082843+00:00,2026-08-19T10:34:27.082843+00:00
6a85871a46e7ff0726d4c09f,EMP000605,vivek.jain.605@company.com,EMPLOYEE,default,False,2026-08-19T10:34:27.476417+00:00,2026-08-19T10:34:27.476417+00:00
6a85871a46e7ff0726d4c0a0,EMP000615,manasa.roy.615@company.com,EMPLOYEE,default,False,2026-08-19T10:34:27.793552+00:00,2026-08-19T10:34:27.793552+00:00
6a85871a46e7ff0726d4c0a1,EMP000656,kiran.thakur.656@company.com,EMPLOYEE,default,False,2026-08-19T10:34:28.130184+00:00,2026-08-19T10:34:28.130184+00:00
6a85871a46e7ff0726d4c0a2,EMP000660,meera.joshi.660@company.com,EMPLOYEE,default,False,2026-08-19T10:34:28.610610+00:00,2026-08-19T10:34:28.610610+00:00
6a85871a46e7ff0726d4c0a3,EMP000674,sahana.singh.674@company.com,EMPLOYEE,default,False,2026-08-19T10:34:28.971379+00:00,2026-08-19T10:34:28.971379+00:00
6a85871a46e7ff0726d4c0a4,EMP000682,varun.das.682@company.com,EMPLOYEE,default,False,2026-08-19T10:34:29.263979+00:00,2026-08-19T10:34:29.263979+00:00
6a85871a46e7ff0726d4c0a5,EMP000686,zoya.george.686@company.com,EMPLOYEE,default,False,2026-08-19T10:34:29.676291+00:00,2026-08-19T10:34:29.676291+00:00
6a85871a46e7ff0726d4c0a6,EMP000689,anirudh.bose.689@company.com,EMPLOYEE,default,False,2026-08-19T10:34:29.975252+00:00,2026-08-19T10:34:29.975252+00:00
6a85871a46e7ff0726d4c0a7,EMP000690,divya.naidu.690@company.com,EMPLOYEE,default,False,2026-08-19T10:34:30.281498+00:00,2026-08-19T10:34:30.281498+00:00
6a85871a46e7ff0726d4c0a8,EMP000705,siddharth.jain.705@company.com,EMPLOYEE,default,False,2026-08-19T10:34:30.629719+00:00,2026-08-19T10:34:30.629719+00:00
6a85871a46e7ff0726d4c0a9,EMP000719,arjun.desai.719@company.com,EMPLOYEE,default,False,2026-08-19T10:34:30.981883+00:00,2026-08-19T10:34:30.981883+00:00
6a85871a46e7ff0726d4c0aa,EMP000720,arnav.sinha.720@company.com,EMPLOYEE,default,False,2026-08-19T10:34:31.333447+00:00,2026-08-19T10:34:31.333447+00:00
6a85871a46e7ff0726d4c0ab,EMP000727,esha.chatterjee.727@company.com,EMPLOYEE,default,False,2026-08-19T10:34:31.635219+00:00,2026-08-19T10:34:31.635219+00:00
6a85871a46e7ff0726d4c0ac,EMP000752,rohit.patel.752@company.com,EMPLOYEE,default,False,2026-08-19T10:34:31.963224+00:00,2026-08-19T10:34:31.963224+00:00
6a85871a46e7ff0726d4c0ad,EMP000753,sahana.shah.753@company.com,EMPLOYEE,default,False,2026-08-19T10:34:32.257556+00:00,2026-08-19T10:34:32.257556+00:00
6a85871a46e7ff0726d4c0ae,EMP000790,vishal.naidu.790@company.com,EMPLOYEE,default,False,2026-08-19T10:34:32.525510+00:00,2026-08-19T10:34:32.525510+00:00
6a85871a46e7ff0726d4c0af,EMP000819,mohan.desai.819@company.com,EMPLOYEE,default,False,2026-08-19T10:34:32.780239+00:00,2026-08-19T10:34:32.780239+00:00
6a85871a46e7ff0726d4c0b0,EMP000823,nikhil.menon.823@company.com,EMPLOYEE,default,False,2026-08-19T10:34:33.073968+00:00,2026-08-19T10:34:33.073968+00:00
6a85871a46e7ff0726d4c0b1,EMP000917,swathi.kumar.917@company.com,EMPLOYEE,default,False,2026-08-19T10:34:33.473845+00:00,2026-08-19T10:34:33.473845+00:00
6a85871a46e7ff0726d4c0b2,EMP000939,sameer.bose.939@company.com,EMPLOYEE,default,False,2026-08-19T10:34:33.811994+00:00,2026-08-19T10:34:33.811994+00:00
6a85871a46e7ff0726d4c0b3,EMP000954,amara.bhat.954@company.com,EMPLOYEE,default,False,2026-08-19T10:34:34.088151+00:00,2026-08-19T10:34:34.088151+00:00
6a85871a46e7ff0726d4c0b4,EMP000981,nikhil.gupta.981@company.com,EMPLOYEE,default,False,2026-08-19T10:34:34.347059+00:00,2026-08-19T10:34:34.347059+00:00
6a85871a46e7ff0726d4c0b5,EMP000770,harini.sinha.770@company.com,EMPLOYEE,default,False,2026-08-19T10:34:34.635602+00:00,2026-08-19T10:34:34.635602+00:00
6a85871a46e7ff0726d4c0b6,EMP000792,aditi.yadav.792@company.com,EMPLOYEE,default,False,2026-08-19T10:34:34.905155+00:00,2026-08-19T10:34:34.905155+00:00
6a85871a46e7ff0726d4c0b7,EMP000806,esha.thakur.806@company.com,EMPLOYEE,default,False,2026-08-19T10:34:35.185718+00:00,2026-08-19T10:34:35.185718+00:00
6a85871a46e7ff0726d4c0b8,EMP000824,pooja.singh.824@company.com,EMPLOYEE,default,False,2026-08-19T10:34:35.437634+00:00,2026-08-19T10:34:35.437634+00:00
6a85871a46e7ff0726d4c0b9,EMP000839,tanvi.bose.839@company.com,EMPLOYEE,default,False,2026-08-19T10:34:35.690023+00:00,2026-08-19T10:34:35.690023+00:00
6a85871a46e7ff0726d4c0ba,EMP000855,pallavi.jain.855@company.com,EMPLOYEE,default,False,2026-08-19T10:34:35.989577+00:00,2026-08-19T10:34:35.989577+00:00
6a85871a46e7ff0726d4c0bb,EMP000857,reshma.thomas.857@company.com,EMPLOYEE,default,False,2026-08-19T10:34:36.247151+00:00,2026-08-19T10:34:36.247151+00:00
6a85871a46e7ff0726d4c0bc,EMP000912,sanjay.kulkarni.912@company.com,EMPLOYEE,default,False,2026-08-19T10:34:36.496276+00:00,2026-08-19T10:34:36.496276+00:00
6a85871a46e7ff0726d4c0bd,EMP000958,ashwin.sen.958@company.com,EMPLOYEE,default,False,2026-08-19T10:34:36.783450+00:00,2026-08-19T10:34:36.783450+00:00
6a85871a46e7ff0726d4c0be,EMP000965,gaurav.roy.965@company.com,EMPLOYEE,default,False,2026-08-19T10:34:37.029170+00:00,2026-08-19T10:34:37.029170+00:00
6a85871a46e7ff0726d4c0bf,EMP000988,riya.kapoor.988@company.com,EMPLOYEE,default,False,2026-08-19T10:34:37.326501+00:00,2026-08-19T10:34:37.326501+00:00
6a85871a46e7ff0726d4c0c0,EMP000998,varun.agarwal.998@company.com,EMPLOYEE,default,False,2026-08-19T10:34:37.633643+00:00,2026-08-19T10:34:37.633643+00:00
6a85871a46e7ff0726d4c0c1,EMP000757,sneha.thomas.757@company.com,EMPLOYEE,default,False,2026-08-19T10:34:37.939538+00:00,2026-08-19T10:34:37.939538+00:00
6a85871a46e7ff0726d4c0c2,EMP000777,pradeep.chatterjee.777@company.com,EMPLOYEE,default,False,2026-08-19T10:34:38.204946+00:00,2026-08-19T10:34:38.204946+00:00
6a85871a46e7ff0726d4c0c3,EMP000788,vasudha.kapoor.788@company.com,EMPLOYEE,default,False,2026-08-19T10:34:38.464510+00:00,2026-08-19T10:34:38.464510+00:00
6a85871a46e7ff0726d4c0c4,EMP000799,arnav.pandey.799@company.com,EMPLOYEE,default,False,2026-08-19T10:34:38.706602+00:00,2026-08-19T10:34:38.706602+00:00
6a85871a46e7ff0726d4c0c5,EMP000805,diya.jain.805@company.com,EMPLOYEE,default,False,2026-08-19T10:34:38.954194+00:00,2026-08-19T10:34:38.954194+00:00
6a85871a46e7ff0726d4c0c6,EMP000816,lakshmi.reddy.816@company.com,EMPLOYEE,default,False,2026-08-19T10:34:39.241807+00:00,2026-08-19T10:34:39.241807+00:00
6a85871a46e7ff0726d4c0c7,EMP000830,riya.nair.830@company.com,EMPLOYEE,default,False,2026-08-19T10:34:39.505318+00:00,2026-08-19T10:34:39.505318+00:00
6a85871a46e7ff0726d4c0c8,EMP000834,sanjana.mukherjee.834@company.com,EMPLOYEE,default,False,2026-08-19T10:34:39.758317+00:00,2026-08-19T10:34:39.758317+00:00
6a85871a46e7ff0726d4c0c9,EMP000844,zoya.verma.844@company.com,EMPLOYEE,default,False,2026-08-19T10:34:40.023448+00:00,2026-08-19T10:34:40.023448+00:00
6a85871a46e7ff0726d4c0ca,EMP000872,aditya.joseph.872@company.com,EMPLOYEE,default,False,2026-08-19T10:34:40.315668+00:00,2026-08-19T10:34:40.315668+00:00
6a85871a46e7ff0726d4c0cb,EMP000889,ishaan.bose.889@company.com,EMPLOYEE,default,False,2026-08-19T10:34:40.734455+00:00,2026-08-19T10:34:40.734455+00:00
6a85871a46e7ff0726d4c0cc,EMP000899,nandini.pandey.899@company.com,EMPLOYEE,default,False,2026-08-19T10:34:41.045231+00:00,2026-08-19T10:34:41.045231+00:00
6a85871a46e7ff0726d4c0cd,EMP000916,srinivas.reddy.916@company.com,EMPLOYEE,default,False,2026-08-19T10:34:41.370981+00:00,2026-08-19T10:34:41.370981+00:00
6a85871a46e7ff0726d4c0ce,EMP000934,pallavi.mukherjee.934@company.com,EMPLOYEE,default,False,2026-08-19T10:34:41.751948+00:00,2026-08-19T10:34:41.751948+00:00
6a85871a46e7ff0726d4c0cf,EMP001000,vivek.fernandes.1000@company.com,EMPLOYEE,default,False,2026-08-19T10:34:42.239158+00:00,2026-08-19T10:34:42.239158+00:00
6a85871a46e7ff0726d4c0d0,EMP000751,riya.sharma.751@company.com,EMPLOYEE,default,False,2026-08-19T10:34:42.708986+00:00,2026-08-19T10:34:42.708986+00:00
6a85871a46e7ff0726d4c0d1,EMP000769,divya.desai.769@company.com,EMPLOYEE,default,False,2026-08-19T10:34:43.212673+00:00,2026-08-19T10:34:43.212673+00:00
6a85871a46e7ff0726d4c0d2,EMP000822,neha.joseph.822@company.com,EMPLOYEE,default,False,2026-08-19T10:34:43.668577+00:00,2026-08-19T10:34:43.668577+00:00
6a85871a46e7ff0726d4c0d3,EMP000828,raj.hegde.828@company.com,EMPLOYEE,default,False,2026-08-19T10:34:44.260963+00:00,2026-08-19T10:34:44.260963+00:00
6a85871a46e7ff0726d4c0d4,EMP000833,sanjay.krishnan.833@company.com,EMPLOYEE,default,False,2026-08-19T10:34:44.800613+00:00,2026-08-19T10:34:44.800613+00:00
6a85871a46e7ff0726d4c0d5,EMP000837,srinivas.iyer.837@company.com,EMPLOYEE,default,False,2026-08-19T10:34:45.415556+00:00,2026-08-19T10:34:45.415556+00:00
6a85871a46e7ff0726d4c0d6,EMP000842,vivek.yadav.842@company.com,EMPLOYEE,default,False,2026-08-19T10:34:45.858128+00:00,2026-08-19T10:34:45.858128+00:00
6a85871a46e7ff0726d4c0d7,EMP000859,sakshi.rao.859@company.com,EMPLOYEE,default,False,2026-08-19T10:34:46.138742+00:00,2026-08-19T10:34:46.138742+00:00
6a85871a46e7ff0726d4c0d8,EMP000876,ananya.varma.876@company.com,EMPLOYEE,default,False,2026-08-19T10:34:46.402297+00:00,2026-08-19T10:34:46.402297+00:00
6a85871a46e7ff0726d4c0d9,EMP000892,kavya.yadav.892@company.com,EMPLOYEE,default,False,2026-08-19T10:34:46.654396+00:00,2026-08-19T10:34:46.654396+00:00
6a85871a46e7ff0726d4c0da,EMP000940,shalini.naidu.940@company.com,EMPLOYEE,default,False,2026-08-19T10:34:46.912860+00:00,2026-08-19T10:34:46.912860+00:00
6a85871a46e7ff0726d4c0db,EMP000949,aarav.pandey.949@company.com,EMPLOYEE,default,False,2026-08-19T10:34:47.201337+00:00,2026-08-19T10:34:47.201337+00:00
6a85871a46e7ff0726d4c0dc,EMP000969,jahnavi.desai.969@company.com,EMPLOYEE,default,False,2026-08-19T10:34:47.462577+00:00,2026-08-19T10:34:47.462577+00:00
6a85871a46e7ff0726d4c0dd,EMP000975,manish.mishra.975@company.com,EMPLOYEE,default,False,2026-08-19T10:34:47.708986+00:00,2026-08-19T10:34:47.708986+00:00
6a85871a46e7ff0726d4c0de,EMP000979,naveen.mathew.979@company.com,EMPLOYEE,default,False,2026-08-19T10:34:47.954941+00:00,2026-08-19T10:34:47.954941+00:00
6a85871a46e7ff0726d4c0df,EMP000980,neha.nair.980@company.com,EMPLOYEE,default,False,2026-08-19T10:34:48.204827+00:00,2026-08-19T10:34:48.204827+00:00
6a85871a46e7ff0726d4c0e0,EMP000999,vikram.pandey.999@company.com,EMPLOYEE,default,False,2026-08-19T10:34:48.455166+00:00,2026-08-19T10:34:48.455166+00:00
6a85871a46e7ff0726d4c0e1,EMP000763,vivek.saxena.763@company.com,EMPLOYEE,default,False,2026-08-19T10:34:48.701633+00:00,2026-08-19T10:34:48.701633+00:00
6a85871a46e7ff0726d4c0e2,EMP000778,reshma.hegde.778@company.com,EMPLOYEE,default,False,2026-08-19T10:34:48.955238+00:00,2026-08-19T10:34:48.955238+00:00
6a85871a46e7ff0726d4c0e3,EMP000783,shyam.krishnan.783@company.com,EMPLOYEE,default,False,2026-08-19T10:34:49.213671+00:00,2026-08-19T10:34:49.213671+00:00
6a85871a46e7ff0726d4c0e4,EMP000836,sneha.george.836@company.com,EMPLOYEE,default,False,2026-08-19T10:34:49.463900+00:00,2026-08-19T10:34:49.463900+00:00
6a85871a46e7ff0726d4c0e5,EMP000852,manasa.patel.852@company.com,EMPLOYEE,default,False,2026-08-19T10:34:49.731435+00:00,2026-08-19T10:34:49.731435+00:00
6a85871a46e7ff0726d4c0e6,EMP000873,akash.menon.873@company.com,EMPLOYEE,default,False,2026-08-19T10:34:49.991569+00:00,2026-08-19T10:34:49.991569+00:00
6a85871a46e7ff0726d4c0e7,EMP000877,arjun.chatterjee.877@company.com,EMPLOYEE,default,False,2026-08-19T10:34:50.270814+00:00,2026-08-19T10:34:50.270814+00:00
6a85871a46e7ff0726d4c0e8,EMP000893,kiran.dsouza.893@company.com,EMPLOYEE,default,False,2026-08-19T10:34:50.568277+00:00,2026-08-19T10:34:50.568277+00:00
6a85871a46e7ff0726d4c0e9,EMP000895,lakshmi.mehta.895@company.com,EMPLOYEE,default,False,2026-08-19T10:34:50.862866+00:00,2026-08-19T10:34:50.862866+00:00
6a85871a46e7ff0726d4c0ea,EMP000793,aditya.dsouza.793@company.com,EMPLOYEE,default,False,2026-08-19T10:34:51.275953+00:00,2026-08-19T10:34:51.275953+00:00
6a85871a46e7ff0726d4c0eb,EMP000800,ashwin.fernandes.800@company.com,EMPLOYEE,default,False,2026-08-19T10:34:51.826918+00:00,2026-08-19T10:34:51.826918+00:00
6a85871a46e7ff0726d4c0ec,EMP000835,shreya.tripathi.835@company.com,EMPLOYEE,default,False,2026-08-19T10:34:52.266253+00:00,2026-08-19T10:34:52.266253+00:00
6a85871a46e7ff0726d4c0ed,EMP000840,varun.naidu.840@company.com,EMPLOYEE,default,False,2026-08-19T10:34:52.595355+00:00,2026-08-19T10:34:52.595355+00:00
6a85871a46e7ff0726d4c0ee,EMP000863,siddharth.saxena.863@company.com,EMPLOYEE,default,False,2026-08-19T10:34:52.998246+00:00,2026-08-19T10:34:52.998246+00:00
6a85871a46e7ff0726d4c0ef,EMP000883,dev.krishnan.883@company.com,EMPLOYEE,default,False,2026-08-19T10:34:53.386838+00:00,2026-08-19T10:34:53.386838+00:00
6a85871a46e7ff0726d4c0f0,EMP000897,meera.shetty.897@company.com,EMPLOYEE,default,False,2026-08-19T10:34:53.961675+00:00,2026-08-19T10:34:53.961675+00:00
6a85871a46e7ff0726d4c0f1,EMP000905,priya.jain.905@company.com,EMPLOYEE,default,False,2026-08-19T10:34:54.289006+00:00,2026-08-19T10:34:54.289006+00:00
6a85871a46e7ff0726d4c0f2,EMP000906,rahul.thakur.906@company.com,EMPLOYEE,default,False,2026-08-19T10:34:54.597062+00:00,2026-08-19T10:34:54.597062+00:00
6a85871a46e7ff0726d4c0f3,EMP000907,raj.thomas.907@company.com,EMPLOYEE,default,False,2026-08-19T10:34:54.871955+00:00,2026-08-19T10:34:54.871955+00:00
6a85871a46e7ff0726d4c0f4,EMP000924,abhinav.singh.924@company.com,EMPLOYEE,default,False,2026-08-19T10:34:55.116378+00:00,2026-08-19T10:34:55.116378+00:00
6a85871a46e7ff0726d4c0f5,EMP000945,vaishnavi.mehta.945@company.com,EMPLOYEE,default,False,2026-08-19T10:34:55.375247+00:00,2026-08-19T10:34:55.375247+00:00
6a85871a46e7ff0726d4c0f6,EMP000948,vishal.agarwal.948@company.com,EMPLOYEE,default,False,2026-08-19T10:34:55.668147+00:00,2026-08-19T10:34:55.668147+00:00
6a85871a46e7ff0726d4c0f7,EMP000950,aditi.fernandes.950@company.com,EMPLOYEE,default,False,2026-08-19T10:34:55.954000+00:00,2026-08-19T10:34:55.954000+00:00
6a85871a46e7ff0726d4c0f8,EMP000955,ananya.jain.955@company.com,EMPLOYEE,default,False,2026-08-19T10:34:56.277997+00:00,2026-08-19T10:34:56.277997+00:00
6a85871a46e7ff0726d4c0f9,EMP000754,sanjay.bhat.754@company.com,EMPLOYEE,default,False,2026-08-19T10:34:56.556742+00:00,2026-08-19T10:34:56.556742+00:00
6a85871a46e7ff0726d4c0fa,EMP000773,manasa.menon.773@company.com,EMPLOYEE,default,False,2026-08-19T10:34:56.832856+00:00,2026-08-19T10:34:56.832856+00:00
6a85871a46e7ff0726d4c0fb,EMP000784,siddharth.mukherjee.784@company.com,EMPLOYEE,default,False,2026-08-19T10:34:57.084588+00:00,2026-08-19T10:34:57.084588+00:00
6a85871a46e7ff0726d4c0fc,EMP000813,kavya.saxena.813@company.com,EMPLOYEE,default,False,2026-08-19T10:34:57.457800+00:00,2026-08-19T10:34:57.457800+00:00
6a85871a46e7ff0726d4c0fd,EMP000831,rohit.gupta.831@company.com,EMPLOYEE,default,False,2026-08-19T10:34:58.093360+00:00,2026-08-19T10:34:58.093360+00:00
6a85871a46e7ff0726d4c0fe,EMP000849,harini.pandey.849@company.com,EMPLOYEE,default,False,2026-08-19T10:34:58.765077+00:00,2026-08-19T10:34:58.765077+00:00
6a85871a46e7ff0726d4c0ff,EMP000851,madhav.sharma.851@company.com,EMPLOYEE,default,False,2026-08-19T10:34:59.408318+00:00,2026-08-19T10:34:59.408318+00:00
6a85871a46e7ff0726d4c100,EMP000854,nithin.bhat.854@company.com,EMPLOYEE,default,False,2026-08-19T10:34:59.916580+00:00,2026-08-19T10:34:59.916580+00:00
6a85871a46e7ff0726d4c101,EMP000856,pradeep.thakur.856@company.com,EMPLOYEE,default,False,2026-08-19T10:35:00.318011+00:00,2026-08-19T10:35:00.318011+00:00
6a85871a46e7ff0726d4c102,EMP000908,rakesh.sen.908@company.com,EMPLOYEE,default,False,2026-08-19T10:35:00.775566+00:00,2026-08-19T10:35:00.775566+00:00
6a85871a46e7ff0726d4c103,EMP000952,akash.patel.952@company.com,EMPLOYEE,default,False,2026-08-19T10:35:01.181157+00:00,2026-08-19T10:35:01.181157+00:00
6a85871a46e7ff0726d4c104,EMP000976,meera.varma.976@company.com,EMPLOYEE,default,False,2026-08-19T10:35:01.525638+00:00,2026-08-19T10:35:01.525638+00:00
6a85871a46e7ff0726d4c105,EMP000977,mohan.chatterjee.977@company.com,EMPLOYEE,default,False,2026-08-19T10:35:01.897929+00:00,2026-08-19T10:35:01.897929+00:00
6a85871a46e7ff0726d4c106,EMP000978,nandini.hegde.978@company.com,EMPLOYEE,default,False,2026-08-19T10:35:02.273338+00:00,2026-08-19T10:35:02.273338+00:00
6a85871a46e7ff0726d4c107,EMP000759,swathi.rao.759@company.com,EMPLOYEE,default,False,2026-08-19T10:35:02.627532+00:00,2026-08-19T10:35:02.627532+00:00
6a85871a46e7ff0726d4c108,EMP000771,keerthi.gowda.771@company.com,EMPLOYEE,default,False,2026-08-19T10:35:03.014599+00:00,2026-08-19T10:35:03.014599+00:00
6a85871a46e7ff0726d4c109,EMP000782,shalini.das.782@company.com,EMPLOYEE,default,False,2026-08-19T10:35:03.400763+00:00,2026-08-19T10:35:03.400763+00:00
6a85871a46e7ff0726d4c10a,EMP000811,jahnavi.malhotra.811@company.com,EMPLOYEE,default,False,2026-08-19T10:35:03.849134+00:00,2026-08-19T10:35:03.849134+00:00
6a85871a46e7ff0726d4c10b,EMP000838,swathi.kapoor.838@company.com,EMPLOYEE,default,False,2026-08-19T10:35:04.216522+00:00,2026-08-19T10:35:04.216522+00:00
6a85871a46e7ff0726d4c10c,EMP000861,shalini.malhotra.861@company.com,EMPLOYEE,default,False,2026-08-19T10:35:04.603369+00:00,2026-08-19T10:35:04.603369+00:00
6a85871a46e7ff0726d4c10d,EMP000871,aditi.gowda.871@company.com,EMPLOYEE,default,False,2026-08-19T10:35:05.260206+00:00,2026-08-19T10:35:05.260206+00:00
6a85871a46e7ff0726d4c10e,EMP000874,akshay.singh.874@company.com,EMPLOYEE,default,False,2026-08-19T10:35:05.721085+00:00,2026-08-19T10:35:05.721085+00:00
6a85871a46e7ff0726d4c10f,EMP000881,chetan.gupta.881@company.com,EMPLOYEE,default,False,2026-08-19T10:35:06.023059+00:00,2026-08-19T10:35:06.023059+00:00
6a85871a46e7ff0726d4c110,EMP000909,riya.rao.909@company.com,EMPLOYEE,default,False,2026-08-19T10:35:06.311190+00:00,2026-08-19T10:35:06.311190+00:00
6a85871a46e7ff0726d4c111,EMP000911,sahana.malhotra.911@company.com,EMPLOYEE,default,False,2026-08-19T10:35:06.787463+00:00,2026-08-19T10:35:06.787463+00:00
6a85871a46e7ff0726d4c112,EMP000913,sanjana.saxena.913@company.com,EMPLOYEE,default,False,2026-08-19T10:35:07.256126+00:00,2026-08-19T10:35:07.256126+00:00
6a85871a46e7ff0726d4c113,EMP000923,zoya.menon.923@company.com,EMPLOYEE,default,False,2026-08-19T10:35:07.691708+00:00,2026-08-19T10:35:07.691708+00:00
6a85871a46e7ff0726d4c114,EMP000946,vasudha.pillai.946@company.com,EMPLOYEE,default,False,2026-08-19T10:35:08.717460+00:00,2026-08-19T10:35:08.717460+00:00
6a85871a46e7ff0726d4c115,EMP000951,aditya.sharma.951@company.com,EMPLOYEE,default,False,2026-08-19T10:35:09.356806+00:00,2026-08-19T10:35:09.356806+00:00
6a85871a46e7ff0726d4c116,EMP000964,esha.prasad.964@company.com,EMPLOYEE,default,False,2026-08-19T10:35:10.678725+00:00,2026-08-19T10:35:10.678725+00:00
6a85871a46e7ff0726d4c117,EMP000966,harish.reddy.966@company.com,EMPLOYEE,default,False,2026-08-19T10:35:11.299487+00:00,2026-08-19T10:35:11.299487+00:00
6a85871a46e7ff0726d4c118,EMP000967,isha.kumar.967@company.com,EMPLOYEE,default,False,2026-08-19T10:35:11.771764+00:00,2026-08-19T10:35:11.771764+00:00
6a85871a46e7ff0726d4c119,EMP000787,vaishnavi.iyer.787@company.com,EMPLOYEE,default,False,2026-08-19T10:35:12.174522+00:00,2026-08-19T10:35:12.174522+00:00
6a85871a46e7ff0726d4c11a,EMP000791,aarav.banerjee.791@company.com,EMPLOYEE,default,False,2026-08-19T10:35:12.717891+00:00,2026-08-19T10:35:12.717891+00:00
6a85871a46e7ff0726d4c11b,EMP000809,isha.rao.809@company.com,EMPLOYEE,default,False,2026-08-19T10:35:13.281126+00:00,2026-08-19T10:35:13.281126+00:00
6a85871a46e7ff0726d4c11c,EMP000820,nandini.sinha.820@company.com,EMPLOYEE,default,False,2026-08-19T10:35:13.836709+00:00,2026-08-19T10:35:13.836709+00:00
6a85871a46e7ff0726d4c11d,EMP000821,naveen.gowda.821@company.com,EMPLOYEE,default,False,2026-08-19T10:35:14.240917+00:00,2026-08-19T10:35:14.240917+00:00
6a85871a46e7ff0726d4c11e,EMP000841,vikram.banerjee.841@company.com,EMPLOYEE,default,False,2026-08-19T10:35:14.765391+00:00,2026-08-19T10:35:14.765391+00:00
6a85871a46e7ff0726d4c11f,EMP000858,rohan.sen.858@company.com,EMPLOYEE,default,False,2026-08-19T10:35:15.383243+00:00,2026-08-19T10:35:15.383243+00:00
6a85871a46e7ff0726d4c120,EMP000885,esha.tripathi.885@company.com,EMPLOYEE,default,False,2026-08-19T10:35:15.949679+00:00,2026-08-19T10:35:15.949679+00:00
6a85871a46e7ff0726d4c121,EMP000894,krishna.verma.894@company.com,EMPLOYEE,default,False,2026-08-19T10:35:16.357822+00:00,2026-08-19T10:35:16.357822+00:00
6a85871a46e7ff0726d4c122,EMP000927,divya.chatterjee.927@company.com,EMPLOYEE,default,False,2026-08-19T10:35:17.061977+00:00,2026-08-19T10:35:17.061977+00:00
6a85871a46e7ff0726d4c123,EMP000956,arjun.thakur.956@company.com,EMPLOYEE,default,False,2026-08-19T10:35:17.549655+00:00,2026-08-19T10:35:17.549655+00:00
6a85871a46e7ff0726d4c124,EMP000962,dev.kulkarni.962@company.com,EMPLOYEE,default,False,2026-08-19T10:35:17.998176+00:00,2026-08-19T10:35:17.998176+00:00
6a85871a46e7ff0726d4c125,EMP000755,sanjana.jain.755@company.com,EMPLOYEE,default,False,2026-08-19T10:35:18.491364+00:00,2026-08-19T10:35:18.491364+00:00
6a85871a46e7ff0726d4c126,EMP000774,monica.singh.774@company.com,EMPLOYEE,default,False,2026-08-19T10:35:19.008766+00:00,2026-08-19T10:35:19.008766+00:00
6a85871a46e7ff0726d4c127,EMP000780,sakshi.nair.780@company.com,EMPLOYEE,default,False,2026-08-19T10:35:19.380605+00:00,2026-08-19T10:35:19.380605+00:00
6a85871a46e7ff0726d4c128,EMP000804,dev.bhat.804@company.com,EMPLOYEE,default,False,2026-08-19T10:35:19.901351+00:00,2026-08-19T10:35:19.901351+00:00
6a85871a46e7ff0726d4c129,EMP000807,gaurav.thomas.807@company.com,EMPLOYEE,default,False,2026-08-19T10:35:20.575673+00:00,2026-08-19T10:35:20.575673+00:00
6a85871a46e7ff0726d4c12a,EMP000808,harish.sen.808@company.com,EMPLOYEE,default,False,2026-08-19T10:35:21.356465+00:00,2026-08-19T10:35:21.356465+00:00
6a85871a46e7ff0726d4c12b,EMP000818,meera.chopra.818@company.com,EMPLOYEE,default,False,2026-08-19T10:35:21.953167+00:00,2026-08-19T10:35:21.953167+00:00
6a85871a46e7ff0726d4c12c,EMP000825,pranav.mishra.825@company.com,EMPLOYEE,default,False,2026-08-19T10:35:22.643887+00:00,2026-08-19T10:35:22.643887+00:00
6a85871a46e7ff0726d4c12d,EMP000829,rakesh.mathew.829@company.com,EMPLOYEE,default,False,2026-08-19T10:35:23.126830+00:00,2026-08-19T10:35:23.126830+00:00
6a85871a46e7ff0726d4c12e,EMP000848,divya.agarwal.848@company.com,EMPLOYEE,default,False,2026-08-19T10:35:23.613779+00:00,2026-08-19T10:35:23.613779+00:00
6a85871a46e7ff0726d4c12f,EMP000878,arnav.hegde.878@company.com,EMPLOYEE,default,False,2026-08-19T10:35:24.241509+00:00,2026-08-19T10:35:24.241509+00:00
6a85871a46e7ff0726d4c130,EMP000882,deepa.das.882@company.com,EMPLOYEE,default,False,2026-08-19T10:35:24.701468+00:00,2026-08-19T10:35:24.701468+00:00
6a85871a46e7ff0726d4c131,EMP000884,diya.mukherjee.884@company.com,EMPLOYEE,default,False,2026-08-19T10:35:25.253719+00:00,2026-08-19T10:35:25.253719+00:00
6a85871a46e7ff0726d4c132,EMP000886,gaurav.george.886@company.com,EMPLOYEE,default,False,2026-08-19T10:35:26.103468+00:00,2026-08-19T10:35:26.103468+00:00
6a85871a46e7ff0726d4c133,EMP000902,nikhil.patel.902@company.com,EMPLOYEE,default,False,2026-08-19T10:35:26.713970+00:00,2026-08-19T10:35:26.713970+00:00
6a85871a46e7ff0726d4c134,EMP000903,pooja.shah.903@company.com,EMPLOYEE,default,False,2026-08-19T10:35:28.103685+00:00,2026-08-19T10:35:28.103685+00:00
6a85871a46e7ff0726d4c135,EMP000941,shyam.banerjee.941@company.com,EMPLOYEE,default,False,2026-08-19T10:35:28.609798+00:00,2026-08-19T10:35:28.609798+00:00
6a85871a46e7ff0726d4c136,EMP000992,sanjana.yadav.992@company.com,EMPLOYEE,default,False,2026-08-19T10:35:29.094011+00:00,2026-08-19T10:35:29.094011+00:00
6a85871a46e7ff0726d4c137,EMP000997,tanvi.shetty.997@company.com,EMPLOYEE,default,False,2026-08-19T10:35:29.699086+00:00,2026-08-19T10:35:29.699086+00:00
6a85871a46e7ff0726d4c138,EMP000749,raj.pandey.749@company.com,EMPLOYEE,default,False,2026-08-19T10:35:30.203351+00:00,2026-08-19T10:35:30.203351+00:00
6a85871a46e7ff0726d4c139,EMP000750,rakesh.fernandes.750@company.com,EMPLOYEE,default,False,2026-08-19T10:35:30.669117+00:00,2026-08-19T10:35:30.669117+00:00
6a85871a46e7ff0726d4c13a,EMP000758,srinivas.sen.758@company.com,EMPLOYEE,default,False,2026-08-19T10:35:31.188974+00:00,2026-08-19T10:35:31.188974+00:00
6a85871a46e7ff0726d4c13b,EMP000761,varun.malhotra.761@company.com,EMPLOYEE,default,False,2026-08-19T10:35:31.635829+00:00,2026-08-19T10:35:31.635829+00:00
6a85871a46e7ff0726d4c13c,EMP000781,sameer.gupta.781@company.com,EMPLOYEE,default,False,2026-08-19T10:35:32.027021+00:00,2026-08-19T10:35:32.027021+00:00
6a85871a46e7ff0726d4c13d,EMP000936,reshma.george.936@company.com,EMPLOYEE,default,False,2026-08-19T10:35:33.011249+00:00,2026-08-19T10:35:33.011249+00:00
6a85871a46e7ff0726d4c13e,EMP000953,akshay.shah.953@company.com,EMPLOYEE,default,False,2026-08-19T10:35:33.406759+00:00,2026-08-19T10:35:33.406759+00:00
6a85871a46e7ff0726d4c13f,EMP000963,diya.saxena.963@company.com,EMPLOYEE,default,False,2026-08-19T10:35:33.878954+00:00,2026-08-19T10:35:33.878954+00:00
6a85871a46e7ff0726d4c140,EMP000968,ishaan.chopra.968@company.com,EMPLOYEE,default,False,2026-08-19T10:35:34.283997+00:00,2026-08-19T10:35:34.283997+00:00
6a85871a46e7ff0726d4c141,EMP000970,karan.sinha.970@company.com,EMPLOYEE,default,False,2026-08-19T10:35:34.599009+00:00,2026-08-19T10:35:34.599009+00:00
6a85871a46e7ff0726d4c142,EMP000972,kiran.joseph.972@company.com,EMPLOYEE,default,False,2026-08-19T10:35:34.923155+00:00,2026-08-19T10:35:34.923155+00:00
6a85871a46e7ff0726d4c143,EMP000982,pooja.das.982@company.com,EMPLOYEE,default,False,2026-08-19T10:35:35.195164+00:00,2026-08-19T10:35:35.195164+00:00
6a85871a46e7ff0726d4c144,EMP000985,rahul.tripathi.985@company.com,EMPLOYEE,default,False,2026-08-19T10:35:35.474845+00:00,2026-08-19T10:35:35.474845+00:00
6a85871a46e7ff0726d4c145,EMP000990,sahana.naidu.990@company.com,EMPLOYEE,default,False,2026-08-19T10:35:35.835209+00:00,2026-08-19T10:35:35.835209+00:00
6a85871a46e7ff0726d4c146,EMP000768,anirudh.chopra.768@company.com,EMPLOYEE,default,False,2026-08-19T10:35:36.167832+00:00,2026-08-19T10:35:36.167832+00:00
6a85871a46e7ff0726d4c147,EMP000772,madhav.joseph.772@company.com,EMPLOYEE,default,False,2026-08-19T10:35:36.526272+00:00,2026-08-19T10:35:36.526272+00:00
6a85871a46e7ff0726d4c148,EMP000796,amara.pillai.796@company.com,EMPLOYEE,default,False,2026-08-19T10:35:37.339868+00:00,2026-08-19T10:35:37.339868+00:00
6a85871a46e7ff0726d4c149,EMP000797,ananya.shetty.797@company.com,EMPLOYEE,default,False,2026-08-19T10:35:37.822677+00:00,2026-08-19T10:35:37.822677+00:00
6a85871a46e7ff0726d4c14a,EMP000801,bhavana.sharma.801@company.com,EMPLOYEE,default,False,2026-08-19T10:35:38.235471+00:00,2026-08-19T10:35:38.235471+00:00
6a85871a46e7ff0726d4c14b,EMP000815,krishna.roy.815@company.com,EMPLOYEE,default,False,2026-08-19T10:35:38.611323+00:00,2026-08-19T10:35:38.611323+00:00
6a85871a46e7ff0726d4c14c,EMP000827,rahul.chatterjee.827@company.com,EMPLOYEE,default,False,2026-08-19T10:35:38.963876+00:00,2026-08-19T10:35:38.963876+00:00
6a85871a46e7ff0726d4c14d,EMP000845,abhinav.mehta.845@company.com,EMPLOYEE,default,False,2026-08-19T10:35:39.326759+00:00,2026-08-19T10:35:39.326759+00:00
6a85871a46e7ff0726d4c14e,EMP000869,vishal.desai.869@company.com,EMPLOYEE,default,False,2026-08-19T10:35:39.649627+00:00,2026-08-19T10:35:39.649627+00:00
6a85871a46e7ff0726d4c14f,EMP000875,amara.mishra.875@company.com,EMPLOYEE,default,False,2026-08-19T10:35:39.963803+00:00,2026-08-19T10:35:39.963803+00:00
6a85871a46e7ff0726d4c150,EMP000880,bhavana.nair.880@company.com,EMPLOYEE,default,False,2026-08-19T10:35:40.254253+00:00,2026-08-19T10:35:40.254253+00:00
6a85871a46e7ff0726d4c151,EMP000891,karan.banerjee.891@company.com,EMPLOYEE,default,False,2026-08-19T10:35:40.561458+00:00,2026-08-19T10:35:40.561458+00:00
6a85871a46e7ff0726d4c152,EMP000896,manish.pillai.896@company.com,EMPLOYEE,default,False,2026-08-19T10:35:40.973083+00:00,2026-08-19T10:35:40.973083+00:00
6a85871a46e7ff0726d4c153,EMP000918,tanvi.chopra.918@company.com,EMPLOYEE,default,False,2026-08-19T10:35:41.299710+00:00,2026-08-19T10:35:41.299710+00:00
6a85871a46e7ff0726d4c154,EMP000925,anjali.mishra.925@company.com,EMPLOYEE,default,False,2026-08-19T10:35:41.876851+00:00,2026-08-19T10:35:41.876851+00:00
6a85871a46e7ff0726d4c155,EMP000929,keerthi.mathew.929@company.com,EMPLOYEE,default,False,2026-08-19T10:35:42.340315+00:00,2026-08-19T10:35:42.340315+00:00
6a85871a46e7ff0726d4c156,EMP000935,pradeep.tripathi.935@company.com,EMPLOYEE,default,False,2026-08-19T10:35:42.894506+00:00,2026-08-19T10:35:42.894506+00:00
6a85871a46e7ff0726d4c157,EMP000937,rohan.iyer.937@company.com,EMPLOYEE,default,False,2026-08-19T10:35:43.317027+00:00,2026-08-19T10:35:43.317027+00:00
6a85871a46e7ff0726d4c158,EMP000938,sakshi.kapoor.938@company.com,EMPLOYEE,default,False,2026-08-19T10:35:44.057353+00:00,2026-08-19T10:35:44.057353+00:00
6a85871a46e7ff0726d4c159,EMP000942,siddharth.yadav.942@company.com,EMPLOYEE,default,False,2026-08-19T10:35:44.352816+00:00,2026-08-19T10:35:44.352816+00:00
6a85871a46e7ff0726d4c15a,EMP000960,chetan.joshi.960@company.com,EMPLOYEE,default,False,2026-08-19T10:35:44.685840+00:00,2026-08-19T10:35:44.685840+00:00
6a85871a46e7ff0726d4c15b,EMP000775,nithin.mishra.775@company.com,EMPLOYEE,default,False,2026-08-19T10:35:45.009613+00:00,2026-08-19T10:35:45.009613+00:00
6a85871a46e7ff0726d4c15c,EMP000798,arjun.agarwal.798@company.com,EMPLOYEE,default,False,2026-08-19T10:35:45.326671+00:00,2026-08-19T10:35:45.326671+00:00
6a85871a46e7ff0726d4c15d,EMP000802,chetan.patel.802@company.com,EMPLOYEE,default,False,2026-08-19T10:35:45.632922+00:00,2026-08-19T10:35:45.632922+00:00
6a85871a46e7ff0726d4c15e,EMP000817,manish.kumar.817@company.com,EMPLOYEE,default,False,2026-08-19T10:35:45.993344+00:00,2026-08-19T10:35:45.993344+00:00
6a85871a46e7ff0726d4c15f,EMP000862,shyam.kulkarni.862@company.com,EMPLOYEE,default,False,2026-08-19T10:35:46.387701+00:00,2026-08-19T10:35:46.387701+00:00
6a85871a46e7ff0726d4c160,EMP000865,surya.roy.865@company.com,EMPLOYEE,default,False,2026-08-19T10:35:46.872666+00:00,2026-08-19T10:35:46.872666+00:00
6a85871a46e7ff0726d4c161,EMP000930,madhav.nair.930@company.com,EMPLOYEE,default,False,2026-08-19T10:35:47.234197+00:00,2026-08-19T10:35:47.234197+00:00
6a85871a46e7ff0726d4c162,EMP000932,monica.das.932@company.com,EMPLOYEE,default,False,2026-08-19T10:35:47.547442+00:00,2026-08-19T10:35:47.547442+00:00
6a85871a46e7ff0726d4c163,EMP000943,simran.dsouza.943@company.com,EMPLOYEE,default,False,2026-08-19T10:35:48.045052+00:00,2026-08-19T10:35:48.045052+00:00
6a85871a46e7ff0726d4c164,EMP000959,bhavana.rao.959@company.com,EMPLOYEE,default,False,2026-08-19T10:35:48.315109+00:00,2026-08-19T10:35:48.315109+00:00
6a85871a46e7ff0726d4c165,EMP000973,krishna.menon.973@company.com,EMPLOYEE,default,False,2026-08-19T10:35:48.675043+00:00,2026-08-19T10:35:48.675043+00:00
6a85871a46e7ff0726d4c166,EMP000983,pranav.krishnan.983@company.com,EMPLOYEE,default,False,2026-08-19T10:35:49.067048+00:00,2026-08-19T10:35:49.067048+00:00
6a85871a46e7ff0726d4c167,EMP000984,priya.mukherjee.984@company.com,EMPLOYEE,default,False,2026-08-19T10:35:49.346198+00:00,2026-08-19T10:35:49.346198+00:00
6a85871a46e7ff0726d4c168,EMP000986,raj.george.986@company.com,EMPLOYEE,default,False,2026-08-19T10:35:49.615458+00:00,2026-08-19T10:35:49.615458+00:00
6a85871a46e7ff0726d4c169,EMP000995,srinivas.mehta.995@company.com,EMPLOYEE,default,False,2026-08-19T10:35:49.864338+00:00,2026-08-19T10:35:49.864338+00:00
6a85871a46e7ff0726d4c16a,EMP000760,tanvi.joshi.760@company.com,EMPLOYEE,default,False,2026-08-19T10:35:50.130043+00:00,2026-08-19T10:35:50.130043+00:00
6a85871a46e7ff0726d4c16b,EMP000776,pallavi.varma.776@company.com,EMPLOYEE,default,False,2026-08-19T10:35:50.402094+00:00,2026-08-19T10:35:50.402094+00:00
6a85871a46e7ff0726d4c16c,EMP000789,vidya.bose.789@company.com,EMPLOYEE,default,False,2026-08-19T10:35:50.771463+00:00,2026-08-19T10:35:50.771463+00:00
6a85871a46e7ff0726d4c16d,EMP000794,akash.verma.794@company.com,EMPLOYEE,default,False,2026-08-19T10:35:51.098479+00:00,2026-08-19T10:35:51.098479+00:00
6a85871a46e7ff0726d4c16e,EMP000803,deepa.shah.803@company.com,EMPLOYEE,default,False,2026-08-19T10:35:51.356826+00:00,2026-08-19T10:35:51.356826+00:00
6a85871a46e7ff0726d4c16f,EMP000826,priya.varma.826@company.com,EMPLOYEE,default,False,2026-08-19T10:35:52.248262+00:00,2026-08-19T10:35:52.248262+00:00
6a85871a46e7ff0726d4c170,EMP000843,yash.dsouza.843@company.com,EMPLOYEE,default,False,2026-08-19T10:35:52.649869+00:00,2026-08-19T10:35:52.649869+00:00
6a85871a46e7ff0726d4c171,EMP000850,keerthi.fernandes.850@company.com,EMPLOYEE,default,False,2026-08-19T10:35:52.928691+00:00,2026-08-19T10:35:52.928691+00:00
6a85871a46e7ff0726d4c172,EMP000860,sameer.joshi.860@company.com,EMPLOYEE,default,False,2026-08-19T10:35:53.193403+00:00,2026-08-19T10:35:53.193403+00:00
6a85871a46e7ff0726d4c173,EMP000868,vidya.chopra.868@company.com,EMPLOYEE,default,False,2026-08-19T10:35:53.443941+00:00,2026-08-19T10:35:53.443941+00:00
6a85871a46e7ff0726d4c174,EMP000870,aarav.sinha.870@company.com,EMPLOYEE,default,False,2026-08-19T10:35:53.709141+00:00,2026-08-19T10:35:53.709141+00:00
6a85871a46e7ff0726d4c175,EMP000887,harish.iyer.887@company.com,EMPLOYEE,default,False,2026-08-19T10:35:53.978186+00:00,2026-08-19T10:35:53.978186+00:00
6a85871a46e7ff0726d4c176,EMP000890,jahnavi.naidu.890@company.com,EMPLOYEE,default,False,2026-08-19T10:35:54.241508+00:00,2026-08-19T10:35:54.241508+00:00
6a85871a46e7ff0726d4c177,EMP000904,pranav.bhat.904@company.com,EMPLOYEE,default,False,2026-08-19T10:35:54.502638+00:00,2026-08-19T10:35:54.502638+00:00
6a85871a46e7ff0726d4c178,EMP000910,rohit.joshi.910@company.com,EMPLOYEE,default,False,2026-08-19T10:35:54.824466+00:00,2026-08-19T10:35:54.824466+00:00
6a85871a46e7ff0726d4c179,EMP000914,shreya.prasad.914@company.com,EMPLOYEE,default,False,2026-08-19T10:35:55.086838+00:00,2026-08-19T10:35:55.086838+00:00
6a85871a46e7ff0726d4c17a,EMP000915,sneha.roy.915@company.com,EMPLOYEE,default,False,2026-08-19T10:35:55.345306+00:00,2026-08-19T10:35:55.345306+00:00
6a85871a46e7ff0726d4c17b,EMP000919,varun.desai.919@company.com,EMPLOYEE,default,False,2026-08-19T10:35:55.656715+00:00,2026-08-19T10:35:55.656715+00:00
6a85871a46e7ff0726d4c17c,EMP000921,vivek.gowda.921@company.com,EMPLOYEE,default,False,2026-08-19T10:35:56.134690+00:00,2026-08-19T10:35:56.134690+00:00
6a85871a46e7ff0726d4c17d,EMP000926,anirudh.varma.926@company.com,EMPLOYEE,default,False,2026-08-19T10:35:56.418718+00:00,2026-08-19T10:35:56.418718+00:00
6a85871a46e7ff0726d4c17e,EMP000928,harini.hegde.928@company.com,EMPLOYEE,default,False,2026-08-19T10:35:56.767454+00:00,2026-08-19T10:35:56.767454+00:00
6a85871a46e7ff0726d4c17f,EMP000931,manasa.gupta.931@company.com,EMPLOYEE,default,False,2026-08-19T10:35:57.116607+00:00,2026-08-19T10:35:57.116607+00:00
6a85871a46e7ff0726d4c180,EMP000933,nithin.krishnan.933@company.com,EMPLOYEE,default,False,2026-08-19T10:35:57.509323+00:00,2026-08-19T10:35:57.509323+00:00
6a85871a46e7ff0726d4c181,EMP000944,surya.verma.944@company.com,EMPLOYEE,default,False,2026-08-19T10:35:57.777399+00:00,2026-08-19T10:35:57.777399+00:00
6a85871a46e7ff0726d4c182,EMP000974,lakshmi.singh.974@company.com,EMPLOYEE,default,False,2026-08-19T10:35:58.068831+00:00,2026-08-19T10:35:58.068831+00:00
6a85871a46e7ff0726d4c183,EMP000989,rohit.bose.989@company.com,EMPLOYEE,default,False,2026-08-19T10:35:58.392580+00:00,2026-08-19T10:35:58.392580+00:00
6a85871a46e7ff0726d4c184,EMP000993,shreya.dsouza.993@company.com,EMPLOYEE,default,False,2026-08-19T10:35:58.776256+00:00,2026-08-19T10:35:58.776256+00:00
6a85871a46e7ff0726d4c185,EMP000994,sneha.verma.994@company.com,EMPLOYEE,default,False,2026-08-19T10:35:59.117914+00:00,2026-08-19T10:35:59.117914+00:00
6a85871a46e7ff0726d4c186,EMP000996,swathi.pillai.996@company.com,EMPLOYEE,default,False,2026-08-19T10:35:59.481874+00:00,2026-08-19T10:35:59.481874+00:00
6a85871a46e7ff0726d4c187,EMP000762,vikram.kulkarni.762@company.com,EMPLOYEE,default,False,2026-08-19T10:35:59.899574+00:00,2026-08-19T10:35:59.899574+00:00
6a85871a46e7ff0726d4c188,EMP000765,zoya.roy.765@company.com,EMPLOYEE,default,False,2026-08-19T10:36:00.294533+00:00,2026-08-19T10:36:00.294533+00:00
6a85871a46e7ff0726d4c189,EMP000766,abhinav.reddy.766@company.com,EMPLOYEE,default,False,2026-08-19T10:36:00.638750+00:00,2026-08-19T10:36:00.638750+00:00
6a85871a46e7ff0726d4c18a,EMP000785,simran.tripathi.785@company.com,EMPLOYEE,default,False,2026-08-19T10:36:00.990227+00:00,2026-08-19T10:36:00.990227+00:00
6a85871a46e7ff0726d4c18b,EMP000786,surya.george.786@company.com,EMPLOYEE,default,False,2026-08-19T10:36:01.304241+00:00,2026-08-19T10:36:01.304241+00:00
6a85871a46e7ff0726d4c18c,EMP000810,ishaan.joshi.810@company.com,EMPLOYEE,default,False,2026-08-19T10:36:01.677947+00:00,2026-08-19T10:36:01.677947+00:00
6a85871a46e7ff0726d4c18d,EMP000814,kiran.prasad.814@company.com,EMPLOYEE,default,False,2026-08-19T10:36:02.032977+00:00,2026-08-19T10:36:02.032977+00:00
6a85871a46e7ff0726d4c18e,EMP000832,sahana.das.832@company.com,EMPLOYEE,default,False,2026-08-19T10:36:02.320195+00:00,2026-08-19T10:36:02.320195+00:00
6a85871a46e7ff0726d4c18f,EMP000847,anirudh.shetty.847@company.com,EMPLOYEE,default,False,2026-08-19T10:36:02.642802+00:00,2026-08-19T10:36:02.642802+00:00
6a85871a46e7ff0726d4c190,EMP000853,monica.shah.853@company.com,EMPLOYEE,default,False,2026-08-19T10:36:02.974728+00:00,2026-08-19T10:36:02.974728+00:00
6a85871a46e7ff0726d4c191,EMP000866,vaishnavi.reddy.866@company.com,EMPLOYEE,default,False,2026-08-19T10:36:03.384232+00:00,2026-08-19T10:36:03.384232+00:00
6a85871a46e7ff0726d4c192,EMP000867,vasudha.kumar.867@company.com,EMPLOYEE,default,False,2026-08-19T10:36:03.702647+00:00,2026-08-19T10:36:03.702647+00:00
6a85871a46e7ff0726d4c193,EMP000879,ashwin.mathew.879@company.com,EMPLOYEE,default,False,2026-08-19T10:36:03.986017+00:00,2026-08-19T10:36:03.986017+00:00
6a85871a46e7ff0726d4c194,EMP000900,naveen.fernandes.900@company.com,EMPLOYEE,default,False,2026-08-19T10:36:04.253291+00:00,2026-08-19T10:36:04.253291+00:00
6a85871a46e7ff0726d4c195,EMP000901,neha.sharma.901@company.com,EMPLOYEE,default,False,2026-08-19T10:36:04.514233+00:00,2026-08-19T10:36:04.514233+00:00
6a85871a46e7ff0726d4c196,EMP000920,vikram.sinha.920@company.com,EMPLOYEE,default,False,2026-08-19T10:36:04.784304+00:00,2026-08-19T10:36:04.784304+00:00
6a85871a46e7ff0726d4c197,EMP000961,deepa.malhotra.961@company.com,EMPLOYEE,default,False,2026-08-19T10:36:05.042054+00:00,2026-08-19T10:36:05.042054+00:00
6a85871a46e7ff0726d4c198,EMP000971,kavya.gowda.971@company.com,EMPLOYEE,default,False,2026-08-19T10:36:05.310858+00:00,2026-08-19T10:36:05.310858+00:00
6a85871a46e7ff0726d4c199,EMP000756,shreya.thakur.756@company.com,EMPLOYEE,default,False,2026-08-19T10:36:05.627033+00:00,2026-08-19T10:36:05.627033+00:00
6a85871a46e7ff0726d4c19a,EMP000764,yash.prasad.764@company.com,EMPLOYEE,default,False,2026-08-19T10:36:05.937927+00:00,2026-08-19T10:36:05.937927+00:00
6a85871a46e7ff0726d4c19b,EMP000767,anjali.kumar.767@company.com,EMPLOYEE,default,False,2026-08-19T10:36:06.187788+00:00,2026-08-19T10:36:06.187788+00:00
6a85871a46e7ff0726d4c19c,EMP000779,rohan.mathew.779@company.com,EMPLOYEE,default,False,2026-08-19T10:36:06.440236+00:00,2026-08-19T10:36:06.440236+00:00
6a85871a46e7ff0726d4c19d,EMP000795,akshay.mehta.795@company.com,EMPLOYEE,default,False,2026-08-19T10:36:06.709244+00:00,2026-08-19T10:36:06.709244+00:00
6a85871a46e7ff0726d4c19e,EMP000812,karan.kulkarni.812@company.com,EMPLOYEE,default,False,2026-08-19T10:36:06.969488+00:00,2026-08-19T10:36:06.969488+00:00
6a85871a46e7ff0726d4c19f,EMP000846,anjali.pillai.846@company.com,EMPLOYEE,default,False,2026-08-19T10:36:07.226570+00:00,2026-08-19T10:36:07.226570+00:00
6a85871a46e7ff0726d4c1a0,EMP000864,simran.prasad.864@company.com,EMPLOYEE,default,False,2026-08-19T10:36:07.492356+00:00,2026-08-19T10:36:07.492356+00:00
6a85871a46e7ff0726d4c1a1,EMP000888,isha.kapoor.888@company.com,EMPLOYEE,default,False,2026-08-19T10:36:07.786058+00:00,2026-08-19T10:36:07.786058+00:00
6a85871a46e7ff0726d4c1a2,EMP000898,mohan.agarwal.898@company.com,EMPLOYEE,default,False,2026-08-19T10:36:08.068423+00:00,2026-08-19T10:36:08.068423+00:00
6a85871a46e7ff0726d4c1a3,EMP000922,yash.joseph.922@company.com,EMPLOYEE,default,False,2026-08-19T10:36:08.326310+00:00,2026-08-19T10:36:08.326310+00:00
6a85871a46e7ff0726d4c1a4,EMP000947,vidya.shetty.947@company.com,EMPLOYEE,default,False,2026-08-19T10:36:08.589619+00:00,2026-08-19T10:36:08.589619+00:00
6a85871a46e7ff0726d4c1a5,EMP000957,arnav.thomas.957@company.com,EMPLOYEE,default,False,2026-08-19T10:36:08.860793+00:00,2026-08-19T10:36:08.860793+00:00
6a85871a46e7ff0726d4c1a6,EMP000987,rakesh.iyer.987@company.com,EMPLOYEE,default,False,2026-08-19T10:36:09.116566+00:00,2026-08-19T10:36:09.116566+00:00
6a85871a46e7ff0726d4c1a7,EMP000991,sanjay.banerjee.991@company.com,EMPLOYEE,default,False,2026-08-19T10:36:09.374423+00:00,2026-08-19T10:36:09.374423+00:00
6a85871a46e7ff0726d4c1a8,EMP001001,yash.sharma.1001@company.com,EMPLOYEE,default,False,2026-08-19T10:36:09.633583+00:00,2026-08-19T10:36:09.633583+00:00
6a85871a46e7ff0726d4c1a9,EMP001015,reshma.roy.1015@company.com,EMPLOYEE,default,False,2026-08-19T10:36:09.874658+00:00,2026-08-19T10:36:09.874658+00:00
6a8588c8e44c4693789d874b,EMP001018,sameer.chopra.1018@company.com,EMPLOYEE,default,False,2026-08-19T10:40:29.201423+00:00,2026-08-19T10:40:29.201423+00:00
6a8588c8e44c4693789d874c,EMP001019,shalini.desai.1019@company.com,EMPLOYEE,default,False,2026-08-19T10:40:29.466330+00:00,2026-08-19T10:40:29.466330+00:00
6a8588c8e44c4693789d874d,EMP001040,deepa.naidu.1040@company.com,EMPLOYEE,default,False,2026-08-19T10:40:29.725626+00:00,2026-08-19T10:40:29.725626+00:00
6a8588c8e44c4693789d874e,EMP001043,esha.dsouza.1043@company.com,EMPLOYEE,default,False,2026-08-19T10:40:30.360301+00:00,2026-08-19T10:40:30.360301+00:00
6a8588c8e44c4693789d874f,EMP001048,jahnavi.agarwal.1048@company.com,EMPLOYEE,default,False,2026-08-19T10:40:30.733455+00:00,2026-08-19T10:40:30.733455+00:00
6a8588c8e44c4693789d8750,EMP001053,lakshmi.shah.1053@company.com,EMPLOYEE,default,False,2026-08-19T10:40:31.053109+00:00,2026-08-19T10:40:31.053109+00:00
6a8588c8e44c4693789d8751,EMP001069,sahana.desai.1069@company.com,EMPLOYEE,default,False,2026-08-19T10:40:31.674919+00:00,2026-08-19T10:40:31.674919+00:00
6a8588c8e44c4693789d8752,EMP001130,kiran.nair.1130@company.com,EMPLOYEE,default,False,2026-08-19T10:40:31.967874+00:00,2026-08-19T10:40:31.967874+00:00
6a8588c8e44c4693789d8753,EMP001153,srinivas.shah.1153@company.com,EMPLOYEE,default,False,2026-08-19T10:40:32.284641+00:00,2026-08-19T10:40:32.284641+00:00
6a8588c8e44c4693789d8754,EMP001161,abhinav.malhotra.1161@company.com,EMPLOYEE,default,False,2026-08-19T10:40:32.611585+00:00,2026-08-19T10:40:32.611585+00:00
6a8588c8e44c4693789d8755,EMP001215,nandini.roy.1215@company.com,EMPLOYEE,default,False,2026-08-19T10:40:33.228588+00:00,2026-08-19T10:40:33.228588+00:00
6a8588c8e44c4693789d8756,EMP001223,raj.menon.1223@company.com,EMPLOYEE,default,False,2026-08-19T10:40:33.597514+00:00,2026-08-19T10:40:33.597514+00:00
6a8588c8e44c4693789d8757,EMP001225,riya.mishra.1225@company.com,EMPLOYEE,default,False,2026-08-19T10:40:33.863744+00:00,2026-08-19T10:40:33.863744+00:00
6a8588c8e44c4693789d8758,EMP001232,srinivas.das.1232@company.com,EMPLOYEE,default,False,2026-08-19T10:40:34.156666+00:00,2026-08-19T10:40:34.156666+00:00
6a8588c8e44c4693789d8759,EMP001236,vikram.george.1236@company.com,EMPLOYEE,default,False,2026-08-19T10:40:34.541163+00:00,2026-08-19T10:40:34.541163+00:00
6a8588c8e44c4693789d875a,EMP001243,divya.dsouza.1243@company.com,EMPLOYEE,default,False,2026-08-19T10:40:35.053225+00:00,2026-08-19T10:40:35.053225+00:00
6a8588c8e44c4693789d875b,EMP001283,isha.krishnan.1283@company.com,EMPLOYEE,default,False,2026-08-19T10:40:35.363139+00:00,2026-08-19T10:40:35.363139+00:00
6a8588c8e44c4693789d875c,EMP001306,sahana.thakur.1306@company.com,EMPLOYEE,default,False,2026-08-19T10:40:35.623801+00:00,2026-08-19T10:40:35.623801+00:00
6a8588c8e44c4693789d875d,EMP001345,aditi.mehta.1345@company.com,EMPLOYEE,default,False,2026-08-19T10:40:35.899106+00:00,2026-08-19T10:40:35.899106+00:00
6a8588c8e44c4693789d875e,EMP001362,isha.kulkarni.1362@company.com,EMPLOYEE,default,False,2026-08-19T10:40:36.523112+00:00,2026-08-19T10:40:36.523112+00:00
6a8588c8e44c4693789d875f,EMP001373,nandini.menon.1373@company.com,EMPLOYEE,default,False,2026-08-19T10:40:36.989880+00:00,2026-08-19T10:40:36.989880+00:00
6a8588c8e44c4693789d8760,EMP001028,aarav.hegde.1028@company.com,EMPLOYEE,default,False,2026-08-19T10:40:37.341860+00:00,2026-08-19T10:40:37.341860+00:00
6a8588c8e44c4693789d8761,EMP001031,akash.gupta.1031@company.com,EMPLOYEE,default,False,2026-08-19T10:40:37.725215+00:00,2026-08-19T10:40:37.725215+00:00
6a8588c8e44c4693789d8762,EMP001033,amara.krishnan.1033@company.com,EMPLOYEE,default,False,2026-08-19T10:40:38.027491+00:00,2026-08-19T10:40:38.027491+00:00
6a8588c8e44c4693789d8763,EMP001035,arjun.tripathi.1035@company.com,EMPLOYEE,default,False,2026-08-19T10:40:38.360749+00:00,2026-08-19T10:40:38.360749+00:00
6a8588c8e44c4693789d8764,EMP001049,karan.pandey.1049@company.com,EMPLOYEE,default,False,2026-08-19T10:40:39.146465+00:00,2026-08-19T10:40:39.146465+00:00
6a8588c8e44c4693789d8765,EMP001052,krishna.patel.1052@company.com,EMPLOYEE,default,False,2026-08-19T10:40:39.569355+00:00,2026-08-19T10:40:39.569355+00:00
6a8588c8e44c4693789d8766,EMP001097,sameer.shetty.1097@company.com,EMPLOYEE,default,False,2026-08-19T10:40:40.069872+00:00,2026-08-19T10:40:40.069872+00:00
6a8588c8e44c4693789d8767,EMP001098,shalini.agarwal.1098@company.com,EMPLOYEE,default,False,2026-08-19T10:40:40.410011+00:00,2026-08-19T10:40:40.410011+00:00
6a8588c8e44c4693789d8768,EMP001115,arnav.roy.1115@company.com,EMPLOYEE,default,False,2026-08-19T10:40:40.964503+00:00,2026-08-19T10:40:40.964503+00:00
6a8588c8e44c4693789d8769,EMP001157,vikram.thomas.1157@company.com,EMPLOYEE,default,False,2026-08-19T10:40:41.259291+00:00,2026-08-19T10:40:41.259291+00:00
6a8588c8e44c4693789d876a,EMP001169,monica.desai.1169@company.com,EMPLOYEE,default,False,2026-08-19T10:40:41.531472+00:00,2026-08-19T10:40:41.531472+00:00
6a8588c8e44c4693789d876b,EMP001178,shyam.hegde.1178@company.com,EMPLOYEE,default,False,2026-08-19T10:40:41.790259+00:00,2026-08-19T10:40:41.790259+00:00
6a8588c8e44c4693789d876c,EMP001180,simran.nair.1180@company.com,EMPLOYEE,default,False,2026-08-19T10:40:42.061776+00:00,2026-08-19T10:40:42.061776+00:00
6a8588c8e44c4693789d876d,EMP001193,arjun.dsouza.1193@company.com,EMPLOYEE,default,False,2026-08-19T10:40:42.680585+00:00,2026-08-19T10:40:42.680585+00:00
6a8588c8e44c4693789d876e,EMP001200,diya.fernandes.1200@company.com,EMPLOYEE,default,False,2026-08-19T10:40:43.117469+00:00,2026-08-19T10:40:43.117469+00:00
6a8588c8e44c4693789d876f,EMP001203,harish.shah.1203@company.com,EMPLOYEE,default,False,2026-08-19T10:40:43.458480+00:00,2026-08-19T10:40:43.458480+00:00
6a8588c8e44c4693789d8770,EMP001252,reshma.patel.1252@company.com,EMPLOYEE,default,False,2026-08-19T10:40:43.817285+00:00,2026-08-19T10:40:43.817285+00:00
6a8588c8e44c4693789d8771,EMP001253,rohan.shah.1253@company.com,EMPLOYEE,default,False,2026-08-19T10:40:44.124237+00:00,2026-08-19T10:40:44.124237+00:00
6a8588c8e44c4693789d8772,EMP001259,simran.rao.1259@company.com,EMPLOYEE,default,False,2026-08-19T10:40:44.411258+00:00,2026-08-19T10:40:44.411258+00:00
6a8588c8e44c4693789d8773,EMP001266,aditi.reddy.1266@company.com,EMPLOYEE,default,False,2026-08-19T10:40:44.701517+00:00,2026-08-19T10:40:44.701517+00:00
6a8588c8e44c4693789d8774,EMP001277,deepa.chatterjee.1277@company.com,EMPLOYEE,default,False,2026-08-19T10:40:44.984296+00:00,2026-08-19T10:40:44.984296+00:00
6a8588c8e44c4693789d8775,EMP001287,kavya.iyer.1287@company.com,EMPLOYEE,default,False,2026-08-19T10:40:45.260518+00:00,2026-08-19T10:40:45.260518+00:00
6a8588c8e44c4693789d8776,EMP001301,rahul.sharma.1301@company.com,EMPLOYEE,default,False,2026-08-19T10:40:45.716268+00:00,2026-08-19T10:40:45.716268+00:00
6a8588c8e44c4693789d8777,EMP001305,rohit.jain.1305@company.com,EMPLOYEE,default,False,2026-08-19T10:40:46.196655+00:00,2026-08-19T10:40:46.196655+00:00
6a8588c8e44c4693789d8778,EMP001352,arnav.patel.1352@company.com,EMPLOYEE,default,False,2026-08-19T10:40:46.844085+00:00,2026-08-19T10:40:46.844085+00:00
6a8588c8e44c4693789d8779,EMP001369,lakshmi.desai.1369@company.com,EMPLOYEE,default,False,2026-08-19T10:40:47.478799+00:00,2026-08-19T10:40:47.478799+00:00
6a8588c8e44c4693789d877a,EMP001058,naveen.sen.1058@company.com,EMPLOYEE,default,False,2026-08-19T10:40:48.134356+00:00,2026-08-19T10:40:48.134356+00:00
6a8588c8e44c4693789d877b,EMP001071,sanjana.gowda.1071@company.com,EMPLOYEE,default,False,2026-08-19T10:40:48.732998+00:00,2026-08-19T10:40:48.732998+00:00
6a8588c8e44c4693789d877c,EMP001081,zoya.gupta.1081@company.com,EMPLOYEE,default,False,2026-08-19T10:40:49.260228+00:00,2026-08-19T10:40:49.260228+00:00
6a8588c8e44c4693789d877d,EMP001085,divya.tripathi.1085@company.com,EMPLOYEE,default,False,2026-08-19T10:40:49.860871+00:00,2026-08-19T10:40:49.860871+00:00
6a8588c8e44c4693789d877e,EMP001099,shyam.pandey.1099@company.com,EMPLOYEE,default,False,2026-08-19T10:40:50.691102+00:00,2026-08-19T10:40:50.691102+00:00
6a8588c8e44c4693789d877f,EMP001121,diya.gowda.1121@company.com,EMPLOYEE,default,False,2026-08-19T10:40:51.177622+00:00,2026-08-19T10:40:51.177622+00:00
6a8588c8e44c4693789d8780,EMP001150,sanjana.fernandes.1150@company.com,EMPLOYEE,default,False,2026-08-19T10:40:51.522178+00:00,2026-08-19T10:40:51.522178+00:00
6a8588c8e44c4693789d8781,EMP001159,yash.rao.1159@company.com,EMPLOYEE,default,False,2026-08-19T10:40:52.116338+00:00,2026-08-19T10:40:52.116338+00:00
6a8588c8e44c4693789d8782,EMP001163,anirudh.saxena.1163@company.com,EMPLOYEE,default,False,2026-08-19T10:40:52.425749+00:00,2026-08-19T10:40:52.425749+00:00
6a8588c8e44c4693789d8783,EMP001189,akash.bose.1189@company.com,EMPLOYEE,default,False,2026-08-19T10:40:52.754774+00:00,2026-08-19T10:40:52.754774+00:00
6a8588c8e44c4693789d8784,EMP001194,arnav.verma.1194@company.com,EMPLOYEE,default,False,2026-08-19T10:40:53.440327+00:00,2026-08-19T10:40:53.440327+00:00
6a8588c8e44c4693789d8785,EMP001207,karan.thomas.1207@company.com,EMPLOYEE,default,False,2026-08-19T10:40:53.768484+00:00,2026-08-19T10:40:53.768484+00:00
6a8588c8e44c4693789d8786,EMP001234,tanvi.mukherjee.1234@company.com,EMPLOYEE,default,False,2026-08-19T10:40:54.159654+00:00,2026-08-19T10:40:54.159654+00:00
6a8588c8e44c4693789d8787,EMP001264,vishal.prasad.1264@company.com,EMPLOYEE,default,False,2026-08-19T10:40:54.777595+00:00,2026-08-19T10:40:54.777595+00:00
6a8588c8e44c4693789d8788,EMP001284,ishaan.mukherjee.1284@company.com,EMPLOYEE,default,False,2026-08-19T10:40:55.317306+00:00,2026-08-19T10:40:55.317306+00:00
6a8588c8e44c4693789d8789,EMP001296,neha.pillai.1296@company.com,EMPLOYEE,default,False,2026-08-19T10:40:56.250449+00:00,2026-08-19T10:40:56.250449+00:00
6a8588c8e44c4693789d878a,EMP001308,sanjana.sen.1308@company.com,EMPLOYEE,default,False,2026-08-19T10:40:56.706916+00:00,2026-08-19T10:40:56.706916+00:00
6a8588c8e44c4693789d878b,EMP001313,tanvi.saxena.1313@company.com,EMPLOYEE,default,False,2026-08-19T10:40:57.111279+00:00,2026-08-19T10:40:57.111279+00:00
6a8588c8e44c4693789d878c,EMP001325,madhav.mishra.1325@company.com,EMPLOYEE,default,False,2026-08-19T10:40:57.476653+00:00,2026-08-19T10:40:57.476653+00:00
6a8588c8e44c4693789d878d,EMP001332,rohan.das.1332@company.com,EMPLOYEE,default,False,2026-08-19T10:40:57.944116+00:00,2026-08-19T10:40:57.944116+00:00
6a8588c8e44c4693789d878e,EMP001364,jahnavi.prasad.1364@company.com,EMPLOYEE,default,False,2026-08-19T10:40:58.538105+00:00,2026-08-19T10:40:58.538105+00:00
6a8588c8e44c4693789d878f,EMP001371,meera.gowda.1371@company.com,EMPLOYEE,default,False,2026-08-19T10:40:58.852990+00:00,2026-08-19T10:40:58.852990+00:00
6a8588c8e44c4693789d8790,EMP001004,anjali.bhat.1004@company.com,EMPLOYEE,default,False,2026-08-19T10:40:59.138943+00:00,2026-08-19T10:40:59.138943+00:00
6a8588c8e44c4693789d8791,EMP001007,harini.thomas.1007@company.com,EMPLOYEE,default,False,2026-08-19T10:40:59.417531+00:00,2026-08-19T10:40:59.417531+00:00
6a8588c8e44c4693789d8792,EMP001034,ananya.mukherjee.1034@company.com,EMPLOYEE,default,False,2026-08-19T10:40:59.716929+00:00,2026-08-19T10:40:59.716929+00:00
6a8588c8e44c4693789d8793,EMP001044,gaurav.verma.1044@company.com,EMPLOYEE,default,False,2026-08-19T10:41:00.486955+00:00,2026-08-19T10:41:00.486955+00:00
6a8588c8e44c4693789d8794,EMP001046,isha.pillai.1046@company.com,EMPLOYEE,default,False,2026-08-19T10:41:00.801124+00:00,2026-08-19T10:41:00.801124+00:00
6a8588c8e44c4693789d8795,EMP001047,ishaan.shetty.1047@company.com,EMPLOYEE,default,False,2026-08-19T10:41:01.091507+00:00,2026-08-19T10:41:01.091507+00:00
6a8588c8e44c4693789d8796,EMP001074,srinivas.singh.1074@company.com,EMPLOYEE,default,False,2026-08-19T10:41:01.540473+00:00,2026-08-19T10:41:01.540473+00:00
6a8588c8e44c4693789d8797,EMP001102,surya.patel.1102@company.com,EMPLOYEE,default,False,2026-08-19T10:41:01.902069+00:00,2026-08-19T10:41:01.902069+00:00
6a8588c8e44c4693789d8798,EMP001116,ashwin.reddy.1116@company.com,EMPLOYEE,default,False,2026-08-19T10:41:02.162076+00:00,2026-08-19T10:41:02.162076+00:00
6a8588c8e44c4693789d8799,EMP001123,gaurav.menon.1123@company.com,EMPLOYEE,default,False,2026-08-19T10:41:02.447684+00:00,2026-08-19T10:41:02.447684+00:00
6a8588c8e44c4693789d879a,EMP001144,raj.verma.1144@company.com,EMPLOYEE,default,False,2026-08-19T10:41:03.066579+00:00,2026-08-19T10:41:03.066579+00:00
6a8588c8e44c4693789d879b,EMP001145,rakesh.mehta.1145@company.com,EMPLOYEE,default,False,2026-08-19T10:41:03.350348+00:00,2026-08-19T10:41:03.350348+00:00
6a8588c8e44c4693789d879c,EMP001167,madhav.kumar.1167@company.com,EMPLOYEE,default,False,2026-08-19T10:41:03.675766+00:00,2026-08-19T10:41:03.675766+00:00
6a8588c8e44c4693789d879d,EMP001177,shalini.chatterjee.1177@company.com,EMPLOYEE,default,False,2026-08-19T10:41:04.324082+00:00,2026-08-19T10:41:04.324082+00:00
6a8588c8e44c4693789d879e,EMP001198,deepa.agarwal.1198@company.com,EMPLOYEE,default,False,2026-08-19T10:41:04.641296+00:00,2026-08-19T10:41:04.641296+00:00
6a8588c8e44c4693789d879f,EMP001201,esha.sharma.1201@company.com,EMPLOYEE,default,False,2026-08-19T10:41:04.949534+00:00,2026-08-19T10:41:04.949534+00:00
6a8588c8e44c4693789d87a0,EMP001210,krishna.joshi.1210@company.com,EMPLOYEE,default,False,2026-08-19T10:41:05.306226+00:00,2026-08-19T10:41:05.306226+00:00
6a8588c8e44c4693789d87a1,EMP001226,rohit.varma.1226@company.com,EMPLOYEE,default,False,2026-08-19T10:41:05.768997+00:00,2026-08-19T10:41:05.768997+00:00
6a8588c8e44c4693789d87a2,EMP001231,sneha.gupta.1231@company.com,EMPLOYEE,default,False,2026-08-19T10:41:06.085910+00:00,2026-08-19T10:41:06.085910+00:00
6a8588c8e44c4693789d87a3,EMP001255,sameer.jain.1255@company.com,EMPLOYEE,default,False,2026-08-19T10:41:06.418769+00:00,2026-08-19T10:41:06.418769+00:00
6a8588c8e44c4693789d87a4,EMP001258,siddharth.sen.1258@company.com,EMPLOYEE,default,False,2026-08-19T10:41:06.904454+00:00,2026-08-19T10:41:06.904454+00:00
6a8588c8e44c4693789d87a5,EMP001265,aarav.roy.1265@company.com,EMPLOYEE,default,False,2026-08-19T10:41:07.317672+00:00,2026-08-19T10:41:07.317672+00:00
6a8588c8e44c4693789d87a6,EMP001273,arnav.menon.1273@company.com,EMPLOYEE,default,False,2026-08-19T10:41:07.646403+00:00,2026-08-19T10:41:07.646403+00:00
6a8588c8e44c4693789d87a7,EMP001293,mohan.dsouza.1293@company.com,EMPLOYEE,default,False,2026-08-19T10:41:08.038658+00:00,2026-08-19T10:41:08.038658+00:00
6a8588c8e44c4693789d87a8,EMP001303,rakesh.shah.1303@company.com,EMPLOYEE,default,False,2026-08-19T10:41:08.504193+00:00,2026-08-19T10:41:08.504193+00:00
6a8588c8e44c4693789d87a9,EMP001315,vikram.roy.1315@company.com,EMPLOYEE,default,False,2026-08-19T10:41:08.807897+00:00,2026-08-19T10:41:08.807897+00:00
6a8588c8e44c4693789d87aa,EMP001324,keerthi.singh.1324@company.com,EMPLOYEE,default,False,2026-08-19T10:41:09.065291+00:00,2026-08-19T10:41:09.065291+00:00
6a8588c8e44c4693789d87ab,EMP001338,simran.kapoor.1338@company.com,EMPLOYEE,default,False,2026-08-19T10:41:09.346056+00:00,2026-08-19T10:41:09.346056+00:00
6a8588c8e44c4693789d87ac,EMP001356,deepa.thakur.1356@company.com,EMPLOYEE,default,False,2026-08-19T10:41:09.659919+00:00,2026-08-19T10:41:09.659919+00:00
6a8588c8e44c4693789d87ad,EMP001009,madhav.rao.1009@company.com,EMPLOYEE,default,False,2026-08-19T10:41:09.980890+00:00,2026-08-19T10:41:09.980890+00:00
6a8588c8e44c4693789d87ae,EMP001016,rohan.reddy.1016@company.com,EMPLOYEE,default,False,2026-08-19T10:41:10.268685+00:00,2026-08-19T10:41:10.268685+00:00
6a8588c8e44c4693789d87af,EMP001020,shyam.sinha.1020@company.com,EMPLOYEE,default,False,2026-08-19T10:41:10.719634+00:00,2026-08-19T10:41:10.719634+00:00
6a8588c8e44c4693789d87b0,EMP001029,aditi.mathew.1029@company.com,EMPLOYEE,default,False,2026-08-19T10:41:11.186260+00:00,2026-08-19T10:41:11.186260+00:00
6a8588c8e44c4693789d87b1,EMP001032,akshay.das.1032@company.com,EMPLOYEE,default,False,2026-08-19T10:41:11.595801+00:00,2026-08-19T10:41:11.595801+00:00
6a8588c8e44c4693789d87b2,EMP001036,arnav.george.1036@company.com,EMPLOYEE,default,False,2026-08-19T10:41:12.337316+00:00,2026-08-19T10:41:12.337316+00:00
6a8588c8e44c4693789d87b3,EMP001079,vivek.mathew.1079@company.com,EMPLOYEE,default,False,2026-08-19T10:41:12.740842+00:00,2026-08-19T10:41:12.740842+00:00
6a8588c8e44c4693789d87b4,EMP001105,vidya.jain.1105@company.com,EMPLOYEE,default,False,2026-08-19T10:41:13.054516+00:00,2026-08-19T10:41:13.054516+00:00
6a8588c8e44c4693789d87b5,EMP001131,krishna.gupta.1131@company.com,EMPLOYEE,default,False,2026-08-19T10:41:13.375844+00:00,2026-08-19T10:41:13.375844+00:00
6a8588c8e44c4693789d87b6,EMP001136,nandini.george.1136@company.com,EMPLOYEE,default,False,2026-08-19T10:41:13.674154+00:00,2026-08-19T10:41:13.674154+00:00
6a8588c8e44c4693789d87b7,EMP001149,sanjay.pandey.1149@company.com,EMPLOYEE,default,False,2026-08-19T10:41:13.922859+00:00,2026-08-19T10:41:13.922859+00:00
6a8588c8e44c4693789d87b8,EMP001171,pallavi.gowda.1171@company.com,EMPLOYEE,default,False,2026-08-19T10:41:14.172399+00:00,2026-08-19T10:41:14.172399+00:00
6a8588c8e44c4693789d87b9,EMP001179,siddharth.mathew.1179@company.com,EMPLOYEE,default,False,2026-08-19T10:41:14.431161+00:00,2026-08-19T10:41:14.431161+00:00
6a8588c8e44c4693789d87ba,EMP001181,surya.gupta.1181@company.com,EMPLOYEE,default,False,2026-08-19T10:41:14.698890+00:00,2026-08-19T10:41:14.698890+00:00
6a8588c8e44c4693789d87bb,EMP001195,ashwin.mehta.1195@company.com,EMPLOYEE,default,False,2026-08-19T10:41:14.961903+00:00,2026-08-19T10:41:14.961903+00:00
6a8588c8e44c4693789d87bc,EMP001242,anirudh.yadav.1242@company.com,EMPLOYEE,default,False,2026-08-19T10:41:15.744855+00:00,2026-08-19T10:41:15.744855+00:00
6a8588c8e44c4693789d87bd,EMP001257,shyam.thomas.1257@company.com,EMPLOYEE,default,False,2026-08-19T10:41:16.522845+00:00,2026-08-19T10:41:16.522845+00:00
6a8588c8e44c4693789d87be,EMP001280,esha.nair.1280@company.com,EMPLOYEE,default,False,2026-08-19T10:41:16.825738+00:00,2026-08-19T10:41:16.825738+00:00
6a8588c8e44c4693789d87bf,EMP001298,pooja.agarwal.1298@company.com,EMPLOYEE,default,False,2026-08-19T10:41:17.097699+00:00,2026-08-19T10:41:17.097699+00:00
6a8588c8e44c4693789d87c0,EMP001299,pranav.pandey.1299@company.com,EMPLOYEE,default,False,2026-08-19T10:41:17.464243+00:00,2026-08-19T10:41:17.464243+00:00
6a8588c8e44c4693789d87c1,EMP001335,shalini.tripathi.1335@company.com,EMPLOYEE,default,False,2026-08-19T10:41:17.822526+00:00,2026-08-19T10:41:17.822526+00:00
6a8588c8e44c4693789d87c2,EMP001336,shyam.george.1336@company.com,EMPLOYEE,default,False,2026-08-19T10:41:18.129289+00:00,2026-08-19T10:41:18.129289+00:00
6a8588c8e44c4693789d87c3,EMP001351,arjun.sharma.1351@company.com,EMPLOYEE,default,False,2026-08-19T10:41:18.462367+00:00,2026-08-19T10:41:18.462367+00:00
6a8588c8e44c4693789d87c4,EMP001355,chetan.jain.1355@company.com,EMPLOYEE,default,False,2026-08-19T10:41:19.122752+00:00,2026-08-19T10:41:19.122752+00:00
6a8588c8e44c4693789d87c5,EMP001361,harish.malhotra.1361@company.com,EMPLOYEE,default,False,2026-08-19T10:41:19.589708+00:00,2026-08-19T10:41:19.589708+00:00
6a8588c8e44c4693789d87c6,EMP001363,ishaan.saxena.1363@company.com,EMPLOYEE,default,False,2026-08-19T10:41:19.899239+00:00,2026-08-19T10:41:19.899239+00:00
6a8588c8e44c4693789d87c7,EMP001367,kiran.kumar.1367@company.com,EMPLOYEE,default,False,2026-08-19T10:41:20.181209+00:00,2026-08-19T10:41:20.181209+00:00
6a8588c8e44c4693789d87c8,EMP001026,vidya.varma.1026@company.com,EMPLOYEE,default,False,2026-08-19T10:41:20.526237+00:00,2026-08-19T10:41:20.526237+00:00
6a8588c8e44c4693789d87c9,EMP001037,ashwin.iyer.1037@company.com,EMPLOYEE,default,False,2026-08-19T10:41:20.888482+00:00,2026-08-19T10:41:20.888482+00:00
6a8588c8e44c4693789d87ca,EMP001057,nandini.thomas.1057@company.com,EMPLOYEE,default,False,2026-08-19T10:41:21.172381+00:00,2026-08-19T10:41:21.172381+00:00
6a8588c8e44c4693789d87cb,EMP001068,rohit.chopra.1068@company.com,EMPLOYEE,default,False,2026-08-19T10:41:21.523782+00:00,2026-08-19T10:41:21.523782+00:00
6a8588c8e44c4693789d87cc,EMP001077,varun.chatterjee.1077@company.com,EMPLOYEE,default,False,2026-08-19T10:41:22.113836+00:00,2026-08-19T10:41:22.113836+00:00
6a8588c8e44c4693789d87cd,EMP001080,yash.nair.1080@company.com,EMPLOYEE,default,False,2026-08-19T10:41:22.440737+00:00,2026-08-19T10:41:22.440737+00:00
6a8588c8e44c4693789d87ce,EMP001086,harini.george.1086@company.com,EMPLOYEE,default,False,2026-08-19T10:41:22.736828+00:00,2026-08-19T10:41:22.736828+00:00
6a8588c8e44c4693789d87cf,EMP001094,reshma.verma.1094@company.com,EMPLOYEE,default,False,2026-08-19T10:41:23.076117+00:00,2026-08-19T10:41:23.076117+00:00
6a8588c8e44c4693789d87d0,EMP001108,aditi.sen.1108@company.com,EMPLOYEE,default,False,2026-08-19T10:41:23.412642+00:00,2026-08-19T10:41:23.412642+00:00
6a8588c8e44c4693789d87d1,EMP001110,akash.joshi.1110@company.com,EMPLOYEE,default,False,2026-08-19T10:41:24.241391+00:00,2026-08-19T10:41:24.241391+00:00
6a8588c8e44c4693789d87d2,EMP001114,arjun.prasad.1114@company.com,EMPLOYEE,default,False,2026-08-19T10:41:24.673862+00:00,2026-08-19T10:41:24.673862+00:00
6a8588c8e44c4693789d87d3,EMP001124,harish.singh.1124@company.com,EMPLOYEE,default,False,2026-08-19T10:41:24.958385+00:00,2026-08-19T10:41:24.958385+00:00
6a8588c8e44c4693789d87d4,EMP001125,isha.mishra.1125@company.com,EMPLOYEE,default,False,2026-08-19T10:41:25.243914+00:00,2026-08-19T10:41:25.243914+00:00
6a8588c8e44c4693789d87d5,EMP001141,pranav.banerjee.1141@company.com,EMPLOYEE,default,False,2026-08-19T10:41:25.556044+00:00,2026-08-19T10:41:25.556044+00:00
6a8588c8e44c4693789d87d6,EMP001155,tanvi.jain.1155@company.com,EMPLOYEE,default,False,2026-08-19T10:41:25.931170+00:00,2026-08-19T10:41:25.931170+00:00
6a8588c8e44c4693789d87d7,EMP001166,keerthi.reddy.1166@company.com,EMPLOYEE,default,False,2026-08-19T10:41:26.272325+00:00,2026-08-19T10:41:26.272325+00:00
6a8588c8e44c4693789d87d8,EMP001221,priya.gowda.1221@company.com,EMPLOYEE,default,False,2026-08-19T10:41:26.540791+00:00,2026-08-19T10:41:26.540791+00:00
6a8588c8e44c4693789d87d9,EMP001222,rahul.joseph.1222@company.com,EMPLOYEE,default,False,2026-08-19T10:41:26.817765+00:00,2026-08-19T10:41:26.817765+00:00
6a8588c8e44c4693789d87da,EMP001249,nithin.pandey.1249@company.com,EMPLOYEE,default,False,2026-08-19T10:41:27.119932+00:00,2026-08-19T10:41:27.119932+00:00
6a8588c8e44c4693789d87db,EMP001262,vasudha.kulkarni.1262@company.com,EMPLOYEE,default,False,2026-08-19T10:41:27.520979+00:00,2026-08-19T10:41:27.520979+00:00
6a8588c8e44c4693789d87dc,EMP001341,vasudha.banerjee.1341@company.com,EMPLOYEE,default,False,2026-08-19T10:41:27.904812+00:00,2026-08-19T10:41:27.904812+00:00
6a8588c8e44c4693789d87dd,EMP001346,aditya.pillai.1346@company.com,EMPLOYEE,default,False,2026-08-19T10:41:28.280815+00:00,2026-08-19T10:41:28.280815+00:00
6a8588c8e44c4693789d87de,EMP001011,monica.malhotra.1011@company.com,EMPLOYEE,default,False,2026-08-19T10:41:28.591852+00:00,2026-08-19T10:41:28.591852+00:00
6a8588c8e44c4693789d87df,EMP001023,surya.menon.1023@company.com,EMPLOYEE,default,False,2026-08-19T10:41:28.925342+00:00,2026-08-19T10:41:28.925342+00:00
6a8588c8e44c4693789d87e0,EMP001061,pooja.malhotra.1061@company.com,EMPLOYEE,default,False,2026-08-19T10:41:29.245500+00:00,2026-08-19T10:41:29.245500+00:00
6a8588c8e44c4693789d87e1,EMP001084,anirudh.mukherjee.1084@company.com,EMPLOYEE,default,False,2026-08-19T10:41:29.566322+00:00,2026-08-19T10:41:29.566322+00:00
6a8588c8e44c4693789d87e2,EMP001092,pallavi.yadav.1092@company.com,EMPLOYEE,default,False,2026-08-19T10:41:29.940834+00:00,2026-08-19T10:41:29.940834+00:00
6a8588c8e44c4693789d87e3,EMP001100,siddharth.fernandes.1100@company.com,EMPLOYEE,default,False,2026-08-19T10:41:30.425899+00:00,2026-08-19T10:41:30.425899+00:00
6a8588c8e44c4693789d87e4,EMP001106,vishal.thakur.1106@company.com,EMPLOYEE,default,False,2026-08-19T10:41:30.867626+00:00,2026-08-19T10:41:30.867626+00:00
6a8588c8e44c4693789d87e5,EMP001137,naveen.iyer.1137@company.com,EMPLOYEE,default,False,2026-08-19T10:41:31.237610+00:00,2026-08-19T10:41:31.237610+00:00
6a8588c8e44c4693789d87e6,EMP001142,priya.yadav.1142@company.com,EMPLOYEE,default,False,2026-08-19T10:41:31.575672+00:00,2026-08-19T10:41:31.575672+00:00
6a8588c8e44c4693789d87e7,EMP001143,rahul.dsouza.1143@company.com,EMPLOYEE,default,False,2026-08-19T10:41:31.933712+00:00,2026-08-19T10:41:31.933712+00:00
6a8588c8e44c4693789d87e8,EMP001152,sneha.patel.1152@company.com,EMPLOYEE,default,False,2026-08-19T10:41:32.521414+00:00,2026-08-19T10:41:32.521414+00:00
6a8588c8e44c4693789d87e9,EMP001156,varun.thakur.1156@company.com,EMPLOYEE,default,False,2026-08-19T10:41:32.944064+00:00,2026-08-19T10:41:32.944064+00:00
6a8588c8e44c4693789d87ea,EMP001164,divya.prasad.1164@company.com,EMPLOYEE,default,False,2026-08-19T10:41:33.521325+00:00,2026-08-19T10:41:33.521325+00:00
6a8588c8e44c4693789d87eb,EMP001165,harini.roy.1165@company.com,EMPLOYEE,default,False,2026-08-19T10:41:35.584029+00:00,2026-08-19T10:41:35.584029+00:00
6a8588c8e44c4693789d87ec,EMP001173,reshma.menon.1173@company.com,EMPLOYEE,default,False,2026-08-19T10:41:36.120751+00:00,2026-08-19T10:41:36.120751+00:00
6a8588c8e44c4693789d87ed,EMP001175,sakshi.mishra.1175@company.com,EMPLOYEE,default,False,2026-08-19T10:41:36.582039+00:00,2026-08-19T10:41:36.582039+00:00
6a8588c8e44c4693789d87ee,EMP001206,jahnavi.thakur.1206@company.com,EMPLOYEE,default,False,2026-08-19T10:41:36.951901+00:00,2026-08-19T10:41:36.951901+00:00
6a8588c8e44c4693789d87ef,EMP001213,meera.saxena.1213@company.com,EMPLOYEE,default,False,2026-08-19T10:41:37.290799+00:00,2026-08-19T10:41:37.290799+00:00
6a8588c8e44c4693789d87f0,EMP001261,vaishnavi.malhotra.1261@company.com,EMPLOYEE,default,False,2026-08-19T10:41:37.712254+00:00,2026-08-19T10:41:37.712254+00:00
6a8588c8e44c4693789d87f1,EMP001274,ashwin.singh.1274@company.com,EMPLOYEE,default,False,2026-08-19T10:41:38.067174+00:00,2026-08-19T10:41:38.067174+00:00
6a8588c8e44c4693789d87f2,EMP001285,jahnavi.tripathi.1285@company.com,EMPLOYEE,default,False,2026-08-19T10:41:38.395273+00:00,2026-08-19T10:41:38.395273+00:00
6a8588c8e44c4693789d87f3,EMP001302,raj.patel.1302@company.com,EMPLOYEE,default,False,2026-08-19T10:41:38.735357+00:00,2026-08-19T10:41:38.735357+00:00
6a8588c8e44c4693789d87f4,EMP001304,riya.bhat.1304@company.com,EMPLOYEE,default,False,2026-08-19T10:41:39.079689+00:00,2026-08-19T10:41:39.079689+00:00
6a8588c8e44c4693789d87f5,EMP001328,nithin.hegde.1328@company.com,EMPLOYEE,default,False,2026-08-19T10:41:39.427913+00:00,2026-08-19T10:41:39.427913+00:00
6a8588c8e44c4693789d87f6,EMP001329,pallavi.mathew.1329@company.com,EMPLOYEE,default,False,2026-08-19T10:41:40.080359+00:00,2026-08-19T10:41:40.080359+00:00
6a8588c8e44c4693789d87f7,EMP001331,reshma.gupta.1331@company.com,EMPLOYEE,default,False,2026-08-19T10:41:40.600859+00:00,2026-08-19T10:41:40.600859+00:00
6a8588c8e44c4693789d87f8,EMP001333,sakshi.krishnan.1333@company.com,EMPLOYEE,default,False,2026-08-19T10:41:41.163077+00:00,2026-08-19T10:41:41.163077+00:00
6a8588c8e44c4693789d87f9,EMP001347,akash.shetty.1347@company.com,EMPLOYEE,default,False,2026-08-19T10:41:41.787194+00:00,2026-08-19T10:41:41.787194+00:00
6a8588c8e44c4693789d87fa,EMP001349,amara.pandey.1349@company.com,EMPLOYEE,default,False,2026-08-19T10:41:42.280513+00:00,2026-08-19T10:41:42.280513+00:00
6a8588c8e44c4693789d87fb,EMP001357,dev.thomas.1357@company.com,EMPLOYEE,default,False,2026-08-19T10:41:42.799344+00:00,2026-08-19T10:41:42.799344+00:00
6a8588c8e44c4693789d87fc,EMP001366,kavya.reddy.1366@company.com,EMPLOYEE,default,False,2026-08-19T10:41:43.338304+00:00,2026-08-19T10:41:43.338304+00:00
6a8588c8e44c4693789d87fd,EMP001368,krishna.chopra.1368@company.com,EMPLOYEE,default,False,2026-08-19T10:41:43.866800+00:00,2026-08-19T10:41:43.866800+00:00
6a8588c8e44c4693789d87fe,EMP001008,keerthi.sen.1008@company.com,EMPLOYEE,default,False,2026-08-19T10:41:44.266643+00:00,2026-08-19T10:41:44.266643+00:00
6a8588c8e44c4693789d87ff,EMP001039,chetan.bose.1039@company.com,EMPLOYEE,default,False,2026-08-19T10:41:44.688120+00:00,2026-08-19T10:41:44.688120+00:00
6a8588c8e44c4693789d8800,EMP001055,meera.jain.1055@company.com,EMPLOYEE,default,False,2026-08-19T10:41:44.961125+00:00,2026-08-19T10:41:44.961125+00:00
6a8588c8e44c4693789d8801,EMP001059,neha.rao.1059@company.com,EMPLOYEE,default,False,2026-08-19T10:41:45.221917+00:00,2026-08-19T10:41:45.221917+00:00
6a8588c8e44c4693789d8802,EMP001067,riya.kumar.1067@company.com,EMPLOYEE,default,False,2026-08-19T10:41:45.577783+00:00,2026-08-19T10:41:45.577783+00:00
6a8588c8e44c4693789d8803,EMP001076,tanvi.varma.1076@company.com,EMPLOYEE,default,False,2026-08-19T10:41:45.855299+00:00,2026-08-19T10:41:45.855299+00:00
6a8588c8e44c4693789d8804,EMP001120,dev.sinha.1120@company.com,EMPLOYEE,default,False,2026-08-19T10:41:46.123861+00:00,2026-08-19T10:41:46.123861+00:00
6a8588c8e44c4693789d8805,EMP001140,pooja.naidu.1140@company.com,EMPLOYEE,default,False,2026-08-19T10:41:46.401796+00:00,2026-08-19T10:41:46.401796+00:00
6a8588c8e44c4693789d8806,EMP001162,anjali.kulkarni.1162@company.com,EMPLOYEE,default,False,2026-08-19T10:41:46.658299+00:00,2026-08-19T10:41:46.658299+00:00
6a8588c8e44c4693789d8807,EMP001188,aditya.kapoor.1188@company.com,EMPLOYEE,default,False,2026-08-19T10:41:46.930663+00:00,2026-08-19T10:41:46.930663+00:00
6a8588c8e44c4693789d8808,EMP001196,bhavana.pillai.1196@company.com,EMPLOYEE,default,False,2026-08-19T10:41:47.238174+00:00,2026-08-19T10:41:47.238174+00:00
6a8588c8e44c4693789d8809,EMP001208,kavya.sen.1208@company.com,EMPLOYEE,default,False,2026-08-19T10:41:47.539969+00:00,2026-08-19T10:41:47.539969+00:00
6a8588c8e44c4693789d880a,EMP001212,manish.kulkarni.1212@company.com,EMPLOYEE,default,False,2026-08-19T10:41:47.859464+00:00,2026-08-19T10:41:47.859464+00:00
6a8588c8e44c4693789d880b,EMP001227,sahana.chatterjee.1227@company.com,EMPLOYEE,default,False,2026-08-19T10:41:48.181814+00:00,2026-08-19T10:41:48.181814+00:00
6a8588c8e44c4693789d880c,EMP001267,aditya.kumar.1267@company.com,EMPLOYEE,default,False,2026-08-19T10:41:48.436393+00:00,2026-08-19T10:41:48.436393+00:00
6a8588c8e44c4693789d880d,EMP001318,zoya.chopra.1318@company.com,EMPLOYEE,default,False,2026-08-19T10:41:48.688926+00:00,2026-08-19T10:41:48.688926+00:00
6a8588c8e44c4693789d880e,EMP001340,vaishnavi.naidu.1340@company.com,EMPLOYEE,default,False,2026-08-19T10:41:48.949794+00:00,2026-08-19T10:41:48.949794+00:00
6a8588c8e44c4693789d880f,EMP001348,akshay.agarwal.1348@company.com,EMPLOYEE,default,False,2026-08-19T10:41:49.214140+00:00,2026-08-19T10:41:49.214140+00:00
6a8588c8e44c4693789d8810,EMP001358,diya.sen.1358@company.com,EMPLOYEE,default,False,2026-08-19T10:41:49.495843+00:00,2026-08-19T10:41:49.495843+00:00
6a8588c8e44c4693789d8811,EMP001359,esha.rao.1359@company.com,EMPLOYEE,default,False,2026-08-19T10:41:49.764079+00:00,2026-08-19T10:41:49.764079+00:00
6a8588c8e44c4693789d8812,EMP001005,anirudh.jain.1005@company.com,EMPLOYEE,default,False,2026-08-19T10:41:50.029421+00:00,2026-08-19T10:41:50.029421+00:00
6a8588c8e44c4693789d8813,EMP001024,vaishnavi.singh.1024@company.com,EMPLOYEE,default,False,2026-08-19T10:41:50.322378+00:00,2026-08-19T10:41:50.322378+00:00
6a8588c8e44c4693789d8814,EMP001119,deepa.desai.1119@company.com,EMPLOYEE,default,False,2026-08-19T10:41:50.596208+00:00,2026-08-19T10:41:50.596208+00:00
6a8588c8e44c4693789d8815,EMP001126,ishaan.varma.1126@company.com,EMPLOYEE,default,False,2026-08-19T10:41:51.004179+00:00,2026-08-19T10:41:51.004179+00:00
6a8588c8e44c4693789d8816,EMP001129,kavya.mathew.1129@company.com,EMPLOYEE,default,False,2026-08-19T10:41:51.504217+00:00,2026-08-19T10:41:51.504217+00:00
6a8588c8e44c4693789d8817,EMP001220,pranav.sinha.1220@company.com,EMPLOYEE,default,False,2026-08-19T10:41:52.031349+00:00,2026-08-19T10:41:52.031349+00:00
6a8588c8e44c4693789d8818,EMP001224,rakesh.singh.1224@company.com,EMPLOYEE,default,False,2026-08-19T10:41:52.443457+00:00,2026-08-19T10:41:52.443457+00:00
6a8588c8e44c4693789d8819,EMP001241,anjali.banerjee.1241@company.com,EMPLOYEE,default,False,2026-08-19T10:41:52.782327+00:00,2026-08-19T10:41:52.782327+00:00
6a8588c8e44c4693789d881a,EMP001245,keerthi.mehta.1245@company.com,EMPLOYEE,default,False,2026-08-19T10:41:53.146793+00:00,2026-08-19T10:41:53.146793+00:00
6a8588c8e44c4693789d881b,EMP001247,manasa.shetty.1247@company.com,EMPLOYEE,default,False,2026-08-19T10:41:53.648004+00:00,2026-08-19T10:41:53.648004+00:00
6a8588c8e44c4693789d881c,EMP001290,lakshmi.naidu.1290@company.com,EMPLOYEE,default,False,2026-08-19T10:41:53.970015+00:00,2026-08-19T10:41:53.970015+00:00
6a8588c8e44c4693789d881d,EMP001294,nandini.verma.1294@company.com,EMPLOYEE,default,False,2026-08-19T10:41:54.312475+00:00,2026-08-19T10:41:54.312475+00:00
6a8588c8e44c4693789d881e,EMP001300,priya.fernandes.1300@company.com,EMPLOYEE,default,False,2026-08-19T10:41:54.624884+00:00,2026-08-19T10:41:54.624884+00:00
6a8588c8e44c4693789d881f,EMP001320,anjali.sinha.1320@company.com,EMPLOYEE,default,False,2026-08-19T10:41:54.891187+00:00,2026-08-19T10:41:54.891187+00:00
6a8588c8e44c4693789d8820,EMP001339,surya.bose.1339@company.com,EMPLOYEE,default,False,2026-08-19T10:41:55.163419+00:00,2026-08-19T10:41:55.163419+00:00
6a8588c8e44c4693789d8821,EMP001353,ashwin.shah.1353@company.com,EMPLOYEE,default,False,2026-08-19T10:41:55.429252+00:00,2026-08-19T10:41:55.429252+00:00
6a8588c8e44c4693789d8822,EMP001002,zoya.patel.1002@company.com,EMPLOYEE,default,False,2026-08-19T10:41:55.678292+00:00,2026-08-19T10:41:55.678292+00:00
6a8588c8e44c4693789d8823,EMP001012,nithin.kulkarni.1012@company.com,EMPLOYEE,default,False,2026-08-19T10:41:55.954665+00:00,2026-08-19T10:41:55.954665+00:00
6a8588c8e44c4693789d8824,EMP001027,vishal.chatterjee.1027@company.com,EMPLOYEE,default,False,2026-08-19T10:41:56.233948+00:00,2026-08-19T10:41:56.233948+00:00
6a8588c8e44c4693789d8825,EMP001030,aditya.nair.1030@company.com,EMPLOYEE,default,False,2026-08-19T10:41:56.497769+00:00,2026-08-19T10:41:56.497769+00:00
6a8588c8e44c4693789d8826,EMP001064,rahul.prasad.1064@company.com,EMPLOYEE,default,False,2026-08-19T10:41:56.755698+00:00,2026-08-19T10:41:56.755698+00:00
6a8588c8e44c4693789d8827,EMP001082,abhinav.das.1082@company.com,EMPLOYEE,default,False,2026-08-19T10:41:57.012220+00:00,2026-08-19T10:41:57.012220+00:00
6a8588c8e44c4693789d8828,EMP001090,monica.naidu.1090@company.com,EMPLOYEE,default,False,2026-08-19T10:41:57.305383+00:00,2026-08-19T10:41:57.305383+00:00
6a8588c8e44c4693789d8829,EMP001095,rohan.mehta.1095@company.com,EMPLOYEE,default,False,2026-08-19T10:41:57.545580+00:00,2026-08-19T10:41:57.545580+00:00
6a8588c8e44c4693789d882a,EMP001104,vasudha.bhat.1104@company.com,EMPLOYEE,default,False,2026-08-19T10:41:57.808151+00:00,2026-08-19T10:41:57.808151+00:00
6a8588c8e44c4693789d882b,EMP001122,esha.joseph.1122@company.com,EMPLOYEE,default,False,2026-08-19T10:41:58.067595+00:00,2026-08-19T10:41:58.067595+00:00
6a8588c8e44c4693789d882c,EMP001127,jahnavi.chatterjee.1127@company.com,EMPLOYEE,default,False,2026-08-19T10:41:58.327875+00:00,2026-08-19T10:41:58.327875+00:00
6a8588c8e44c4693789d882d,EMP001191,amara.banerjee.1191@company.com,EMPLOYEE,default,False,2026-08-19T10:41:58.607132+00:00,2026-08-19T10:41:58.607132+00:00
6a8588c8e44c4693789d882e,EMP001197,chetan.shetty.1197@company.com,EMPLOYEE,default,False,2026-08-19T10:41:58.861338+00:00,2026-08-19T10:41:58.861338+00:00
6a8588c8e44c4693789d882f,EMP001239,zoya.bose.1239@company.com,EMPLOYEE,default,False,2026-08-19T10:41:59.115992+00:00,2026-08-19T10:41:59.115992+00:00
6a8588c8e44c4693789d8830,EMP001254,sakshi.bhat.1254@company.com,EMPLOYEE,default,False,2026-08-19T10:41:59.388561+00:00,2026-08-19T10:41:59.388561+00:00
6a8588c8e44c4693789d8831,EMP001275,bhavana.mishra.1275@company.com,EMPLOYEE,default,False,2026-08-19T10:41:59.654955+00:00,2026-08-19T10:41:59.654955+00:00
6a8588c8e44c4693789d8832,EMP001286,karan.george.1286@company.com,EMPLOYEE,default,False,2026-08-19T10:41:59.926144+00:00,2026-08-19T10:41:59.926144+00:00
6a8588c8e44c4693789d8833,EMP001307,sanjay.thomas.1307@company.com,EMPLOYEE,default,False,2026-08-19T10:42:00.221859+00:00,2026-08-19T10:42:00.221859+00:00
6a8588c8e44c4693789d8834,EMP001309,shreya.rao.1309@company.com,EMPLOYEE,default,False,2026-08-19T10:42:00.481113+00:00,2026-08-19T10:42:00.481113+00:00
6a8588c8e44c4693789d8835,EMP001314,varun.prasad.1314@company.com,EMPLOYEE,default,False,2026-08-19T10:42:00.899523+00:00,2026-08-19T10:42:00.899523+00:00
6a8588c8e44c4693789d8836,EMP001321,anirudh.gowda.1321@company.com,EMPLOYEE,default,False,2026-08-19T10:42:01.148135+00:00,2026-08-19T10:42:01.148135+00:00
6a8588c8e44c4693789d8837,EMP001327,monica.chatterjee.1327@company.com,EMPLOYEE,default,False,2026-08-19T10:42:01.409189+00:00,2026-08-19T10:42:01.409189+00:00
6a8588c8e44c4693789d8838,EMP001343,vishal.dsouza.1343@company.com,EMPLOYEE,default,False,2026-08-19T10:42:01.649701+00:00,2026-08-19T10:42:01.649701+00:00
6a8588c8e44c4693789d8839,EMP001017,sakshi.kumar.1017@company.com,EMPLOYEE,default,False,2026-08-19T10:42:01.985603+00:00,2026-08-19T10:42:01.985603+00:00
6a8588c8e44c4693789d883a,EMP001045,harish.mehta.1045@company.com,EMPLOYEE,default,False,2026-08-19T10:42:02.469964+00:00,2026-08-19T10:42:02.469964+00:00
6a8588c8e44c4693789d883b,EMP001054,manish.bhat.1054@company.com,EMPLOYEE,default,False,2026-08-19T10:42:03.471128+00:00,2026-08-19T10:42:03.471128+00:00
6a8588c8e44c4693789d883c,EMP001056,mohan.thakur.1056@company.com,EMPLOYEE,default,False,2026-08-19T10:42:03.844997+00:00,2026-08-19T10:42:03.844997+00:00
6a8588c8e44c4693789d883d,EMP001083,anjali.krishnan.1083@company.com,EMPLOYEE,default,False,2026-08-19T10:42:04.721728+00:00,2026-08-19T10:42:04.721728+00:00
6a8588c8e44c4693789d883e,EMP001160,zoya.joshi.1160@company.com,EMPLOYEE,default,False,2026-08-19T10:42:05.598008+00:00,2026-08-19T10:42:05.598008+00:00
6a8588c8e44c4693789d883f,EMP001209,kiran.rao.1209@company.com,EMPLOYEE,default,False,2026-08-19T10:42:06.027510+00:00,2026-08-19T10:42:06.027510+00:00
6a8588c8e44c4693789d8840,EMP001248,monica.agarwal.1248@company.com,EMPLOYEE,default,False,2026-08-19T10:42:06.371171+00:00,2026-08-19T10:42:06.371171+00:00
6a8588c8e44c4693789d8841,EMP001256,shalini.thakur.1256@company.com,EMPLOYEE,default,False,2026-08-19T10:42:06.648124+00:00,2026-08-19T10:42:06.648124+00:00
6a8588c8e44c4693789d8842,EMP001268,akash.chopra.1268@company.com,EMPLOYEE,default,False,2026-08-19T10:42:06.903116+00:00,2026-08-19T10:42:06.903116+00:00
6a8588c8e44c4693789d8843,EMP001276,chetan.varma.1276@company.com,EMPLOYEE,default,False,2026-08-19T10:42:07.174444+00:00,2026-08-19T10:42:07.174444+00:00
6a8588c8e44c4693789d8844,EMP001337,siddharth.iyer.1337@company.com,EMPLOYEE,default,False,2026-08-19T10:42:07.439097+00:00,2026-08-19T10:42:07.439097+00:00
6a8588c8e44c4693789d8845,EMP001360,gaurav.joshi.1360@company.com,EMPLOYEE,default,False,2026-08-19T10:42:07.709700+00:00,2026-08-19T10:42:07.709700+00:00
6a8588c8e44c4693789d8846,EMP001365,karan.roy.1365@company.com,EMPLOYEE,default,False,2026-08-19T10:42:07.963206+00:00,2026-08-19T10:42:07.963206+00:00
6a8588c8e44c4693789d8847,EMP001372,mohan.joseph.1372@company.com,EMPLOYEE,default,False,2026-08-19T10:42:08.209811+00:00,2026-08-19T10:42:08.209811+00:00
6a8588c8e44c4693789d8848,EMP001041,dev.banerjee.1041@company.com,EMPLOYEE,default,False,2026-08-19T10:42:08.472353+00:00,2026-08-19T10:42:08.472353+00:00
6a8588c8e44c4693789d8849,EMP001065,raj.roy.1065@company.com,EMPLOYEE,default,False,2026-08-19T10:42:08.730835+00:00,2026-08-19T10:42:08.730835+00:00
6a8588c8e44c4693789d884a,EMP001078,vikram.hegde.1078@company.com,EMPLOYEE,default,False,2026-08-19T10:42:09.015082+00:00,2026-08-19T10:42:09.015082+00:00
6a8588c8e44c4693789d884b,EMP001103,vaishnavi.shah.1103@company.com,EMPLOYEE,default,False,2026-08-19T10:42:09.280103+00:00,2026-08-19T10:42:09.280103+00:00
6a8588c8e44c4693789d884c,EMP001111,akshay.malhotra.1111@company.com,EMPLOYEE,default,False,2026-08-19T10:42:09.543220+00:00,2026-08-19T10:42:09.543220+00:00
6a8588c8e44c4693789d884d,EMP001118,chetan.chopra.1118@company.com,EMPLOYEE,default,False,2026-08-19T10:42:09.788256+00:00,2026-08-19T10:42:09.788256+00:00
6a8588c8e44c4693789d884e,EMP001132,lakshmi.das.1132@company.com,EMPLOYEE,default,False,2026-08-19T10:42:10.042923+00:00,2026-08-19T10:42:10.042923+00:00
6a8588c8e44c4693789d884f,EMP001146,riya.pillai.1146@company.com,EMPLOYEE,default,False,2026-08-19T10:42:10.412963+00:00,2026-08-19T10:42:10.412963+00:00
6a8588c8e44c4693789d8850,EMP001147,rohit.shetty.1147@company.com,EMPLOYEE,default,False,2026-08-19T10:42:10.971478+00:00,2026-08-19T10:42:10.971478+00:00
6a8588c8e44c4693789d8851,EMP001154,swathi.bhat.1154@company.com,EMPLOYEE,default,False,2026-08-19T10:42:11.295172+00:00,2026-08-19T10:42:11.295172+00:00
6a8588c8e44c4693789d8852,EMP001170,nithin.sinha.1170@company.com,EMPLOYEE,default,False,2026-08-19T10:42:11.571685+00:00,2026-08-19T10:42:11.571685+00:00
6a8588c8e44c4693789d8853,EMP001185,vishal.tripathi.1185@company.com,EMPLOYEE,default,False,2026-08-19T10:42:11.849447+00:00,2026-08-19T10:42:11.849447+00:00
6a8588c8e44c4693789d8854,EMP001186,aarav.george.1186@company.com,EMPLOYEE,default,False,2026-08-19T10:42:12.130485+00:00,2026-08-19T10:42:12.130485+00:00
6a8588c8e44c4693789d8855,EMP001192,ananya.yadav.1192@company.com,EMPLOYEE,default,False,2026-08-19T10:42:12.436131+00:00,2026-08-19T10:42:12.436131+00:00
6a8588c8e44c4693789d8856,EMP001199,dev.pandey.1199@company.com,EMPLOYEE,default,False,2026-08-19T10:42:12.729236+00:00,2026-08-19T10:42:12.729236+00:00
6a8588c8e44c4693789d8857,EMP001202,gaurav.patel.1202@company.com,EMPLOYEE,default,False,2026-08-19T10:42:13.023416+00:00,2026-08-19T10:42:13.023416+00:00
6a8588c8e44c4693789d8858,EMP001216,naveen.reddy.1216@company.com,EMPLOYEE,default,False,2026-08-19T10:42:13.337207+00:00,2026-08-19T10:42:13.337207+00:00
6a8588c8e44c4693789d8859,EMP001233,swathi.krishnan.1233@company.com,EMPLOYEE,default,False,2026-08-19T10:42:13.844320+00:00,2026-08-19T10:42:13.844320+00:00
6a8588c8e44c4693789d885a,EMP001251,pradeep.sharma.1251@company.com,EMPLOYEE,default,False,2026-08-19T10:42:14.340447+00:00,2026-08-19T10:42:14.340447+00:00
6a8588c8e44c4693789d885b,EMP001292,meera.yadav.1292@company.com,EMPLOYEE,default,False,2026-08-19T10:42:15.062863+00:00,2026-08-19T10:42:15.062863+00:00
6a8588c8e44c4693789d885c,EMP001295,naveen.mehta.1295@company.com,EMPLOYEE,default,False,2026-08-19T10:42:15.530164+00:00,2026-08-19T10:42:15.530164+00:00
6a8588c8e44c4693789d885d,EMP001350,ananya.fernandes.1350@company.com,EMPLOYEE,default,False,2026-08-19T10:42:15.972306+00:00,2026-08-19T10:42:15.972306+00:00
6a8588c8e44c4693789d885e,EMP001060,nikhil.joshi.1060@company.com,EMPLOYEE,default,False,2026-08-19T10:42:16.286230+00:00,2026-08-19T10:42:16.286230+00:00
6a8588c8e44c4693789d885f,EMP001062,pranav.kulkarni.1062@company.com,EMPLOYEE,default,False,2026-08-19T10:42:16.580412+00:00,2026-08-19T10:42:16.580412+00:00
6a8588c8e44c4693789d8860,EMP001075,swathi.mishra.1075@company.com,EMPLOYEE,default,False,2026-08-19T10:42:16.896265+00:00,2026-08-19T10:42:16.896265+00:00
6a8588c8e44c4693789d8861,EMP001091,nithin.banerjee.1091@company.com,EMPLOYEE,default,False,2026-08-19T10:42:17.203935+00:00,2026-08-19T10:42:17.203935+00:00
6a8588c8e44c4693789d8862,EMP001109,aditya.rao.1109@company.com,EMPLOYEE,default,False,2026-08-19T10:42:17.466652+00:00,2026-08-19T10:42:17.466652+00:00
6a8588c8e44c4693789d8863,EMP001113,ananya.saxena.1113@company.com,EMPLOYEE,default,False,2026-08-19T10:42:17.715702+00:00,2026-08-19T10:42:17.715702+00:00
6a8588c8e44c4693789d8864,EMP001168,manasa.chopra.1168@company.com,EMPLOYEE,default,False,2026-08-19T10:42:17.979686+00:00,2026-08-19T10:42:17.979686+00:00
6a8588c8e44c4693789d8865,EMP001184,vidya.mukherjee.1184@company.com,EMPLOYEE,default,False,2026-08-19T10:42:18.221845+00:00,2026-08-19T10:42:18.221845+00:00
6a8588c8e44c4693789d8866,EMP001237,vivek.iyer.1237@company.com,EMPLOYEE,default,False,2026-08-19T10:42:18.473689+00:00,2026-08-19T10:42:18.473689+00:00
6a8588c8e44c4693789d8867,EMP001260,surya.joshi.1260@company.com,EMPLOYEE,default,False,2026-08-19T10:42:18.729481+00:00,2026-08-19T10:42:18.729481+00:00
6a8588c8e44c4693789d8868,EMP001270,amara.sinha.1270@company.com,EMPLOYEE,default,False,2026-08-19T10:42:18.979709+00:00,2026-08-19T10:42:18.979709+00:00
6a8588c8e44c4693789d8869,EMP001271,ananya.gowda.1271@company.com,EMPLOYEE,default,False,2026-08-19T10:42:19.228712+00:00,2026-08-19T10:42:19.228712+00:00
6a8588c8e44c4693789d886a,EMP001278,dev.hegde.1278@company.com,EMPLOYEE,default,False,2026-08-19T10:42:19.476355+00:00,2026-08-19T10:42:19.476355+00:00
6a8588c8e44c4693789d886b,EMP001310,sneha.joshi.1310@company.com,EMPLOYEE,default,False,2026-08-19T10:42:19.729549+00:00,2026-08-19T10:42:19.729549+00:00
6a8588c8e44c4693789d886c,EMP001317,yash.kumar.1317@company.com,EMPLOYEE,default,False,2026-08-19T10:42:19.971499+00:00,2026-08-19T10:42:19.971499+00:00
6a8588c8e44c4693789d886d,EMP001326,manasa.varma.1326@company.com,EMPLOYEE,default,False,2026-08-19T10:42:20.224262+00:00,2026-08-19T10:42:20.224262+00:00
6a8588c8e44c4693789d886e,EMP001342,vidya.yadav.1342@company.com,EMPLOYEE,default,False,2026-08-19T10:42:20.480053+00:00,2026-08-19T10:42:20.480053+00:00
6a8588c8e44c4693789d886f,EMP001370,manish.sinha.1370@company.com,EMPLOYEE,default,False,2026-08-19T10:42:20.730763+00:00,2026-08-19T10:42:20.730763+00:00
6a8588c8e44c4693789d8870,EMP001010,manasa.joshi.1010@company.com,EMPLOYEE,default,False,2026-08-19T10:42:20.978577+00:00,2026-08-19T10:42:20.978577+00:00
6a8588c8e44c4693789d8871,EMP001013,pallavi.saxena.1013@company.com,EMPLOYEE,default,False,2026-08-19T10:42:21.285777+00:00,2026-08-19T10:42:21.285777+00:00
6a8588c8e44c4693789d8872,EMP001025,vasudha.mishra.1025@company.com,EMPLOYEE,default,False,2026-08-19T10:42:21.590517+00:00,2026-08-19T10:42:21.590517+00:00
6a8588c8e44c4693789d8873,EMP001050,kavya.fernandes.1050@company.com,EMPLOYEE,default,False,2026-08-19T10:42:21.857476+00:00,2026-08-19T10:42:21.857476+00:00
6a8588c8e44c4693789d8874,EMP001072,shreya.joseph.1072@company.com,EMPLOYEE,default,False,2026-08-19T10:42:22.156943+00:00,2026-08-19T10:42:22.156943+00:00
6a8588c8e44c4693789d8875,EMP001073,sneha.menon.1073@company.com,EMPLOYEE,default,False,2026-08-19T10:42:22.421168+00:00,2026-08-19T10:42:22.421168+00:00
6a8588c8e44c4693789d8876,EMP001096,sakshi.pillai.1096@company.com,EMPLOYEE,default,False,2026-08-19T10:42:22.674007+00:00,2026-08-19T10:42:22.674007+00:00
6a8588c8e44c4693789d8877,EMP001101,simran.sharma.1101@company.com,EMPLOYEE,default,False,2026-08-19T10:42:22.926430+00:00,2026-08-19T10:42:22.926430+00:00
6a8588c8e44c4693789d8878,EMP001128,karan.hegde.1128@company.com,EMPLOYEE,default,False,2026-08-19T10:42:23.176627+00:00,2026-08-19T10:42:23.176627+00:00
6a8588c8e44c4693789d8879,EMP001134,meera.mukherjee.1134@company.com,EMPLOYEE,default,False,2026-08-19T10:42:23.436346+00:00,2026-08-19T10:42:23.436346+00:00
6a8588c8e44c4693789d887a,EMP001151,shreya.sharma.1151@company.com,EMPLOYEE,default,False,2026-08-19T10:42:23.704144+00:00,2026-08-19T10:42:23.704144+00:00
6a8588c8e44c4693789d887b,EMP001158,vivek.sen.1158@company.com,EMPLOYEE,default,False,2026-08-19T10:42:23.964720+00:00,2026-08-19T10:42:23.964720+00:00
6a8588c8e44c4693789d887c,EMP001176,sameer.varma.1176@company.com,EMPLOYEE,default,False,2026-08-19T10:42:24.263332+00:00,2026-08-19T10:42:24.263332+00:00
6a8588c8e44c4693789d887d,EMP001204,isha.bhat.1204@company.com,EMPLOYEE,default,False,2026-08-19T10:42:24.644300+00:00,2026-08-19T10:42:24.644300+00:00
6a8588c8e44c4693789d887e,EMP001217,neha.kumar.1217@company.com,EMPLOYEE,default,False,2026-08-19T10:42:24.907942+00:00,2026-08-19T10:42:24.907942+00:00
6a8588c8e44c4693789d887f,EMP001219,pooja.desai.1219@company.com,EMPLOYEE,default,False,2026-08-19T10:42:25.156776+00:00,2026-08-19T10:42:25.156776+00:00
6a8588c8e44c4693789d8880,EMP001235,varun.tripathi.1235@company.com,EMPLOYEE,default,False,2026-08-19T10:42:25.406912+00:00,2026-08-19T10:42:25.406912+00:00
6a8588c8e44c4693789d8881,EMP001240,abhinav.naidu.1240@company.com,EMPLOYEE,default,False,2026-08-19T10:42:25.675469+00:00,2026-08-19T10:42:25.675469+00:00
6a8588c8e44c4693789d8882,EMP001246,madhav.pillai.1246@company.com,EMPLOYEE,default,False,2026-08-19T10:42:25.939316+00:00,2026-08-19T10:42:25.939316+00:00
6a8588c8e44c4693789d8883,EMP001263,vidya.saxena.1263@company.com,EMPLOYEE,default,False,2026-08-19T10:42:26.228329+00:00,2026-08-19T10:42:26.228329+00:00
6a8588c8e44c4693789d8884,EMP001269,akshay.desai.1269@company.com,EMPLOYEE,default,False,2026-08-19T10:42:26.486716+00:00,2026-08-19T10:42:26.486716+00:00
6a8588c8e44c4693789d8885,EMP001291,manish.banerjee.1291@company.com,EMPLOYEE,default,False,2026-08-19T10:42:26.732828+00:00,2026-08-19T10:42:26.732828+00:00
6a8588c8e44c4693789d8886,EMP001312,swathi.kulkarni.1312@company.com,EMPLOYEE,default,False,2026-08-19T10:42:26.980578+00:00,2026-08-19T10:42:26.980578+00:00
6a8588c8e44c4693789d8887,EMP001316,vivek.reddy.1316@company.com,EMPLOYEE,default,False,2026-08-19T10:42:27.229131+00:00,2026-08-19T10:42:27.229131+00:00
6a8588c8e44c4693789d8888,EMP001319,abhinav.desai.1319@company.com,EMPLOYEE,default,False,2026-08-19T10:42:27.481622+00:00,2026-08-19T10:42:27.481622+00:00
6a8588c8e44c4693789d8889,EMP001323,harini.menon.1323@company.com,EMPLOYEE,default,False,2026-08-19T10:42:27.737918+00:00,2026-08-19T10:42:27.737918+00:00
6a8588c8e44c4693789d888a,EMP001354,bhavana.bhat.1354@company.com,EMPLOYEE,default,False,2026-08-19T10:42:27.988627+00:00,2026-08-19T10:42:27.988627+00:00
6a8588c8e44c4693789d888b,EMP001003,abhinav.shah.1003@company.com,EMPLOYEE,default,False,2026-08-19T10:42:28.231822+00:00,2026-08-19T10:42:28.231822+00:00
6a8588c8e44c4693789d888c,EMP001006,divya.thakur.1006@company.com,EMPLOYEE,default,False,2026-08-19T10:42:28.479599+00:00,2026-08-19T10:42:28.479599+00:00
6a8588c8e44c4693789d888d,EMP001014,pradeep.prasad.1014@company.com,EMPLOYEE,default,False,2026-08-19T10:42:28.729297+00:00,2026-08-19T10:42:28.729297+00:00
6a8588c8e44c4693789d888e,EMP001021,siddharth.gowda.1021@company.com,EMPLOYEE,default,False,2026-08-19T10:42:28.978289+00:00,2026-08-19T10:42:28.978289+00:00
6a8588c8e44c4693789d888f,EMP001038,bhavana.kapoor.1038@company.com,EMPLOYEE,default,False,2026-08-19T10:42:29.229149+00:00,2026-08-19T10:42:29.229149+00:00
6a8588c8e44c4693789d8890,EMP001042,diya.yadav.1042@company.com,EMPLOYEE,default,False,2026-08-19T10:42:29.474249+00:00,2026-08-19T10:42:29.474249+00:00
6a8588c8e44c4693789d8891,EMP001063,priya.saxena.1063@company.com,EMPLOYEE,default,False,2026-08-19T10:42:29.727167+00:00,2026-08-19T10:42:29.727167+00:00
6a8588c8e44c4693789d8892,EMP001070,sanjay.sinha.1070@company.com,EMPLOYEE,default,False,2026-08-19T10:42:29.972323+00:00,2026-08-19T10:42:29.972323+00:00
6a8588c8e44c4693789d8893,EMP001087,keerthi.iyer.1087@company.com,EMPLOYEE,default,False,2026-08-19T10:42:30.221140+00:00,2026-08-19T10:42:30.221140+00:00
6a8588c8e44c4693789d8894,EMP001089,manasa.bose.1089@company.com,EMPLOYEE,default,False,2026-08-19T10:42:30.472015+00:00,2026-08-19T10:42:30.472015+00:00
6a8588c8e44c4693789d8895,EMP001093,pradeep.dsouza.1093@company.com,EMPLOYEE,default,False,2026-08-19T10:42:30.732167+00:00,2026-08-19T10:42:30.732167+00:00
6a8588c8e44c4693789d8896,EMP001112,amara.kulkarni.1112@company.com,EMPLOYEE,default,False,2026-08-19T10:42:30.996351+00:00,2026-08-19T10:42:30.996351+00:00
6a8588c8e44c4693789d8897,EMP001117,bhavana.kumar.1117@company.com,EMPLOYEE,default,False,2026-08-19T10:42:31.294855+00:00,2026-08-19T10:42:31.294855+00:00
6a8588c8e44c4693789d8898,EMP001135,mohan.tripathi.1135@company.com,EMPLOYEE,default,False,2026-08-19T10:42:31.581733+00:00,2026-08-19T10:42:31.581733+00:00
6a8588c8e44c4693789d8899,EMP001138,neha.kapoor.1138@company.com,EMPLOYEE,default,False,2026-08-19T10:42:31.895584+00:00,2026-08-19T10:42:31.895584+00:00
6a8588c8e44c4693789d889a,EMP001174,rohan.singh.1174@company.com,EMPLOYEE,default,False,2026-08-19T10:42:32.153959+00:00,2026-08-19T10:42:32.153959+00:00
6a8588c8e44c4693789d889b,EMP001182,vaishnavi.das.1182@company.com,EMPLOYEE,default,False,2026-08-19T10:42:32.404447+00:00,2026-08-19T10:42:32.404447+00:00
6a8588c8e44c4693789d889c,EMP001187,aditi.iyer.1187@company.com,EMPLOYEE,default,False,2026-08-19T10:42:32.654626+00:00,2026-08-19T10:42:32.654626+00:00
6a8588c8e44c4693789d889d,EMP001190,akshay.naidu.1190@company.com,EMPLOYEE,default,False,2026-08-19T10:42:32.912050+00:00,2026-08-19T10:42:32.912050+00:00
6a8588c8e44c4693789d889e,EMP001205,ishaan.jain.1205@company.com,EMPLOYEE,default,False,2026-08-19T10:42:33.161000+00:00,2026-08-19T10:42:33.161000+00:00
6a8588c8e44c4693789d889f,EMP001211,lakshmi.malhotra.1211@company.com,EMPLOYEE,default,False,2026-08-19T10:42:33.412685+00:00,2026-08-19T10:42:33.412685+00:00
6a8588c8e44c4693789d88a0,EMP001214,mohan.prasad.1214@company.com,EMPLOYEE,default,False,2026-08-19T10:42:33.658826+00:00,2026-08-19T10:42:33.658826+00:00
6a8588c8e44c4693789d88a1,EMP001218,nikhil.chopra.1218@company.com,EMPLOYEE,default,False,2026-08-19T10:42:33.911026+00:00,2026-08-19T10:42:33.911026+00:00
6a8588c8e44c4693789d88a2,EMP001229,sanjana.mathew.1229@company.com,EMPLOYEE,default,False,2026-08-19T10:42:34.155336+00:00,2026-08-19T10:42:34.155336+00:00
6a8588c8e44c4693789d88a3,EMP001230,shreya.nair.1230@company.com,EMPLOYEE,default,False,2026-08-19T10:42:34.404863+00:00,2026-08-19T10:42:34.404863+00:00
6a8588c8e44c4693789d88a4,EMP001281,gaurav.gupta.1281@company.com,EMPLOYEE,default,False,2026-08-19T10:42:34.654884+00:00,2026-08-19T10:42:34.654884+00:00
6a8588c8e44c4693789d88a5,EMP001311,srinivas.malhotra.1311@company.com,EMPLOYEE,default,False,2026-08-19T10:42:34.920955+00:00,2026-08-19T10:42:34.920955+00:00
6a8588c8e44c4693789d88a6,EMP001322,divya.joseph.1322@company.com,EMPLOYEE,default,False,2026-08-19T10:42:35.185228+00:00,2026-08-19T10:42:35.185228+00:00
6a8588c8e44c4693789d88a7,EMP001022,simran.joseph.1022@company.com,EMPLOYEE,default,False,2026-08-19T10:42:35.457033+00:00,2026-08-19T10:42:35.457033+00:00
6a8588c8e44c4693789d88a8,EMP001051,kiran.sharma.1051@company.com,EMPLOYEE,default,False,2026-08-19T10:42:35.702838+00:00,2026-08-19T10:42:35.702838+00:00
6a8588c8e44c4693789d88a9,EMP001066,rakesh.reddy.1066@company.com,EMPLOYEE,default,False,2026-08-19T10:42:35.954472+00:00,2026-08-19T10:42:35.954472+00:00
6a8588c8e44c4693789d88aa,EMP001088,madhav.kapoor.1088@company.com,EMPLOYEE,default,False,2026-08-19T10:42:36.221813+00:00,2026-08-19T10:42:36.221813+00:00
6a8588c8e44c4693789d88ab,EMP001107,aarav.thomas.1107@company.com,EMPLOYEE,default,False,2026-08-19T10:42:36.483243+00:00,2026-08-19T10:42:36.483243+00:00
6a8588c8e44c4693789d88ac,EMP001133,manish.krishnan.1133@company.com,EMPLOYEE,default,False,2026-08-19T10:42:36.732131+00:00,2026-08-19T10:42:36.732131+00:00
6a8588c8e44c4693789d88ad,EMP001139,nikhil.bose.1139@company.com,EMPLOYEE,default,False,2026-08-19T10:42:36.997455+00:00,2026-08-19T10:42:36.997455+00:00
6a8588c8e44c4693789d88ae,EMP001148,sahana.agarwal.1148@company.com,EMPLOYEE,default,False,2026-08-19T10:42:37.245324+00:00,2026-08-19T10:42:37.245324+00:00
6a8588c8e44c4693789d88af,EMP001172,pradeep.joseph.1172@company.com,EMPLOYEE,default,False,2026-08-19T10:42:37.504272+00:00,2026-08-19T10:42:37.504272+00:00
6a8588c8e44c4693789d88b0,EMP001183,vasudha.krishnan.1183@company.com,EMPLOYEE,default,False,2026-08-19T10:42:37.758219+00:00,2026-08-19T10:42:37.758219+00:00
6a8588c8e44c4693789d88b1,EMP001228,sanjay.hegde.1228@company.com,EMPLOYEE,default,False,2026-08-19T10:42:38.046537+00:00,2026-08-19T10:42:38.046537+00:00
6a8588c8e44c4693789d88b2,EMP001238,yash.kapoor.1238@company.com,EMPLOYEE,default,False,2026-08-19T10:42:38.309839+00:00,2026-08-19T10:42:38.309839+00:00
6a8588c8e44c4693789d88b3,EMP001244,harini.verma.1244@company.com,EMPLOYEE,default,False,2026-08-19T10:42:38.568284+00:00,2026-08-19T10:42:38.568284+00:00
6a8588c8e44c4693789d88b4,EMP001250,pallavi.fernandes.1250@company.com,EMPLOYEE,default,False,2026-08-19T10:42:38.881200+00:00,2026-08-19T10:42:38.881200+00:00
6a8588c8e44c4693789d88b5,EMP001272,arjun.joseph.1272@company.com,EMPLOYEE,default,False,2026-08-19T10:42:39.193977+00:00,2026-08-19T10:42:39.193977+00:00
6a8588c8e44c4693789d88b6,EMP001279,diya.mathew.1279@company.com,EMPLOYEE,default,False,2026-08-19T10:42:39.574996+00:00,2026-08-19T10:42:39.574996+00:00
6a8588c8e44c4693789d88b7,EMP001282,harish.das.1282@company.com,EMPLOYEE,default,False,2026-08-19T10:42:39.905322+00:00,2026-08-19T10:42:39.905322+00:00
6a8588c8e44c4693789d88b8,EMP001288,kiran.kapoor.1288@company.com,EMPLOYEE,default,False,2026-08-19T10:42:40.258607+00:00,2026-08-19T10:42:40.258607+00:00
6a8588c8e44c4693789d88b9,EMP001289,krishna.bose.1289@company.com,EMPLOYEE,default,False,2026-08-19T10:42:40.869548+00:00,2026-08-19T10:42:40.869548+00:00
6a8588c8e44c4693789d88ba,EMP001297,nikhil.shetty.1297@company.com,EMPLOYEE,default,False,2026-08-19T10:42:41.167244+00:00,2026-08-19T10:42:41.167244+00:00
6a8588c8e44c4693789d88bb,EMP001330,pradeep.nair.1330@company.com,EMPLOYEE,default,False,2026-08-19T10:42:41.463155+00:00,2026-08-19T10:42:41.463155+00:00
6a8588c8e44c4693789d88bc,EMP001334,sameer.mukherjee.1334@company.com,EMPLOYEE,default,False,2026-08-19T10:42:41.775022+00:00,2026-08-19T10:42:41.775022+00:00
6a8588c8e44c4693789d88bd,EMP001344,aarav.verma.1344@company.com,EMPLOYEE,default,False,2026-08-19T10:42:42.118931+00:00,2026-08-19T10:42:42.118931+00:00
6a8588c8e44c4693789d88be,EMP001397,zoya.shetty.1397@company.com,EMPLOYEE,default,False,2026-08-19T10:42:42.428149+00:00,2026-08-19T10:42:42.428149+00:00
6a8588c8e44c4693789d88bf,EMP001399,anjali.pandey.1399@company.com,EMPLOYEE,default,False,2026-08-19T10:42:42.702823+00:00,2026-08-19T10:42:42.702823+00:00
6a8588c8e44c4693789d88c0,EMP001404,madhav.bhat.1404@company.com,EMPLOYEE,default,False,2026-08-19T10:42:42.945200+00:00,2026-08-19T10:42:42.945200+00:00
6a8588c8e44c4693789d88c1,EMP001421,vidya.gowda.1421@company.com,EMPLOYEE,default,False,2026-08-19T10:42:43.189546+00:00,2026-08-19T10:42:43.189546+00:00
6a8588c8e44c4693789d88c2,EMP001437,diya.iyer.1437@company.com,EMPLOYEE,default,False,2026-08-19T10:42:43.813226+00:00,2026-08-19T10:42:43.813226+00:00
6a8588c8e44c4693789d88c3,EMP001449,manish.pandey.1449@company.com,EMPLOYEE,default,False,2026-08-19T10:42:44.576222+00:00,2026-08-19T10:42:44.576222+00:00
6a8588c8e44c4693789d88c4,EMP001475,yash.mishra.1475@company.com,EMPLOYEE,default,False,2026-08-19T10:42:45.409003+00:00,2026-08-19T10:42:45.409003+00:00
6a8588c8e44c4693789d88c5,EMP001481,harini.gupta.1481@company.com,EMPLOYEE,default,False,2026-08-19T10:42:45.850995+00:00,2026-08-19T10:42:45.850995+00:00
6a8588c8e44c4693789d88c6,EMP001487,pallavi.iyer.1487@company.com,EMPLOYEE,default,False,2026-08-19T10:42:46.183166+00:00,2026-08-19T10:42:46.183166+00:00
6a8588c8e44c4693789d88c7,EMP001536,pranav.george.1536@company.com,EMPLOYEE,default,False,2026-08-19T10:42:46.702615+00:00,2026-08-19T10:42:46.702615+00:00
6a8588c8e44c4693789d88c8,EMP001575,simran.mishra.1575@company.com,EMPLOYEE,default,False,2026-08-19T10:42:46.962698+00:00,2026-08-19T10:42:46.962698+00:00
6a8588c8e44c4693789d88c9,EMP001587,ananya.iyer.1587@company.com,EMPLOYEE,default,False,2026-08-19T10:42:47.229388+00:00,2026-08-19T10:42:47.229388+00:00
6a8588c8e44c4693789d88ca,EMP001600,ishaan.fernandes.1600@company.com,EMPLOYEE,default,False,2026-08-19T10:42:47.485417+00:00,2026-08-19T10:42:47.485417+00:00
6a8588c8e44c4693789d88cb,EMP001614,pooja.prasad.1614@company.com,EMPLOYEE,default,False,2026-08-19T10:42:47.744430+00:00,2026-08-19T10:42:47.744430+00:00
6a8588c8e44c4693789d88cc,EMP001631,vikram.gupta.1631@company.com,EMPLOYEE,default,False,2026-08-19T10:42:48.030469+00:00,2026-08-19T10:42:48.030469+00:00
6a8588c8e44c4693789d88cd,EMP001632,vivek.das.1632@company.com,EMPLOYEE,default,False,2026-08-19T10:42:48.279712+00:00,2026-08-19T10:42:48.279712+00:00
6a8588c8e44c4693789d88ce,EMP001641,madhav.banerjee.1641@company.com,EMPLOYEE,default,False,2026-08-19T10:42:48.593438+00:00,2026-08-19T10:42:48.593438+00:00
6a8588c8e44c4693789d88cf,EMP001645,pallavi.mehta.1645@company.com,EMPLOYEE,default,False,2026-08-19T10:42:49.169370+00:00,2026-08-19T10:42:49.169370+00:00
6a8588c8e44c4693789d88d0,EMP001647,reshma.shetty.1647@company.com,EMPLOYEE,default,False,2026-08-19T10:42:49.630304+00:00,2026-08-19T10:42:49.630304+00:00
6a8588c8e44c4693789d88d1,EMP001650,sameer.fernandes.1650@company.com,EMPLOYEE,default,False,2026-08-19T10:42:49.977439+00:00,2026-08-19T10:42:49.977439+00:00
6a8588c8e44c4693789d88d2,EMP001653,siddharth.shah.1653@company.com,EMPLOYEE,default,False,2026-08-19T10:42:50.240615+00:00,2026-08-19T10:42:50.240615+00:00
6a8588c8e44c4693789d88d3,EMP001654,simran.bhat.1654@company.com,EMPLOYEE,default,False,2026-08-19T10:42:50.734069+00:00,2026-08-19T10:42:50.734069+00:00
6a8588c8e44c4693789d88d4,EMP001660,aarav.joshi.1660@company.com,EMPLOYEE,default,False,2026-08-19T10:42:51.427121+00:00,2026-08-19T10:42:51.427121+00:00
6a8588c8e44c4693789d88d5,EMP001669,ashwin.desai.1669@company.com,EMPLOYEE,default,False,2026-08-19T10:42:51.705805+00:00,2026-08-19T10:42:51.705805+00:00
6a8588c8e44c4693789d88d6,EMP001683,kiran.krishnan.1683@company.com,EMPLOYEE,default,False,2026-08-19T10:42:51.962283+00:00,2026-08-19T10:42:51.962283+00:00
6a8588c8e44c4693789d88d7,EMP001688,mohan.kapoor.1688@company.com,EMPLOYEE,default,False,2026-08-19T10:42:52.204167+00:00,2026-08-19T10:42:52.204167+00:00
6a8588c8e44c4693789d88d8,EMP001701,sahana.sharma.1701@company.com,EMPLOYEE,default,False,2026-08-19T10:42:52.456767+00:00,2026-08-19T10:42:52.456767+00:00
6a8588c8e44c4693789d88d9,EMP001705,sneha.jain.1705@company.com,EMPLOYEE,default,False,2026-08-19T10:42:52.696666+00:00,2026-08-19T10:42:52.696666+00:00
6a8588c8e44c4693789d88da,EMP001736,vasudha.george.1736@company.com,EMPLOYEE,default,False,2026-08-19T10:42:52.944567+00:00,2026-08-19T10:42:52.944567+00:00
6a8588c8e44c4693789d88db,EMP001743,akshay.dsouza.1743@company.com,EMPLOYEE,default,False,2026-08-19T10:42:53.198915+00:00,2026-08-19T10:42:53.198915+00:00
6a8588c8e44c4693789d88dc,EMP001396,yash.pillai.1396@company.com,EMPLOYEE,default,False,2026-08-19T10:42:53.478878+00:00,2026-08-19T10:42:53.478878+00:00
6a8588c8e44c4693789d88dd,EMP001408,pallavi.sen.1408@company.com,EMPLOYEE,default,False,2026-08-19T10:42:53.758784+00:00,2026-08-19T10:42:53.758784+00:00
6a8588c8e44c4693789d88de,EMP001412,sakshi.kulkarni.1412@company.com,EMPLOYEE,default,False,2026-08-19T10:42:53.998367+00:00,2026-08-19T10:42:53.998367+00:00
6a8588c8e44c4693789d88df,EMP001427,akshay.chatterjee.1427@company.com,EMPLOYEE,default,False,2026-08-19T10:42:54.256842+00:00,2026-08-19T10:42:54.256842+00:00
6a8588c8e44c4693789d88e0,EMP001429,ananya.mathew.1429@company.com,EMPLOYEE,default,False,2026-08-19T10:42:54.661427+00:00,2026-08-19T10:42:54.661427+00:00
6a8588c8e44c4693789d88e1,EMP001458,priya.sen.1458@company.com,EMPLOYEE,default,False,2026-08-19T10:42:54.970561+00:00,2026-08-19T10:42:54.970561+00:00
6a8588c8e44c4693789d88e2,EMP001459,rahul.rao.1459@company.com,EMPLOYEE,default,False,2026-08-19T10:42:55.482479+00:00,2026-08-19T10:42:55.482479+00:00
6a8588c8e44c4693789d88e3,EMP001507,amara.thomas.1507@company.com,EMPLOYEE,default,False,2026-08-19T10:42:55.928399+00:00,2026-08-19T10:42:55.928399+00:00
6a8588c8e44c4693789d88e4,EMP001517,esha.kumar.1517@company.com,EMPLOYEE,default,False,2026-08-19T10:42:56.237384+00:00,2026-08-19T10:42:56.237384+00:00
6a8588c8e44c4693789d88e5,EMP001540,rakesh.naidu.1540@company.com,EMPLOYEE,default,False,2026-08-19T10:42:56.519346+00:00,2026-08-19T10:42:56.519346+00:00
6a8588c8e44c4693789d88e6,EMP001563,manasa.saxena.1563@company.com,EMPLOYEE,default,False,2026-08-19T10:42:56.898784+00:00,2026-08-19T10:42:56.898784+00:00
6a8588c8e44c4693789d88e7,EMP001573,shyam.menon.1573@company.com,EMPLOYEE,default,False,2026-08-19T10:42:57.276078+00:00,2026-08-19T10:42:57.276078+00:00
6a8588c8e44c4693789d88e8,EMP001576,surya.varma.1576@company.com,EMPLOYEE,default,False,2026-08-19T10:42:57.603981+00:00,2026-08-19T10:42:57.603981+00:00
6a8588c8e44c4693789d88e9,EMP001582,aditi.das.1582@company.com,EMPLOYEE,default,False,2026-08-19T10:42:57.861221+00:00,2026-08-19T10:42:57.861221+00:00
6a8588c8e44c4693789d88ea,EMP001592,chetan.yadav.1592@company.com,EMPLOYEE,default,False,2026-08-19T10:42:58.129764+00:00,2026-08-19T10:42:58.129764+00:00
6a8588c8e44c4693789d88eb,EMP001593,deepa.dsouza.1593@company.com,EMPLOYEE,default,False,2026-08-19T10:42:58.386222+00:00,2026-08-19T10:42:58.386222+00:00
6a8588c8e44c4693789d88ec,EMP001609,mohan.rao.1609@company.com,EMPLOYEE,default,False,2026-08-19T10:42:58.673505+00:00,2026-08-19T10:42:58.673505+00:00
6a8588c8e44c4693789d88ed,EMP001644,nithin.verma.1644@company.com,EMPLOYEE,default,False,2026-08-19T10:42:58.956213+00:00,2026-08-19T10:42:58.956213+00:00
6a8588c8e44c4693789d88ee,EMP001651,shalini.sharma.1651@company.com,EMPLOYEE,default,False,2026-08-19T10:42:59.264400+00:00,2026-08-19T10:42:59.264400+00:00
6a8588c8e44c4693789d88ef,EMP001690,naveen.naidu.1690@company.com,EMPLOYEE,default,False,2026-08-19T10:42:59.560688+00:00,2026-08-19T10:42:59.560688+00:00
6a8588c8e44c4693789d88f0,EMP001708,tanvi.sen.1708@company.com,EMPLOYEE,default,False,2026-08-19T10:42:59.921359+00:00,2026-08-19T10:42:59.921359+00:00
6a8588c8e44c4693789d88f1,EMP001723,nithin.menon.1723@company.com,EMPLOYEE,default,False,2026-08-19T10:43:00.366306+00:00,2026-08-19T10:43:00.366306+00:00
6a8588c8e44c4693789d88f2,EMP001725,pradeep.mishra.1725@company.com,EMPLOYEE,default,False,2026-08-19T10:43:00.743567+00:00,2026-08-19T10:43:00.743567+00:00
6a8588c8e44c4693789d88f3,EMP001730,shalini.nair.1730@company.com,EMPLOYEE,default,False,2026-08-19T10:43:01.098382+00:00,2026-08-19T10:43:01.098382+00:00
6a8588c8e44c4693789d88f4,EMP001742,akash.yadav.1742@company.com,EMPLOYEE,default,False,2026-08-19T10:43:01.403573+00:00,2026-08-19T10:43:01.403573+00:00
6a8588c8e44c4693789d88f5,EMP001747,arnav.shetty.1747@company.com,EMPLOYEE,default,False,2026-08-19T10:43:01.740315+00:00,2026-08-19T10:43:01.740315+00:00
6a8588c8e44c4693789d88f6,EMP001376,nikhil.varma.1376@company.com,EMPLOYEE,default,False,2026-08-19T10:43:02.075639+00:00,2026-08-19T10:43:02.075639+00:00
6a8588c8e44c4693789d88f7,EMP001384,rohit.mukherjee.1384@company.com,EMPLOYEE,default,False,2026-08-19T10:43:02.366078+00:00,2026-08-19T10:43:02.366078+00:00
6a8588c8e44c4693789d88f8,EMP001406,monica.thakur.1406@company.com,EMPLOYEE,default,False,2026-08-19T10:43:02.741911+00:00,2026-08-19T10:43:02.741911+00:00
6a8588c8e44c4693789d88f9,EMP001435,deepa.tripathi.1435@company.com,EMPLOYEE,default,False,2026-08-19T10:43:03.048492+00:00,2026-08-19T10:43:03.048492+00:00
6a8588c8e44c4693789d88fa,EMP001443,jahnavi.dsouza.1443@company.com,EMPLOYEE,default,False,2026-08-19T10:43:03.369587+00:00,2026-08-19T10:43:03.369587+00:00
6a8588c8e44c4693789d88fb,EMP001456,pooja.thakur.1456@company.com,EMPLOYEE,default,False,2026-08-19T10:43:03.638339+00:00,2026-08-19T10:43:03.638339+00:00
6a8588c8e44c4693789d88fc,EMP001457,pranav.thomas.1457@company.com,EMPLOYEE,default,False,2026-08-19T10:43:03.887995+00:00,2026-08-19T10:43:03.887995+00:00
6a8588c8e44c4693789d88fd,EMP001468,sneha.chopra.1468@company.com,EMPLOYEE,default,False,2026-08-19T10:43:04.146891+00:00,2026-08-19T10:43:04.146891+00:00
6a8588c8e44c4693789d88fe,EMP001483,madhav.krishnan.1483@company.com,EMPLOYEE,default,False,2026-08-19T10:43:04.402803+00:00,2026-08-19T10:43:04.402803+00:00
6a8588c8e44c4693789d88ff,EMP001488,pradeep.kapoor.1488@company.com,EMPLOYEE,default,False,2026-08-19T10:43:04.659065+00:00,2026-08-19T10:43:04.659065+00:00
6a8588c8e44c4693789d8900,EMP001525,kiran.mishra.1525@company.com,EMPLOYEE,default,False,2026-08-19T10:43:04.904690+00:00,2026-08-19T10:43:04.904690+00:00
6a8588c8e44c4693789d8901,EMP001565,nithin.roy.1565@company.com,EMPLOYEE,default,False,2026-08-19T10:43:05.152258+00:00,2026-08-19T10:43:05.152258+00:00
6a8588c8e44c4693789d8902,EMP001591,bhavana.banerjee.1591@company.com,EMPLOYEE,default,False,2026-08-19T10:43:05.403846+00:00,2026-08-19T10:43:05.403846+00:00
6a8588c8e44c4693789d8903,EMP001616,priya.reddy.1616@company.com,EMPLOYEE,default,False,2026-08-19T10:43:05.654707+00:00,2026-08-19T10:43:05.654707+00:00
6a8588c8e44c4693789d8904,EMP001619,rakesh.desai.1619@company.com,EMPLOYEE,default,False,2026-08-19T10:43:05.901648+00:00,2026-08-19T10:43:05.901648+00:00
6a8588c8e44c4693789d8905,EMP001626,sneha.varma.1626@company.com,EMPLOYEE,default,False,2026-08-19T10:43:06.154356+00:00,2026-08-19T10:43:06.154356+00:00
6a8588c8e44c4693789d8906,EMP001666,ananya.reddy.1666@company.com,EMPLOYEE,default,False,2026-08-19T10:43:06.401777+00:00,2026-08-19T10:43:06.401777+00:00
6a8588c8e44c4693789d8907,EMP001686,manish.george.1686@company.com,EMPLOYEE,default,False,2026-08-19T10:43:06.644094+00:00,2026-08-19T10:43:06.644094+00:00
6a8588c8e44c4693789d8908,EMP001388,shreya.kapoor.1388@company.com,EMPLOYEE,default,False,2026-08-19T10:43:06.904797+00:00,2026-08-19T10:43:06.904797+00:00
6a8588c8e44c4693789d8909,EMP001389,sneha.bose.1389@company.com,EMPLOYEE,default,False,2026-08-19T10:43:07.155103+00:00,2026-08-19T10:43:07.155103+00:00
6a8588c8e44c4693789d890a,EMP001392,tanvi.yadav.1392@company.com,EMPLOYEE,default,False,2026-08-19T10:43:07.406066+00:00,2026-08-19T10:43:07.406066+00:00
6a8588c8e44c4693789d890b,EMP001419,vaishnavi.desai.1419@company.com,EMPLOYEE,default,False,2026-08-19T10:43:07.650256+00:00,2026-08-19T10:43:07.650256+00:00
6a8588c8e44c4693789d890c,EMP001447,krishna.shetty.1447@company.com,EMPLOYEE,default,False,2026-08-19T10:43:07.900439+00:00,2026-08-19T10:43:07.900439+00:00
6a8588c8e44c4693789d890d,EMP001464,sahana.prasad.1464@company.com,EMPLOYEE,default,False,2026-08-19T10:43:08.146341+00:00,2026-08-19T10:43:08.146341+00:00
6a8588c8e44c4693789d890e,EMP001471,tanvi.gowda.1471@company.com,EMPLOYEE,default,False,2026-08-19T10:43:08.385574+00:00,2026-08-19T10:43:08.385574+00:00
6a8588c8e44c4693789d890f,EMP001484,manasa.mukherjee.1484@company.com,EMPLOYEE,default,False,2026-08-19T10:43:08.628389+00:00,2026-08-19T10:43:08.628389+00:00
6a8588c8e44c4693789d8910,EMP001501,vishal.sharma.1501@company.com,EMPLOYEE,default,False,2026-08-19T10:43:08.873346+00:00,2026-08-19T10:43:08.873346+00:00
6a8588c8e44c4693789d8911,EMP001512,bhavana.kulkarni.1512@company.com,EMPLOYEE,default,False,2026-08-19T10:43:09.119490+00:00,2026-08-19T10:43:09.119490+00:00
6a8588c8e44c4693789d8912,EMP001526,krishna.varma.1526@company.com,EMPLOYEE,default,False,2026-08-19T10:43:09.363701+00:00,2026-08-19T10:43:09.363701+00:00
6a8588c8e44c4693789d8913,EMP001545,sanjana.mehta.1545@company.com,EMPLOYEE,default,False,2026-08-19T10:43:09.612053+00:00,2026-08-19T10:43:09.612053+00:00
6a8588c8e44c4693789d8914,EMP001550,tanvi.fernandes.1550@company.com,EMPLOYEE,default,False,2026-08-19T10:43:09.862157+00:00,2026-08-19T10:43:09.862157+00:00
6a8588c8e44c4693789d8915,EMP001564,monica.prasad.1564@company.com,EMPLOYEE,default,False,2026-08-19T10:43:10.152142+00:00,2026-08-19T10:43:10.152142+00:00
6a8588c8e44c4693789d8916,EMP001588,arjun.kapoor.1588@company.com,EMPLOYEE,default,False,2026-08-19T10:43:10.396222+00:00,2026-08-19T10:43:10.396222+00:00
6a8588c8e44c4693789d8917,EMP001620,riya.sinha.1620@company.com,EMPLOYEE,default,False,2026-08-19T10:43:10.652492+00:00,2026-08-19T10:43:10.652492+00:00
6a8588c8e44c4693789d8918,EMP001622,sahana.joseph.1622@company.com,EMPLOYEE,default,False,2026-08-19T10:43:10.894882+00:00,2026-08-19T10:43:10.894882+00:00
6a8588c8e44c4693789d8919,EMP001627,srinivas.chatterjee.1627@company.com,EMPLOYEE,default,False,2026-08-19T10:43:11.145905+00:00,2026-08-19T10:43:11.145905+00:00
6a8588c8e44c4693789d891a,EMP001629,tanvi.mathew.1629@company.com,EMPLOYEE,default,False,2026-08-19T10:43:11.387223+00:00,2026-08-19T10:43:11.387223+00:00
6a8588c8e44c4693789d891b,EMP001636,anjali.george.1636@company.com,EMPLOYEE,default,False,2026-08-19T10:43:11.638225+00:00,2026-08-19T10:43:11.638225+00:00
6a8588c8e44c4693789d891c,EMP001665,amara.roy.1665@company.com,EMPLOYEE,default,False,2026-08-19T10:43:11.879023+00:00,2026-08-19T10:43:11.879023+00:00
6a8588c8e44c4693789d891d,EMP001667,arjun.kumar.1667@company.com,EMPLOYEE,default,False,2026-08-19T10:43:12.128883+00:00,2026-08-19T10:43:12.128883+00:00
6a8588c8e44c4693789d891e,EMP001675,esha.mishra.1675@company.com,EMPLOYEE,default,False,2026-08-19T10:43:12.377109+00:00,2026-08-19T10:43:12.377109+00:00
6a8588c8e44c4693789d891f,EMP001676,gaurav.varma.1676@company.com,EMPLOYEE,default,False,2026-08-19T10:43:12.624756+00:00,2026-08-19T10:43:12.624756+00:00
6a8588c8e44c4693789d8920,EMP001677,harish.chatterjee.1677@company.com,EMPLOYEE,default,False,2026-08-19T10:43:12.869337+00:00,2026-08-19T10:43:12.869337+00:00
6a8588c8e44c4693789d8921,EMP001741,aditya.banerjee.1741@company.com,EMPLOYEE,default,False,2026-08-19T10:43:13.120487+00:00,2026-08-19T10:43:13.120487+00:00
6a8588c8e44c4693789d8922,EMP001381,raj.gupta.1381@company.com,EMPLOYEE,default,False,2026-08-19T10:43:13.368655+00:00,2026-08-19T10:43:13.368655+00:00
6a8588c9e44c4693789d8923,EMP001391,swathi.banerjee.1391@company.com,EMPLOYEE,default,False,2026-08-19T10:43:13.620842+00:00,2026-08-19T10:43:13.620842+00:00
6a8588c9e44c4693789d8924,EMP001393,varun.dsouza.1393@company.com,EMPLOYEE,default,False,2026-08-19T10:43:13.861372+00:00,2026-08-19T10:43:13.861372+00:00
6a8588c9e44c4693789d8925,EMP001424,aditi.singh.1424@company.com,EMPLOYEE,default,False,2026-08-19T10:43:14.103981+00:00,2026-08-19T10:43:14.103981+00:00
6a8588c9e44c4693789d8926,EMP001431,arnav.gupta.1431@company.com,EMPLOYEE,default,False,2026-08-19T10:43:14.354029+00:00,2026-08-19T10:43:14.354029+00:00
6a8588c9e44c4693789d8927,EMP001432,ashwin.das.1432@company.com,EMPLOYEE,default,False,2026-08-19T10:43:14.598272+00:00,2026-08-19T10:43:14.598272+00:00
6a8588c9e44c4693789d8928,EMP001450,meera.fernandes.1450@company.com,EMPLOYEE,default,False,2026-08-19T10:43:14.853574+00:00,2026-08-19T10:43:14.853574+00:00
6a8588c9e44c4693789d8929,EMP001467,shreya.kumar.1467@company.com,EMPLOYEE,default,False,2026-08-19T10:43:15.103661+00:00,2026-08-19T10:43:15.103661+00:00
6a8588c9e44c4693789d892a,EMP001469,srinivas.desai.1469@company.com,EMPLOYEE,default,False,2026-08-19T10:43:15.346452+00:00,2026-08-19T10:43:15.346452+00:00
6a8588c9e44c4693789d892b,EMP001478,anjali.hegde.1478@company.com,EMPLOYEE,default,False,2026-08-19T10:43:15.586816+00:00,2026-08-19T10:43:15.586816+00:00
6a8588c9e44c4693789d892c,EMP001480,divya.nair.1480@company.com,EMPLOYEE,default,False,2026-08-19T10:43:15.834254+00:00,2026-08-19T10:43:15.834254+00:00
6a8588c9e44c4693789d892d,EMP001519,harish.desai.1519@company.com,EMPLOYEE,default,False,2026-08-19T10:43:16.079925+00:00,2026-08-19T10:43:16.079925+00:00
6a8588c9e44c4693789d892e,EMP001524,kavya.singh.1524@company.com,EMPLOYEE,default,False,2026-08-19T10:43:16.329804+00:00,2026-08-19T10:43:16.329804+00:00
6a8588c9e44c4693789d892f,EMP001527,lakshmi.chatterjee.1527@company.com,EMPLOYEE,default,False,2026-08-19T10:43:16.578871+00:00,2026-08-19T10:43:16.578871+00:00
6a8588c9e44c4693789d8930,EMP001558,anirudh.sen.1558@company.com,EMPLOYEE,default,False,2026-08-19T10:43:16.835171+00:00,2026-08-19T10:43:16.835171+00:00
6a8588c9e44c4693789d8931,EMP001560,harini.joshi.1560@company.com,EMPLOYEE,default,False,2026-08-19T10:43:17.087165+00:00,2026-08-19T10:43:17.087165+00:00
6a8588c9e44c4693789d8932,EMP001577,vaishnavi.chatterjee.1577@company.com,EMPLOYEE,default,False,2026-08-19T10:43:17.328576+00:00,2026-08-19T10:43:17.328576+00:00
6a8588c9e44c4693789d8933,EMP001637,anirudh.iyer.1637@company.com,EMPLOYEE,default,False,2026-08-19T10:43:17.571197+00:00,2026-08-19T10:43:17.571197+00:00
6a8588c9e44c4693789d8934,EMP001649,sakshi.pandey.1649@company.com,EMPLOYEE,default,False,2026-08-19T10:43:17.812863+00:00,2026-08-19T10:43:17.812863+00:00
6a8588c9e44c4693789d8935,EMP001692,nikhil.yadav.1692@company.com,EMPLOYEE,default,False,2026-08-19T10:43:18.061222+00:00,2026-08-19T10:43:18.061222+00:00
6a8588c9e44c4693789d8936,EMP001724,pallavi.singh.1724@company.com,EMPLOYEE,default,False,2026-08-19T10:43:18.311966+00:00,2026-08-19T10:43:18.311966+00:00
6a8588c9e44c4693789d8937,EMP001740,aditi.naidu.1740@company.com,EMPLOYEE,default,False,2026-08-19T10:43:18.564929+00:00,2026-08-19T10:43:18.564929+00:00
6a8588c9e44c4693789d8938,EMP001374,naveen.singh.1374@company.com,EMPLOYEE,default,False,2026-08-19T10:43:18.827054+00:00,2026-08-19T10:43:18.827054+00:00
6a8588c9e44c4693789d8939,EMP001405,manasa.jain.1405@company.com,EMPLOYEE,default,False,2026-08-19T10:43:19.171741+00:00,2026-08-19T10:43:19.171741+00:00
6a8588c9e44c4693789d893a,EMP001409,pradeep.rao.1409@company.com,EMPLOYEE,default,False,2026-08-19T10:43:19.470376+00:00,2026-08-19T10:43:19.470376+00:00
6a8588c9e44c4693789d893b,EMP001418,surya.chopra.1418@company.com,EMPLOYEE,default,False,2026-08-19T10:43:19.729551+00:00,2026-08-19T10:43:19.729551+00:00
6a8588c9e44c4693789d893c,EMP001461,rakesh.malhotra.1461@company.com,EMPLOYEE,default,False,2026-08-19T10:43:19.984851+00:00,2026-08-19T10:43:19.984851+00:00
6a8588c9e44c4693789d893d,EMP001463,rohit.saxena.1463@company.com,EMPLOYEE,default,False,2026-08-19T10:43:20.245539+00:00,2026-08-19T10:43:20.245539+00:00
6a8588c9e44c4693789d893e,EMP001474,vivek.singh.1474@company.com,EMPLOYEE,default,False,2026-08-19T10:43:20.591492+00:00,2026-08-19T10:43:20.591492+00:00
6a858950e44c4693789d893f,EMP001486,nithin.george.1486@company.com,EMPLOYEE,default,False,2026-08-19T10:43:23.179378+00:00,2026-08-19T10:43:23.179378+00:00
6a858950e44c4693789d8940,EMP001493,shalini.dsouza.1493@company.com,EMPLOYEE,default,False,2026-08-19T10:43:23.428777+00:00,2026-08-19T10:43:23.428777+00:00
6a858950e44c4693789d8941,EMP001531,nandini.gupta.1531@company.com,EMPLOYEE,default,False,2026-08-19T10:43:23.671715+00:00,2026-08-19T10:43:23.671715+00:00
6a858950e44c4693789d8942,EMP001559,divya.rao.1559@company.com,EMPLOYEE,default,False,2026-08-19T10:43:23.945668+00:00,2026-08-19T10:43:23.945668+00:00
6a858950e44c4693789d8943,EMP001578,vasudha.hegde.1578@company.com,EMPLOYEE,default,False,2026-08-19T10:43:24.189447+00:00,2026-08-19T10:43:24.189447+00:00
6a858950e44c4693789d8944,EMP001625,shreya.mishra.1625@company.com,EMPLOYEE,default,False,2026-08-19T10:43:24.473140+00:00,2026-08-19T10:43:24.473140+00:00
6a858950e44c4693789d8945,EMP001652,shyam.patel.1652@company.com,EMPLOYEE,default,False,2026-08-19T10:43:24.724251+00:00,2026-08-19T10:43:24.724251+00:00
6a858950e44c4693789d8946,EMP001713,zoya.saxena.1713@company.com,EMPLOYEE,default,False,2026-08-19T10:43:24.970583+00:00,2026-08-19T10:43:24.970583+00:00
6a858950e44c4693789d8947,EMP001729,sameer.mathew.1729@company.com,EMPLOYEE,default,False,2026-08-19T10:43:25.221126+00:00,2026-08-19T10:43:25.221126+00:00
6a858950e44c4693789d8948,EMP001732,siddharth.das.1732@company.com,EMPLOYEE,default,False,2026-08-19T10:43:25.475406+00:00,2026-08-19T10:43:25.475406+00:00
6a858950e44c4693789d8949,EMP001737,vidya.iyer.1737@company.com,EMPLOYEE,default,False,2026-08-19T10:43:25.749041+00:00,2026-08-19T10:43:25.749041+00:00
6a858950e44c4693789d894a,EMP001738,vishal.kapoor.1738@company.com,EMPLOYEE,default,False,2026-08-19T10:43:26.018187+00:00,2026-08-19T10:43:26.018187+00:00
6a858950e44c4693789d894b,EMP001375,neha.mishra.1375@company.com,EMPLOYEE,default,False,2026-08-19T10:43:26.306854+00:00,2026-08-19T10:43:26.306854+00:00
6a858950e44c4693789d894c,EMP001394,vikram.verma.1394@company.com,EMPLOYEE,default,False,2026-08-19T10:43:26.580460+00:00,2026-08-19T10:43:26.580460+00:00
6a858950e44c4693789d894d,EMP001407,nithin.thomas.1407@company.com,EMPLOYEE,default,False,2026-08-19T10:43:26.839584+00:00,2026-08-19T10:43:26.839584+00:00
6a858950e44c4693789d894e,EMP001415,shyam.roy.1415@company.com,EMPLOYEE,default,False,2026-08-19T10:43:27.103609+00:00,2026-08-19T10:43:27.103609+00:00
6a858950e44c4693789d894f,EMP001430,arjun.nair.1430@company.com,EMPLOYEE,default,False,2026-08-19T10:43:27.374468+00:00,2026-08-19T10:43:27.374468+00:00
6a858950e44c4693789d8950,EMP001448,lakshmi.agarwal.1448@company.com,EMPLOYEE,default,False,2026-08-19T10:43:27.654713+00:00,2026-08-19T10:43:27.654713+00:00
6a858950e44c4693789d8951,EMP001479,anirudh.mathew.1479@company.com,EMPLOYEE,default,False,2026-08-19T10:43:27.906477+00:00,2026-08-19T10:43:27.906477+00:00
6a858950e44c4693789d8952,EMP001523,karan.menon.1523@company.com,EMPLOYEE,default,False,2026-08-19T10:43:28.165481+00:00,2026-08-19T10:43:28.165481+00:00
6a858950e44c4693789d8953,EMP001554,yash.bhat.1554@company.com,EMPLOYEE,default,False,2026-08-19T10:43:28.419418+00:00,2026-08-19T10:43:28.419418+00:00
6a858950e44c4693789d8954,EMP001568,reshma.chopra.1568@company.com,EMPLOYEE,default,False,2026-08-19T10:43:28.671479+00:00,2026-08-19T10:43:28.671479+00:00
6a858950e44c4693789d8955,EMP001570,sakshi.sinha.1570@company.com,EMPLOYEE,default,False,2026-08-19T10:43:28.914403+00:00,2026-08-19T10:43:28.914403+00:00
6a858950e44c4693789d8956,EMP001580,vishal.nair.1580@company.com,EMPLOYEE,default,False,2026-08-19T10:43:29.161011+00:00,2026-08-19T10:43:29.161011+00:00
6a858950e44c4693789d8957,EMP001590,ashwin.naidu.1590@company.com,EMPLOYEE,default,False,2026-08-19T10:43:29.412046+00:00,2026-08-19T10:43:29.412046+00:00
6a858950e44c4693789d8958,EMP001594,dev.verma.1594@company.com,EMPLOYEE,default,False,2026-08-19T10:43:29.662642+00:00,2026-08-19T10:43:29.662642+00:00
6a858950e44c4693789d8959,EMP001595,diya.mehta.1595@company.com,EMPLOYEE,default,False,2026-08-19T10:43:29.906465+00:00,2026-08-19T10:43:29.906465+00:00
6a858950e44c4693789d895a,EMP001623,sanjay.menon.1623@company.com,EMPLOYEE,default,False,2026-08-19T10:43:30.152372+00:00,2026-08-19T10:43:30.152372+00:00
6a858950e44c4693789d895b,EMP001624,sanjana.singh.1624@company.com,EMPLOYEE,default,False,2026-08-19T10:43:30.395422+00:00,2026-08-19T10:43:30.395422+00:00
6a858950e44c4693789d895c,EMP001661,aditi.malhotra.1661@company.com,EMPLOYEE,default,False,2026-08-19T10:43:30.653259+00:00,2026-08-19T10:43:30.653259+00:00
6a858950e44c4693789d895d,EMP001662,aditya.kulkarni.1662@company.com,EMPLOYEE,default,False,2026-08-19T10:43:30.906181+00:00,2026-08-19T10:43:30.906181+00:00
6a858950e44c4693789d895e,EMP001681,karan.gupta.1681@company.com,EMPLOYEE,default,False,2026-08-19T10:43:31.178113+00:00,2026-08-19T10:43:31.178113+00:00
6a858950e44c4693789d895f,EMP001699,riya.pandey.1699@company.com,EMPLOYEE,default,False,2026-08-19T10:43:31.447991+00:00,2026-08-19T10:43:31.447991+00:00
6a858950e44c4693789d8960,EMP001715,anjali.roy.1715@company.com,EMPLOYEE,default,False,2026-08-19T10:43:31.730366+00:00,2026-08-19T10:43:31.730366+00:00
6a858950e44c4693789d8961,EMP001383,riya.krishnan.1383@company.com,EMPLOYEE,default,False,2026-08-19T10:43:31.974848+00:00,2026-08-19T10:43:31.974848+00:00
6a858950e44c4693789d8962,EMP001444,karan.verma.1444@company.com,EMPLOYEE,default,False,2026-08-19T10:43:32.221592+00:00,2026-08-19T10:43:32.221592+00:00
6a858950e44c4693789d8963,EMP001455,nikhil.jain.1455@company.com,EMPLOYEE,default,False,2026-08-19T10:43:32.471225+00:00,2026-08-19T10:43:32.471225+00:00
6a858950e44c4693789d8964,EMP001476,zoya.varma.1476@company.com,EMPLOYEE,default,False,2026-08-19T10:43:32.713791+00:00,2026-08-19T10:43:32.713791+00:00
6a858950e44c4693789d8965,EMP001504,aditya.bhat.1504@company.com,EMPLOYEE,default,False,2026-08-19T10:43:32.960216+00:00,2026-08-19T10:43:32.960216+00:00
6a858950e44c4693789d8966,EMP001508,ananya.sen.1508@company.com,EMPLOYEE,default,False,2026-08-19T10:43:33.204462+00:00,2026-08-19T10:43:33.204462+00:00
6a858950e44c4693789d8967,EMP001543,sahana.dsouza.1543@company.com,EMPLOYEE,default,False,2026-08-19T10:43:33.460619+00:00,2026-08-19T10:43:33.460619+00:00
6a858950e44c4693789d8968,EMP001562,madhav.kulkarni.1562@company.com,EMPLOYEE,default,False,2026-08-19T10:43:33.711102+00:00,2026-08-19T10:43:33.711102+00:00
6a858950e44c4693789d8969,EMP001602,karan.patel.1602@company.com,EMPLOYEE,default,False,2026-08-19T10:43:33.963043+00:00,2026-08-19T10:43:33.963043+00:00
6a858950e44c4693789d896a,EMP001606,lakshmi.thakur.1606@company.com,EMPLOYEE,default,False,2026-08-19T10:43:34.211080+00:00,2026-08-19T10:43:34.211080+00:00
6a858950e44c4693789d896b,EMP001611,naveen.malhotra.1611@company.com,EMPLOYEE,default,False,2026-08-19T10:43:34.469602+00:00,2026-08-19T10:43:34.469602+00:00
6a858950e44c4693789d896c,EMP001628,swathi.hegde.1628@company.com,EMPLOYEE,default,False,2026-08-19T10:43:34.714282+00:00,2026-08-19T10:43:34.714282+00:00
6a858950e44c4693789d896d,EMP001633,yash.krishnan.1633@company.com,EMPLOYEE,default,False,2026-08-19T10:43:34.962008+00:00,2026-08-19T10:43:34.962008+00:00
6a858950e44c4693789d896e,EMP001674,diya.singh.1674@company.com,EMPLOYEE,default,False,2026-08-19T10:43:35.213299+00:00,2026-08-19T10:43:35.213299+00:00
6a858950e44c4693789d896f,EMP001697,raj.shetty.1697@company.com,EMPLOYEE,default,False,2026-08-19T10:43:35.463067+00:00,2026-08-19T10:43:35.463067+00:00
6a858950e44c4693789d8970,EMP001734,surya.mukherjee.1734@company.com,EMPLOYEE,default,False,2026-08-19T10:43:35.708045+00:00,2026-08-19T10:43:35.708045+00:00
6a858950e44c4693789d8971,EMP001434,chetan.mukherjee.1434@company.com,EMPLOYEE,default,False,2026-08-19T10:43:35.970220+00:00,2026-08-19T10:43:35.970220+00:00
6a858950e44c4693789d8972,EMP001452,nandini.patel.1452@company.com,EMPLOYEE,default,False,2026-08-19T10:43:36.220036+00:00,2026-08-19T10:43:36.220036+00:00
6a858950e44c4693789d8973,EMP001454,neha.bhat.1454@company.com,EMPLOYEE,default,False,2026-08-19T10:43:36.489750+00:00,2026-08-19T10:43:36.489750+00:00
6a858950e44c4693789d8974,EMP001470,swathi.sinha.1470@company.com,EMPLOYEE,default,False,2026-08-19T10:43:36.747851+00:00,2026-08-19T10:43:36.747851+00:00
6a858950e44c4693789d8975,EMP001509,arjun.rao.1509@company.com,EMPLOYEE,default,False,2026-08-19T10:43:37.007260+00:00,2026-08-19T10:43:37.007260+00:00
6a858950e44c4693789d8976,EMP001535,pooja.tripathi.1535@company.com,EMPLOYEE,default,False,2026-08-19T10:43:37.252545+00:00,2026-08-19T10:43:37.252545+00:00
6a858950e44c4693789d8977,EMP001552,vikram.patel.1552@company.com,EMPLOYEE,default,False,2026-08-19T10:43:37.510002+00:00,2026-08-19T10:43:37.510002+00:00
6a858950e44c4693789d8978,EMP001555,zoya.jain.1555@company.com,EMPLOYEE,default,False,2026-08-19T10:43:37.786697+00:00,2026-08-19T10:43:37.786697+00:00
6a858950e44c4693789d8979,EMP001584,akash.mukherjee.1584@company.com,EMPLOYEE,default,False,2026-08-19T10:43:38.028779+00:00,2026-08-19T10:43:38.028779+00:00
6a858950e44c4693789d897a,EMP001607,manish.thomas.1607@company.com,EMPLOYEE,default,False,2026-08-19T10:43:38.278124+00:00,2026-08-19T10:43:38.278124+00:00
6a858950e44c4693789d897b,EMP001635,abhinav.tripathi.1635@company.com,EMPLOYEE,default,False,2026-08-19T10:43:38.527096+00:00,2026-08-19T10:43:38.527096+00:00
6a858950e44c4693789d897c,EMP001682,kavya.das.1682@company.com,EMPLOYEE,default,False,2026-08-19T10:43:38.771455+00:00,2026-08-19T10:43:38.771455+00:00
6a858950e44c4693789d897d,EMP001707,swathi.thomas.1707@company.com,EMPLOYEE,default,False,2026-08-19T10:43:39.015121+00:00,2026-08-19T10:43:39.015121+00:00
6a858950e44c4693789d897e,EMP001709,varun.rao.1709@company.com,EMPLOYEE,default,False,2026-08-19T10:43:39.261071+00:00,2026-08-19T10:43:39.261071+00:00
6a858950e44c4693789d897f,EMP001716,anirudh.reddy.1716@company.com,EMPLOYEE,default,False,2026-08-19T10:43:39.555187+00:00,2026-08-19T10:43:39.555187+00:00
6a858950e44c4693789d8980,EMP001721,manasa.gowda.1721@company.com,EMPLOYEE,default,False,2026-08-19T10:43:39.873791+00:00,2026-08-19T10:43:39.873791+00:00
6a858950e44c4693789d8981,EMP001382,rakesh.das.1382@company.com,EMPLOYEE,default,False,2026-08-19T10:43:40.122776+00:00,2026-08-19T10:43:40.122776+00:00
6a858950e44c4693789d8982,EMP001386,sanjay.george.1386@company.com,EMPLOYEE,default,False,2026-08-19T10:43:40.370199+00:00,2026-08-19T10:43:40.370199+00:00
6a858950e44c4693789d8983,EMP001400,anirudh.fernandes.1400@company.com,EMPLOYEE,default,False,2026-08-19T10:43:40.620012+00:00,2026-08-19T10:43:40.620012+00:00
6a858950e44c4693789d8984,EMP001402,harini.patel.1402@company.com,EMPLOYEE,default,False,2026-08-19T10:43:40.868328+00:00,2026-08-19T10:43:40.868328+00:00
6a858950e44c4693789d8985,EMP001420,vasudha.sinha.1420@company.com,EMPLOYEE,default,False,2026-08-19T10:43:41.111483+00:00,2026-08-19T10:43:41.111483+00:00
6a858950e44c4693789d8986,EMP001433,bhavana.krishnan.1433@company.com,EMPLOYEE,default,False,2026-08-19T10:43:41.360140+00:00,2026-08-19T10:43:41.360140+00:00
6a858950e44c4693789d8987,EMP001465,sanjay.roy.1465@company.com,EMPLOYEE,default,False,2026-08-19T10:43:41.616672+00:00,2026-08-19T10:43:41.616672+00:00
6a858950e44c4693789d8988,EMP001489,reshma.bose.1489@company.com,EMPLOYEE,default,False,2026-08-19T10:43:41.869408+00:00,2026-08-19T10:43:41.869408+00:00
6a858950e44c4693789d8989,EMP001490,rohan.naidu.1490@company.com,EMPLOYEE,default,False,2026-08-19T10:43:42.134529+00:00,2026-08-19T10:43:42.134529+00:00
6a858950e44c4693789d898a,EMP001506,akshay.thakur.1506@company.com,EMPLOYEE,default,False,2026-08-19T10:43:42.385821+00:00,2026-08-19T10:43:42.385821+00:00
6a858950e44c4693789d898b,EMP001520,isha.sinha.1520@company.com,EMPLOYEE,default,False,2026-08-19T10:43:42.629171+00:00,2026-08-19T10:43:42.629171+00:00
6a858950e44c4693789d898c,EMP001530,mohan.nair.1530@company.com,EMPLOYEE,default,False,2026-08-19T10:43:42.873477+00:00,2026-08-19T10:43:42.873477+00:00
6a858950e44c4693789d898d,EMP001539,raj.bose.1539@company.com,EMPLOYEE,default,False,2026-08-19T10:43:43.114339+00:00,2026-08-19T10:43:43.114339+00:00
6a858950e44c4693789d898e,EMP001542,rohit.yadav.1542@company.com,EMPLOYEE,default,False,2026-08-19T10:43:43.362798+00:00,2026-08-19T10:43:43.362798+00:00
6a858950e44c4693789d898f,EMP001553,vivek.shah.1553@company.com,EMPLOYEE,default,False,2026-08-19T10:43:43.611360+00:00,2026-08-19T10:43:43.611360+00:00
6a858950e44c4693789d8990,EMP001561,keerthi.malhotra.1561@company.com,EMPLOYEE,default,False,2026-08-19T10:43:43.907731+00:00,2026-08-19T10:43:43.907731+00:00
6a858950e44c4693789d8991,EMP001566,pallavi.reddy.1566@company.com,EMPLOYEE,default,False,2026-08-19T10:43:44.229527+00:00,2026-08-19T10:43:44.229527+00:00
6a858950e44c4693789d8992,EMP001586,amara.george.1586@company.com,EMPLOYEE,default,False,2026-08-19T10:43:44.508171+00:00,2026-08-19T10:43:44.508171+00:00
6a858950e44c4693789d8993,EMP001598,harish.agarwal.1598@company.com,EMPLOYEE,default,False,2026-08-19T10:43:44.761160+00:00,2026-08-19T10:43:44.761160+00:00
6a858950e44c4693789d8994,EMP001604,kiran.bhat.1604@company.com,EMPLOYEE,default,False,2026-08-19T10:43:45.014402+00:00,2026-08-19T10:43:45.014402+00:00
6a858950e44c4693789d8995,EMP001610,nandini.joshi.1610@company.com,EMPLOYEE,default,False,2026-08-19T10:43:45.290546+00:00,2026-08-19T10:43:45.290546+00:00
6a858950e44c4693789d8996,EMP001613,nikhil.saxena.1613@company.com,EMPLOYEE,default,False,2026-08-19T10:43:45.549456+00:00,2026-08-19T10:43:45.549456+00:00
6a858950e44c4693789d8997,EMP001664,akshay.prasad.1664@company.com,EMPLOYEE,default,False,2026-08-19T10:43:45.803563+00:00,2026-08-19T10:43:45.803563+00:00
6a858950e44c4693789d8998,EMP001678,isha.hegde.1678@company.com,EMPLOYEE,default,False,2026-08-19T10:43:46.077484+00:00,2026-08-19T10:43:46.077484+00:00
6a858950e44c4693789d8999,EMP001684,krishna.mukherjee.1684@company.com,EMPLOYEE,default,False,2026-08-19T10:43:46.399347+00:00,2026-08-19T10:43:46.399347+00:00
6a858950e44c4693789d899a,EMP001698,rakesh.agarwal.1698@company.com,EMPLOYEE,default,False,2026-08-19T10:43:46.649079+00:00,2026-08-19T10:43:46.649079+00:00
6a858950e44c4693789d899b,EMP001719,keerthi.desai.1719@company.com,EMPLOYEE,default,False,2026-08-19T10:43:46.919374+00:00,2026-08-19T10:43:46.919374+00:00
6a858950e44c4693789d899c,EMP001728,sakshi.hegde.1728@company.com,EMPLOYEE,default,False,2026-08-19T10:43:47.199456+00:00,2026-08-19T10:43:47.199456+00:00
6a858950e44c4693789d899d,EMP001739,aarav.bose.1739@company.com,EMPLOYEE,default,False,2026-08-19T10:43:47.480912+00:00,2026-08-19T10:43:47.480912+00:00
6a858950e44c4693789d899e,EMP001745,ananya.mehta.1745@company.com,EMPLOYEE,default,False,2026-08-19T10:43:47.747827+00:00,2026-08-19T10:43:47.747827+00:00
6a858950e44c4693789d899f,EMP001377,pooja.chatterjee.1377@company.com,EMPLOYEE,default,False,2026-08-19T10:43:48.019716+00:00,2026-08-19T10:43:48.019716+00:00
6a858950e44c4693789d89a0,EMP001379,priya.mathew.1379@company.com,EMPLOYEE,default,False,2026-08-19T10:43:48.277214+00:00,2026-08-19T10:43:48.277214+00:00
6a858950e44c4693789d89a1,EMP001385,sahana.tripathi.1385@company.com,EMPLOYEE,default,False,2026-08-19T10:43:48.538626+00:00,2026-08-19T10:43:48.538626+00:00
6a858950e44c4693789d89a2,EMP001398,abhinav.agarwal.1398@company.com,EMPLOYEE,default,False,2026-08-19T10:43:48.792583+00:00,2026-08-19T10:43:48.792583+00:00
6a858950e44c4693789d89a3,EMP001401,divya.sharma.1401@company.com,EMPLOYEE,default,False,2026-08-19T10:43:49.050676+00:00,2026-08-19T10:43:49.050676+00:00
6a858950e44c4693789d89a4,EMP001422,vishal.joseph.1422@company.com,EMPLOYEE,default,False,2026-08-19T10:43:49.302951+00:00,2026-08-19T10:43:49.302951+00:00
6a858950e44c4693789d89a5,EMP001439,gaurav.bose.1439@company.com,EMPLOYEE,default,False,2026-08-19T10:43:49.555609+00:00,2026-08-19T10:43:49.555609+00:00
6a858950e44c4693789d89a6,EMP001445,kavya.mehta.1445@company.com,EMPLOYEE,default,False,2026-08-19T10:43:49.965196+00:00,2026-08-19T10:43:49.965196+00:00
6a858950e44c4693789d89a7,EMP001477,abhinav.chatterjee.1477@company.com,EMPLOYEE,default,False,2026-08-19T10:43:50.406203+00:00,2026-08-19T10:43:50.406203+00:00
6a858950e44c4693789d89a8,EMP001495,siddharth.mehta.1495@company.com,EMPLOYEE,default,False,2026-08-19T10:43:50.812661+00:00,2026-08-19T10:43:50.812661+00:00
6a858950e44c4693789d89a9,EMP001497,surya.shetty.1497@company.com,EMPLOYEE,default,False,2026-08-19T10:43:51.094698+00:00,2026-08-19T10:43:51.094698+00:00
6a858950e44c4693789d89aa,EMP001505,akash.jain.1505@company.com,EMPLOYEE,default,False,2026-08-19T10:43:51.412245+00:00,2026-08-19T10:43:51.412245+00:00
6a858950e44c4693789d89ab,EMP001511,ashwin.malhotra.1511@company.com,EMPLOYEE,default,False,2026-08-19T10:43:51.666489+00:00,2026-08-19T10:43:51.666489+00:00
6a858950e44c4693789d89ac,EMP001522,jahnavi.joseph.1522@company.com,EMPLOYEE,default,False,2026-08-19T10:43:51.929868+00:00,2026-08-19T10:43:51.929868+00:00
6a858950e44c4693789d89ad,EMP001528,manish.hegde.1528@company.com,EMPLOYEE,default,False,2026-08-19T10:43:52.173482+00:00,2026-08-19T10:43:52.173482+00:00
6a858950e44c4693789d89ae,EMP001533,neha.krishnan.1533@company.com,EMPLOYEE,default,False,2026-08-19T10:43:52.472448+00:00,2026-08-19T10:43:52.472448+00:00
6a858950e44c4693789d89af,EMP001546,shreya.pillai.1546@company.com,EMPLOYEE,default,False,2026-08-19T10:43:52.782717+00:00,2026-08-19T10:43:52.782717+00:00
6a858950e44c4693789d89b0,EMP001549,swathi.pandey.1549@company.com,EMPLOYEE,default,False,2026-08-19T10:43:53.137403+00:00,2026-08-19T10:43:53.137403+00:00
6a858950e44c4693789d89b1,EMP001556,abhinav.thakur.1556@company.com,EMPLOYEE,default,False,2026-08-19T10:43:53.436705+00:00,2026-08-19T10:43:53.436705+00:00
6a858950e44c4693789d89b2,EMP001572,shalini.joseph.1572@company.com,EMPLOYEE,default,False,2026-08-19T10:43:53.786208+00:00,2026-08-19T10:43:53.786208+00:00
6a858950e44c4693789d89b3,EMP001589,arnav.bose.1589@company.com,EMPLOYEE,default,False,2026-08-19T10:43:54.070996+00:00,2026-08-19T10:43:54.070996+00:00
6a858950e44c4693789d89b4,EMP001608,meera.sen.1608@company.com,EMPLOYEE,default,False,2026-08-19T10:43:54.407605+00:00,2026-08-19T10:43:54.407605+00:00
6a858950e44c4693789d89b5,EMP001612,neha.kulkarni.1612@company.com,EMPLOYEE,default,False,2026-08-19T10:43:54.708923+00:00,2026-08-19T10:43:54.708923+00:00
6a858950e44c4693789d89b6,EMP001621,rohit.gowda.1621@company.com,EMPLOYEE,default,False,2026-08-19T10:43:55.080661+00:00,2026-08-19T10:43:55.080661+00:00
6a858950e44c4693789d89b7,EMP001658,vidya.sen.1658@company.com,EMPLOYEE,default,False,2026-08-19T10:43:55.397156+00:00,2026-08-19T10:43:55.397156+00:00
6a858950e44c4693789d89b8,EMP001702,sanjay.patel.1702@company.com,EMPLOYEE,default,False,2026-08-19T10:43:55.689098+00:00,2026-08-19T10:43:55.689098+00:00
6a858950e44c4693789d89b9,EMP001712,yash.kulkarni.1712@company.com,EMPLOYEE,default,False,2026-08-19T10:43:56.025116+00:00,2026-08-19T10:43:56.025116+00:00
6a858950e44c4693789d89ba,EMP001720,madhav.sinha.1720@company.com,EMPLOYEE,default,False,2026-08-19T10:43:56.386850+00:00,2026-08-19T10:43:56.386850+00:00
6a858950e44c4693789d89bb,EMP001411,rohan.malhotra.1411@company.com,EMPLOYEE,default,False,2026-08-19T10:43:56.659111+00:00,2026-08-19T10:43:56.659111+00:00
6a858950e44c4693789d89bc,EMP001440,harish.naidu.1440@company.com,EMPLOYEE,default,False,2026-08-19T10:43:56.929978+00:00,2026-08-19T10:43:56.929978+00:00
6a858950e44c4693789d89bd,EMP001453,naveen.shah.1453@company.com,EMPLOYEE,default,False,2026-08-19T10:43:57.182552+00:00,2026-08-19T10:43:57.182552+00:00
6a858950e44c4693789d89be,EMP001462,riya.kulkarni.1462@company.com,EMPLOYEE,default,False,2026-08-19T10:43:57.443725+00:00,2026-08-19T10:43:57.443725+00:00
6a858950e44c4693789d89bf,EMP001472,varun.joseph.1472@company.com,EMPLOYEE,default,False,2026-08-19T10:43:57.884189+00:00,2026-08-19T10:43:57.884189+00:00
6a858950e44c4693789d89c0,EMP001503,aditi.shah.1503@company.com,EMPLOYEE,default,False,2026-08-19T10:43:58.169136+00:00,2026-08-19T10:43:58.169136+00:00
6a858950e44c4693789d89c1,EMP001513,chetan.saxena.1513@company.com,EMPLOYEE,default,False,2026-08-19T10:43:58.532391+00:00,2026-08-19T10:43:58.532391+00:00
6a858950e44c4693789d89c2,EMP001515,dev.roy.1515@company.com,EMPLOYEE,default,False,2026-08-19T10:43:58.850121+00:00,2026-08-19T10:43:58.850121+00:00
6a858950e44c4693789d89c3,EMP001596,esha.pillai.1596@company.com,EMPLOYEE,default,False,2026-08-19T10:43:59.172518+00:00,2026-08-19T10:43:59.172518+00:00
6a858950e44c4693789d89c4,EMP001617,rahul.kumar.1617@company.com,EMPLOYEE,default,False,2026-08-19T10:43:59.450907+00:00,2026-08-19T10:43:59.450907+00:00
6a858950e44c4693789d89c5,EMP001642,manasa.yadav.1642@company.com,EMPLOYEE,default,False,2026-08-19T10:43:59.706533+00:00,2026-08-19T10:43:59.706533+00:00
6a858950e44c4693789d89c6,EMP001643,monica.dsouza.1643@company.com,EMPLOYEE,default,False,2026-08-19T10:43:59.961672+00:00,2026-08-19T10:43:59.961672+00:00
6a858950e44c4693789d89c7,EMP001648,rohan.agarwal.1648@company.com,EMPLOYEE,default,False,2026-08-19T10:44:00.286533+00:00,2026-08-19T10:44:00.286533+00:00
6a858950e44c4693789d89c8,EMP001659,vishal.rao.1659@company.com,EMPLOYEE,default,False,2026-08-19T10:44:00.628064+00:00,2026-08-19T10:44:00.628064+00:00
6a858950e44c4693789d89c9,EMP001670,bhavana.sinha.1670@company.com,EMPLOYEE,default,False,2026-08-19T10:44:00.973157+00:00,2026-08-19T10:44:00.973157+00:00
6a858950e44c4693789d89ca,EMP001672,deepa.joseph.1672@company.com,EMPLOYEE,default,False,2026-08-19T10:44:01.240919+00:00,2026-08-19T10:44:01.240919+00:00
6a858950e44c4693789d89cb,EMP001673,dev.menon.1673@company.com,EMPLOYEE,default,False,2026-08-19T10:44:01.525210+00:00,2026-08-19T10:44:01.525210+00:00
6a858950e44c4693789d89cc,EMP001680,jahnavi.nair.1680@company.com,EMPLOYEE,default,False,2026-08-19T10:44:01.820735+00:00,2026-08-19T10:44:01.820735+00:00
6a858950e44c4693789d89cd,EMP001700,rohit.fernandes.1700@company.com,EMPLOYEE,default,False,2026-08-19T10:44:02.122660+00:00,2026-08-19T10:44:02.122660+00:00
6a858950e44c4693789d89ce,EMP001717,divya.kumar.1717@company.com,EMPLOYEE,default,False,2026-08-19T10:44:02.389889+00:00,2026-08-19T10:44:02.389889+00:00
6a858950e44c4693789d89cf,EMP001746,arjun.pillai.1746@company.com,EMPLOYEE,default,False,2026-08-19T10:44:02.673354+00:00,2026-08-19T10:44:02.673354+00:00
6a858950e44c4693789d89d0,EMP001378,pranav.hegde.1378@company.com,EMPLOYEE,default,False,2026-08-19T10:44:02.932810+00:00,2026-08-19T10:44:02.932810+00:00
6a858950e44c4693789d89d1,EMP001390,srinivas.naidu.1390@company.com,EMPLOYEE,default,False,2026-08-19T10:44:03.194027+00:00,2026-08-19T10:44:03.194027+00:00
6a858950e44c4693789d89d2,EMP001403,keerthi.shah.1403@company.com,EMPLOYEE,default,False,2026-08-19T10:44:03.463899+00:00,2026-08-19T10:44:03.463899+00:00
6a858950e44c4693789d89d3,EMP001441,isha.banerjee.1441@company.com,EMPLOYEE,default,False,2026-08-19T10:44:03.731356+00:00,2026-08-19T10:44:03.731356+00:00
6a858950e44c4693789d89d4,EMP001442,ishaan.yadav.1442@company.com,EMPLOYEE,default,False,2026-08-19T10:44:03.998133+00:00,2026-08-19T10:44:03.998133+00:00
6a858950e44c4693789d89d5,EMP001482,keerthi.das.1482@company.com,EMPLOYEE,default,False,2026-08-19T10:44:04.272798+00:00,2026-08-19T10:44:04.272798+00:00
6a858950e44c4693789d89d6,EMP001492,sameer.yadav.1492@company.com,EMPLOYEE,default,False,2026-08-19T10:44:04.555429+00:00,2026-08-19T10:44:04.555429+00:00
6a858950e44c4693789d89d7,EMP001494,shyam.verma.1494@company.com,EMPLOYEE,default,False,2026-08-19T10:44:04.842161+00:00,2026-08-19T10:44:04.842161+00:00
6a858950e44c4693789d89d8,EMP001498,vaishnavi.agarwal.1498@company.com,EMPLOYEE,default,False,2026-08-19T10:44:05.100667+00:00,2026-08-19T10:44:05.100667+00:00
6a858950e44c4693789d89d9,EMP001514,deepa.prasad.1514@company.com,EMPLOYEE,default,False,2026-08-19T10:44:05.353713+00:00,2026-08-19T10:44:05.353713+00:00
6a858950e44c4693789d89da,EMP001516,diya.reddy.1516@company.com,EMPLOYEE,default,False,2026-08-19T10:44:05.604473+00:00,2026-08-19T10:44:05.604473+00:00
6a858950e44c4693789d89db,EMP001571,sameer.gowda.1571@company.com,EMPLOYEE,default,False,2026-08-19T10:44:05.852018+00:00,2026-08-19T10:44:05.852018+00:00
6a858950e44c4693789d89dc,EMP001581,aarav.gupta.1581@company.com,EMPLOYEE,default,False,2026-08-19T10:44:06.098665+00:00,2026-08-19T10:44:06.098665+00:00
6a858950e44c4693789d89dd,EMP001599,isha.pandey.1599@company.com,EMPLOYEE,default,False,2026-08-19T10:44:06.345425+00:00,2026-08-19T10:44:06.345425+00:00
6a858950e44c4693789d89de,EMP001603,kavya.shah.1603@company.com,EMPLOYEE,default,False,2026-08-19T10:44:06.592703+00:00,2026-08-19T10:44:06.592703+00:00
6a858950e44c4693789d89df,EMP001615,pranav.roy.1615@company.com,EMPLOYEE,default,False,2026-08-19T10:44:06.842098+00:00,2026-08-19T10:44:06.842098+00:00
6a858950e44c4693789d89e0,EMP001671,chetan.gowda.1671@company.com,EMPLOYEE,default,False,2026-08-19T10:44:07.085807+00:00,2026-08-19T10:44:07.085807+00:00
6a858950e44c4693789d89e1,EMP001689,nandini.bose.1689@company.com,EMPLOYEE,default,False,2026-08-19T10:44:07.338349+00:00,2026-08-19T10:44:07.338349+00:00
6a858950e44c4693789d89e2,EMP001694,pranav.verma.1694@company.com,EMPLOYEE,default,False,2026-08-19T10:44:07.587001+00:00,2026-08-19T10:44:07.587001+00:00
6a858950e44c4693789d89e3,EMP001696,rahul.pillai.1696@company.com,EMPLOYEE,default,False,2026-08-19T10:44:07.839066+00:00,2026-08-19T10:44:07.839066+00:00
6a858950e44c4693789d89e4,EMP001744,amara.verma.1744@company.com,EMPLOYEE,default,False,2026-08-19T10:44:08.091634+00:00,2026-08-19T10:44:08.091634+00:00
6a858950e44c4693789d89e5,EMP001387,sanjana.iyer.1387@company.com,EMPLOYEE,default,False,2026-08-19T10:44:08.333571+00:00,2026-08-19T10:44:08.333571+00:00
6a858950e44c4693789d89e6,EMP001413,sameer.saxena.1413@company.com,EMPLOYEE,default,False,2026-08-19T10:44:08.571833+00:00,2026-08-19T10:44:08.571833+00:00
6a858950e44c4693789d89e7,EMP001425,aditya.mishra.1425@company.com,EMPLOYEE,default,False,2026-08-19T10:44:08.812529+00:00,2026-08-19T10:44:08.812529+00:00
6a858950e44c4693789d89e8,EMP001426,akash.varma.1426@company.com,EMPLOYEE,default,False,2026-08-19T10:44:09.060876+00:00,2026-08-19T10:44:09.060876+00:00
6a858950e44c4693789d89e9,EMP001460,raj.joshi.1460@company.com,EMPLOYEE,default,False,2026-08-19T10:44:09.311582+00:00,2026-08-19T10:44:09.311582+00:00
6a858950e44c4693789d89ea,EMP001473,vikram.menon.1473@company.com,EMPLOYEE,default,False,2026-08-19T10:44:09.559338+00:00,2026-08-19T10:44:09.559338+00:00
6a858950e44c4693789d89eb,EMP001491,sakshi.banerjee.1491@company.com,EMPLOYEE,default,False,2026-08-19T10:44:09.804645+00:00,2026-08-19T10:44:09.804645+00:00
6a858950e44c4693789d89ec,EMP001499,vasudha.pandey.1499@company.com,EMPLOYEE,default,False,2026-08-19T10:44:10.054759+00:00,2026-08-19T10:44:10.054759+00:00
6a858950e44c4693789d89ed,EMP001500,vidya.fernandes.1500@company.com,EMPLOYEE,default,False,2026-08-19T10:44:10.349784+00:00,2026-08-19T10:44:10.349784+00:00
6a858950e44c4693789d89ee,EMP001521,ishaan.gowda.1521@company.com,EMPLOYEE,default,False,2026-08-19T10:44:10.632386+00:00,2026-08-19T10:44:10.632386+00:00
6a858950e44c4693789d89ef,EMP001547,sneha.shetty.1547@company.com,EMPLOYEE,default,False,2026-08-19T10:44:10.877743+00:00,2026-08-19T10:44:10.877743+00:00
6a858950e44c4693789d89f0,EMP001583,aditya.krishnan.1583@company.com,EMPLOYEE,default,False,2026-08-19T10:44:11.122298+00:00,2026-08-19T10:44:11.122298+00:00
6a858950e44c4693789d89f1,EMP001597,gaurav.shetty.1597@company.com,EMPLOYEE,default,False,2026-08-19T10:44:11.369680+00:00,2026-08-19T10:44:11.369680+00:00
6a858950e44c4693789d89f2,EMP001601,jahnavi.sharma.1601@company.com,EMPLOYEE,default,False,2026-08-19T10:44:11.626700+00:00,2026-08-19T10:44:11.626700+00:00
6a858950e44c4693789d89f3,EMP001605,krishna.jain.1605@company.com,EMPLOYEE,default,False,2026-08-19T10:44:11.877743+00:00,2026-08-19T10:44:11.877743+00:00
6a858950e44c4693789d89f4,EMP001630,varun.nair.1630@company.com,EMPLOYEE,default,False,2026-08-19T10:44:12.119151+00:00,2026-08-19T10:44:12.119151+00:00
6a858950e44c4693789d89f5,EMP001638,divya.kapoor.1638@company.com,EMPLOYEE,default,False,2026-08-19T10:44:12.369212+00:00,2026-08-19T10:44:12.369212+00:00
6a858950e44c4693789d89f6,EMP001640,keerthi.naidu.1640@company.com,EMPLOYEE,default,False,2026-08-19T10:44:12.613647+00:00,2026-08-19T10:44:12.613647+00:00
6a858950e44c4693789d89f7,EMP001657,vasudha.thomas.1657@company.com,EMPLOYEE,default,False,2026-08-19T10:44:12.862298+00:00,2026-08-19T10:44:12.862298+00:00
6a858950e44c4693789d89f8,EMP001663,akash.saxena.1663@company.com,EMPLOYEE,default,False,2026-08-19T10:44:13.126996+00:00,2026-08-19T10:44:13.126996+00:00
6a858950e44c4693789d89f9,EMP001679,ishaan.mathew.1679@company.com,EMPLOYEE,default,False,2026-08-19T10:44:13.377578+00:00,2026-08-19T10:44:13.377578+00:00
6a858950e44c4693789d89fa,EMP001691,neha.banerjee.1691@company.com,EMPLOYEE,default,False,2026-08-19T10:44:13.636078+00:00,2026-08-19T10:44:13.636078+00:00
6a858950e44c4693789d89fb,EMP001703,sanjana.shah.1703@company.com,EMPLOYEE,default,False,2026-08-19T10:44:13.911499+00:00,2026-08-19T10:44:13.911499+00:00
6a858950e44c4693789d89fc,EMP001726,reshma.varma.1726@company.com,EMPLOYEE,default,False,2026-08-19T10:44:14.157851+00:00,2026-08-19T10:44:14.157851+00:00
6a858950e44c4693789d89fd,EMP001727,rohan.chatterjee.1727@company.com,EMPLOYEE,default,False,2026-08-19T10:44:14.423443+00:00,2026-08-19T10:44:14.423443+00:00
6a858950e44c4693789d89fe,EMP001735,vaishnavi.tripathi.1735@company.com,EMPLOYEE,default,False,2026-08-19T10:44:14.672925+00:00,2026-08-19T10:44:14.672925+00:00
6a858950e44c4693789d89ff,EMP001410,reshma.joshi.1410@company.com,EMPLOYEE,default,False,2026-08-19T10:44:14.922529+00:00,2026-08-19T10:44:14.922529+00:00
6a858950e44c4693789d8a00,EMP001423,aarav.menon.1423@company.com,EMPLOYEE,default,False,2026-08-19T10:44:15.167747+00:00,2026-08-19T10:44:15.167747+00:00
6a858950e44c4693789d8a01,EMP001428,amara.hegde.1428@company.com,EMPLOYEE,default,False,2026-08-19T10:44:15.423509+00:00,2026-08-19T10:44:15.423509+00:00
6a858950e44c4693789d8a02,EMP001436,dev.george.1436@company.com,EMPLOYEE,default,False,2026-08-19T10:44:15.676712+00:00,2026-08-19T10:44:15.676712+00:00
6a858950e44c4693789d8a03,EMP001485,monica.tripathi.1485@company.com,EMPLOYEE,default,False,2026-08-19T10:44:15.928095+00:00,2026-08-19T10:44:15.928095+00:00
6a858950e44c4693789d8a04,EMP001502,aarav.patel.1502@company.com,EMPLOYEE,default,False,2026-08-19T10:44:16.177524+00:00,2026-08-19T10:44:16.177524+00:00
6a858950e44c4693789d8a05,EMP001510,arnav.joshi.1510@company.com,EMPLOYEE,default,False,2026-08-19T10:44:16.438106+00:00,2026-08-19T10:44:16.438106+00:00
6a858950e44c4693789d8a06,EMP001529,meera.mathew.1529@company.com,EMPLOYEE,default,False,2026-08-19T10:44:16.679138+00:00,2026-08-19T10:44:16.679138+00:00
6a858950e44c4693789d8a07,EMP001534,nikhil.mukherjee.1534@company.com,EMPLOYEE,default,False,2026-08-19T10:44:16.935942+00:00,2026-08-19T10:44:16.935942+00:00
6a858950e44c4693789d8a08,EMP001537,priya.iyer.1537@company.com,EMPLOYEE,default,False,2026-08-19T10:44:17.184301+00:00,2026-08-19T10:44:17.184301+00:00
6a858950e44c4693789d8a09,EMP001541,riya.banerjee.1541@company.com,EMPLOYEE,default,False,2026-08-19T10:44:17.436196+00:00,2026-08-19T10:44:17.436196+00:00
6a858950e44c4693789d8a0a,EMP001551,varun.sharma.1551@company.com,EMPLOYEE,default,False,2026-08-19T10:44:17.677215+00:00,2026-08-19T10:44:17.677215+00:00
6a858950e44c4693789d8a0b,EMP001557,anjali.thomas.1557@company.com,EMPLOYEE,default,False,2026-08-19T10:44:17.959071+00:00,2026-08-19T10:44:17.959071+00:00
6a858950e44c4693789d8a0c,EMP001567,pradeep.kumar.1567@company.com,EMPLOYEE,default,False,2026-08-19T10:44:18.227406+00:00,2026-08-19T10:44:18.227406+00:00
6a858950e44c4693789d8a0d,EMP001569,rohan.desai.1569@company.com,EMPLOYEE,default,False,2026-08-19T10:44:18.477714+00:00,2026-08-19T10:44:18.477714+00:00
6a858950e44c4693789d8a0e,EMP001574,siddharth.singh.1574@company.com,EMPLOYEE,default,False,2026-08-19T10:44:18.726538+00:00,2026-08-19T10:44:18.726538+00:00
6a858950e44c4693789d8a0f,EMP001579,vidya.mathew.1579@company.com,EMPLOYEE,default,False,2026-08-19T10:44:18.977791+00:00,2026-08-19T10:44:18.977791+00:00
6a858950e44c4693789d8a10,EMP001618,raj.chopra.1618@company.com,EMPLOYEE,default,False,2026-08-19T10:44:19.219214+00:00,2026-08-19T10:44:19.219214+00:00
6a858950e44c4693789d8a11,EMP001634,zoya.mukherjee.1634@company.com,EMPLOYEE,default,False,2026-08-19T10:44:19.464594+00:00,2026-08-19T10:44:19.464594+00:00
6a858950e44c4693789d8a12,EMP001639,harini.bose.1639@company.com,EMPLOYEE,default,False,2026-08-19T10:44:19.710264+00:00,2026-08-19T10:44:19.710264+00:00
6a858950e44c4693789d8a13,EMP001655,surya.jain.1655@company.com,EMPLOYEE,default,False,2026-08-19T10:44:19.955855+00:00,2026-08-19T10:44:19.955855+00:00
6a858950e44c4693789d8a14,EMP001693,pooja.dsouza.1693@company.com,EMPLOYEE,default,False,2026-08-19T10:44:20.202601+00:00,2026-08-19T10:44:20.202601+00:00
6a858950e44c4693789d8a15,EMP001711,vivek.malhotra.1711@company.com,EMPLOYEE,default,False,2026-08-19T10:44:20.463936+00:00,2026-08-19T10:44:20.463936+00:00
6a858950e44c4693789d8a16,EMP001731,shyam.gupta.1731@company.com,EMPLOYEE,default,False,2026-08-19T10:44:20.713834+00:00,2026-08-19T10:44:20.713834+00:00
6a858950e44c4693789d8a17,EMP001380,rahul.nair.1380@company.com,EMPLOYEE,default,False,2026-08-19T10:44:20.959824+00:00,2026-08-19T10:44:20.959824+00:00
6a858950e44c4693789d8a18,EMP001395,vivek.mehta.1395@company.com,EMPLOYEE,default,False,2026-08-19T10:44:21.207173+00:00,2026-08-19T10:44:21.207173+00:00
6a858950e44c4693789d8a19,EMP001414,shalini.prasad.1414@company.com,EMPLOYEE,default,False,2026-08-19T10:44:21.450509+00:00,2026-08-19T10:44:21.450509+00:00
6a858950e44c4693789d8a1a,EMP001416,siddharth.reddy.1416@company.com,EMPLOYEE,default,False,2026-08-19T10:44:21.714564+00:00,2026-08-19T10:44:21.714564+00:00
6a858950e44c4693789d8a1b,EMP001417,simran.kumar.1417@company.com,EMPLOYEE,default,False,2026-08-19T10:44:21.994757+00:00,2026-08-19T10:44:21.994757+00:00
6a858950e44c4693789d8a1c,EMP001438,esha.kapoor.1438@company.com,EMPLOYEE,default,False,2026-08-19T10:44:22.280393+00:00,2026-08-19T10:44:22.280393+00:00
6a858950e44c4693789d8a1d,EMP001446,kiran.pillai.1446@company.com,EMPLOYEE,default,False,2026-08-19T10:44:22.536484+00:00,2026-08-19T10:44:22.536484+00:00
6a858950e44c4693789d8a1e,EMP001451,mohan.sharma.1451@company.com,EMPLOYEE,default,False,2026-08-19T10:44:22.802510+00:00,2026-08-19T10:44:22.802510+00:00
6a858950e44c4693789d8a1f,EMP001466,sanjana.reddy.1466@company.com,EMPLOYEE,default,False,2026-08-19T10:44:23.051824+00:00,2026-08-19T10:44:23.051824+00:00
6a858950e44c4693789d8a20,EMP001496,simran.pillai.1496@company.com,EMPLOYEE,default,False,2026-08-19T10:44:23.302794+00:00,2026-08-19T10:44:23.302794+00:00
6a858950e44c4693789d8a21,EMP001518,gaurav.chopra.1518@company.com,EMPLOYEE,default,False,2026-08-19T10:44:23.552613+00:00,2026-08-19T10:44:23.552613+00:00
6a858950e44c4693789d8a22,EMP001532,naveen.das.1532@company.com,EMPLOYEE,default,False,2026-08-19T10:44:23.796911+00:00,2026-08-19T10:44:23.796911+00:00
6a858950e44c4693789d8a23,EMP001538,rahul.kapoor.1538@company.com,EMPLOYEE,default,False,2026-08-19T10:44:24.045319+00:00,2026-08-19T10:44:24.045319+00:00
6a858950e44c4693789d8a24,EMP001544,sanjay.verma.1544@company.com,EMPLOYEE,default,False,2026-08-19T10:44:24.294078+00:00,2026-08-19T10:44:24.294078+00:00
6a858950e44c4693789d8a25,EMP001548,srinivas.agarwal.1548@company.com,EMPLOYEE,default,False,2026-08-19T10:44:24.552311+00:00,2026-08-19T10:44:24.552311+00:00
6a858950e44c4693789d8a26,EMP001585,akshay.tripathi.1585@company.com,EMPLOYEE,default,False,2026-08-19T10:44:24.795241+00:00,2026-08-19T10:44:24.795241+00:00
6a858950e44c4693789d8a27,EMP001646,pradeep.pillai.1646@company.com,EMPLOYEE,default,False,2026-08-19T10:44:25.046051+00:00,2026-08-19T10:44:25.046051+00:00
6a858950e44c4693789d8a28,EMP001656,vaishnavi.thakur.1656@company.com,EMPLOYEE,default,False,2026-08-19T10:44:25.295937+00:00,2026-08-19T10:44:25.295937+00:00
6a858950e44c4693789d8a29,EMP001668,arnav.chopra.1668@company.com,EMPLOYEE,default,False,2026-08-19T10:44:25.585406+00:00,2026-08-19T10:44:25.585406+00:00
6a858950e44c4693789d8a2a,EMP001685,lakshmi.tripathi.1685@company.com,EMPLOYEE,default,False,2026-08-19T10:44:25.893031+00:00,2026-08-19T10:44:25.893031+00:00
6a858950e44c4693789d8a2b,EMP001687,meera.iyer.1687@company.com,EMPLOYEE,default,False,2026-08-19T10:44:26.143974+00:00,2026-08-19T10:44:26.143974+00:00
6a858950e44c4693789d8a2c,EMP001695,priya.mehta.1695@company.com,EMPLOYEE,default,False,2026-08-19T10:44:26.388382+00:00,2026-08-19T10:44:26.388382+00:00
6a858950e44c4693789d8a2d,EMP001704,shreya.bhat.1704@company.com,EMPLOYEE,default,False,2026-08-19T10:44:26.683558+00:00,2026-08-19T10:44:26.683558+00:00
6a858950e44c4693789d8a2e,EMP001706,srinivas.thakur.1706@company.com,EMPLOYEE,default,False,2026-08-19T10:44:26.941407+00:00,2026-08-19T10:44:26.941407+00:00
6a858950e44c4693789d8a2f,EMP001710,vikram.joshi.1710@company.com,EMPLOYEE,default,False,2026-08-19T10:44:27.202722+00:00,2026-08-19T10:44:27.202722+00:00
6a858950e44c4693789d8a30,EMP001714,abhinav.prasad.1714@company.com,EMPLOYEE,default,False,2026-08-19T10:44:27.463006+00:00,2026-08-19T10:44:27.463006+00:00
6a858950e44c4693789d8a31,EMP001718,harini.chopra.1718@company.com,EMPLOYEE,default,False,2026-08-19T10:44:27.730650+00:00,2026-08-19T10:44:27.730650+00:00
6a858950e44c4693789d8a32,EMP001722,monica.joseph.1722@company.com,EMPLOYEE,default,False,2026-08-19T10:44:27.992339+00:00,2026-08-19T10:44:27.992339+00:00
6a858950e44c4693789d8a33,EMP001733,simran.krishnan.1733@company.com,EMPLOYEE,default,False,2026-08-19T10:44:28.291599+00:00,2026-08-19T10:44:28.291599+00:00
6a858950e44c4693789d8a34,EMP001758,ishaan.sen.1758@company.com,EMPLOYEE,default,False,2026-08-19T10:44:28.544815+00:00,2026-08-19T10:44:28.544815+00:00
6a858950e44c4693789d8a35,EMP001769,naveen.desai.1769@company.com,EMPLOYEE,default,False,2026-08-19T10:44:28.819871+00:00,2026-08-19T10:44:28.819871+00:00
6a858950e44c4693789d8a36,EMP001771,nikhil.gowda.1771@company.com,EMPLOYEE,default,False,2026-08-19T10:44:29.114937+00:00,2026-08-19T10:44:29.114937+00:00
6a858950e44c4693789d8a37,EMP001827,ashwin.chatterjee.1827@company.com,EMPLOYEE,default,False,2026-08-19T10:44:29.382113+00:00,2026-08-19T10:44:29.382113+00:00
6a858950e44c4693789d8a38,EMP001831,dev.gupta.1831@company.com,EMPLOYEE,default,False,2026-08-19T10:44:29.649265+00:00,2026-08-19T10:44:29.649265+00:00
6a858950e44c4693789d8a39,EMP001837,ishaan.iyer.1837@company.com,EMPLOYEE,default,False,2026-08-19T10:44:29.898561+00:00,2026-08-19T10:44:29.898561+00:00
6a858950e44c4693789d8a3a,EMP001842,krishna.yadav.1842@company.com,EMPLOYEE,default,False,2026-08-19T10:44:30.243550+00:00,2026-08-19T10:44:30.243550+00:00
6a858950e44c4693789d8a3b,EMP001901,akshay.sharma.1901@company.com,EMPLOYEE,default,False,2026-08-19T10:44:30.868568+00:00,2026-08-19T10:44:30.868568+00:00
6a858950e44c4693789d8a3c,EMP001922,lakshmi.joseph.1922@company.com,EMPLOYEE,default,False,2026-08-19T10:44:31.444339+00:00,2026-08-19T10:44:31.444339+00:00
6a858950e44c4693789d8a3d,EMP001923,manish.menon.1923@company.com,EMPLOYEE,default,False,2026-08-19T10:44:31.797032+00:00,2026-08-19T10:44:31.797032+00:00
6a858950e44c4693789d8a3e,EMP001924,meera.singh.1924@company.com,EMPLOYEE,default,False,2026-08-19T10:44:32.054895+00:00,2026-08-19T10:44:32.054895+00:00
6a858950e44c4693789d8a3f,EMP001940,sanjana.naidu.1940@company.com,EMPLOYEE,default,False,2026-08-19T10:44:32.337662+00:00,2026-08-19T10:44:32.337662+00:00
6a858950e44c4693789d8a40,EMP001942,sneha.yadav.1942@company.com,EMPLOYEE,default,False,2026-08-19T10:44:32.597964+00:00,2026-08-19T10:44:32.597964+00:00
6a858950e44c4693789d8a41,EMP001953,anirudh.shah.1953@company.com,EMPLOYEE,default,False,2026-08-19T10:44:32.852296+00:00,2026-08-19T10:44:32.852296+00:00
6a858950e44c4693789d8a42,EMP001978,aditya.hegde.1978@company.com,EMPLOYEE,default,False,2026-08-19T10:44:33.102724+00:00,2026-08-19T10:44:33.102724+00:00
6a858950e44c4693789d8a43,EMP001990,diya.naidu.1990@company.com,EMPLOYEE,default,False,2026-08-19T10:44:33.358230+00:00,2026-08-19T10:44:33.358230+00:00
6a858950e44c4693789d8a44,EMP001797,harini.shetty.1797@company.com,EMPLOYEE,default,False,2026-08-19T10:44:33.611556+00:00,2026-08-19T10:44:33.611556+00:00
6a858950e44c4693789d8a45,EMP001807,sakshi.thomas.1807@company.com,EMPLOYEE,default,False,2026-08-19T10:44:33.857533+00:00,2026-08-19T10:44:33.857533+00:00
6a858950e44c4693789d8a46,EMP001810,shyam.joshi.1810@company.com,EMPLOYEE,default,False,2026-08-19T10:44:34.107077+00:00,2026-08-19T10:44:34.107077+00:00
6a858950e44c4693789d8a47,EMP001824,ananya.singh.1824@company.com,EMPLOYEE,default,False,2026-08-19T10:44:34.363149+00:00,2026-08-19T10:44:34.363149+00:00
6a858950e44c4693789d8a48,EMP001862,shreya.kulkarni.1862@company.com,EMPLOYEE,default,False,2026-08-19T10:44:34.669179+00:00,2026-08-19T10:44:34.669179+00:00
6a858950e44c4693789d8a49,EMP001875,divya.mishra.1875@company.com,EMPLOYEE,default,False,2026-08-19T10:44:34.930764+00:00,2026-08-19T10:44:34.930764+00:00
6a858950e44c4693789d8a4a,EMP001883,pradeep.krishnan.1883@company.com,EMPLOYEE,default,False,2026-08-19T10:44:35.278813+00:00,2026-08-19T10:44:35.278813+00:00
6a858950e44c4693789d8a4b,EMP001890,siddharth.naidu.1890@company.com,EMPLOYEE,default,False,2026-08-19T10:44:35.552410+00:00,2026-08-19T10:44:35.552410+00:00
6a858950e44c4693789d8a4c,EMP001933,rahul.krishnan.1933@company.com,EMPLOYEE,default,False,2026-08-19T10:44:35.814697+00:00,2026-08-19T10:44:35.814697+00:00
6a858950e44c4693789d8a4d,EMP001954,divya.bhat.1954@company.com,EMPLOYEE,default,False,2026-08-19T10:44:36.119191+00:00,2026-08-19T10:44:36.119191+00:00
6a858950e44c4693789d8a4e,EMP001962,pradeep.kulkarni.1962@company.com,EMPLOYEE,default,False,2026-08-19T10:44:36.484963+00:00,2026-08-19T10:44:36.484963+00:00
6a858950e44c4693789d8a4f,EMP001972,vaishnavi.joseph.1972@company.com,EMPLOYEE,default,False,2026-08-19T10:44:36.777461+00:00,2026-08-19T10:44:36.777461+00:00
6a858950e44c4693789d8a50,EMP001983,arjun.krishnan.1983@company.com,EMPLOYEE,default,False,2026-08-19T10:44:37.074713+00:00,2026-08-19T10:44:37.074713+00:00
6a858950e44c4693789d8a51,EMP001984,arnav.mukherjee.1984@company.com,EMPLOYEE,default,False,2026-08-19T10:44:37.448993+00:00,2026-08-19T10:44:37.448993+00:00
6a858950e44c4693789d8a52,EMP001764,lakshmi.prasad.1764@company.com,EMPLOYEE,default,False,2026-08-19T10:44:37.721243+00:00,2026-08-19T10:44:37.721243+00:00
6a858950e44c4693789d8a53,EMP001818,aarav.chopra.1818@company.com,EMPLOYEE,default,False,2026-08-19T10:44:38.099953+00:00,2026-08-19T10:44:38.099953+00:00
6a858950e44c4693789d8a54,EMP001825,arjun.mishra.1825@company.com,EMPLOYEE,default,False,2026-08-19T10:44:38.369842+00:00,2026-08-19T10:44:38.369842+00:00
6a858950e44c4693789d8a55,EMP001840,kavya.naidu.1840@company.com,EMPLOYEE,default,False,2026-08-19T10:44:38.621737+00:00,2026-08-19T10:44:38.621737+00:00
6a858950e44c4693789d8a56,EMP001855,raj.jain.1855@company.com,EMPLOYEE,default,False,2026-08-19T10:44:38.886037+00:00,2026-08-19T10:44:38.886037+00:00
6a858950e44c4693789d8a57,EMP001868,vikram.chopra.1868@company.com,EMPLOYEE,default,False,2026-08-19T10:44:39.138074+00:00,2026-08-19T10:44:39.138074+00:00
6a858950e44c4693789d8a58,EMP001889,shyam.bose.1889@company.com,EMPLOYEE,default,False,2026-08-19T10:44:39.384214+00:00,2026-08-19T10:44:39.384214+00:00
6a858950e44c4693789d8a59,EMP001905,arnav.jain.1905@company.com,EMPLOYEE,default,False,2026-08-19T10:44:39.629702+00:00,2026-08-19T10:44:39.629702+00:00
6a858950e44c4693789d8a5a,EMP001926,nandini.varma.1926@company.com,EMPLOYEE,default,False,2026-08-19T10:44:39.888663+00:00,2026-08-19T10:44:39.888663+00:00
6a858950e44c4693789d8a5b,EMP001928,neha.hegde.1928@company.com,EMPLOYEE,default,False,2026-08-19T10:44:40.215600+00:00,2026-08-19T10:44:40.215600+00:00
6a858950e44c4693789d8a5c,EMP001754,esha.bhat.1754@company.com,EMPLOYEE,default,False,2026-08-19T10:44:40.517639+00:00,2026-08-19T10:44:40.517639+00:00
6a858950e44c4693789d8a5d,EMP001761,kavya.malhotra.1761@company.com,EMPLOYEE,default,False,2026-08-19T10:44:40.977539+00:00,2026-08-19T10:44:40.977539+00:00
6a858950e44c4693789d8a5e,EMP001780,sahana.nair.1780@company.com,EMPLOYEE,default,False,2026-08-19T10:44:41.315486+00:00,2026-08-19T10:44:41.315486+00:00
6a858950e44c4693789d8a5f,EMP001789,vikram.bose.1789@company.com,EMPLOYEE,default,False,2026-08-19T10:44:41.605785+00:00,2026-08-19T10:44:41.605785+00:00
6a858950e44c4693789d8a60,EMP001860,sanjay.joshi.1860@company.com,EMPLOYEE,default,False,2026-08-19T10:44:41.885661+00:00,2026-08-19T10:44:41.885661+00:00
6a858950e44c4693789d8a61,EMP001867,varun.kumar.1867@company.com,EMPLOYEE,default,False,2026-08-19T10:44:42.138009+00:00,2026-08-19T10:44:42.138009+00:00
6a858950e44c4693789d8a62,EMP001894,vasudha.verma.1894@company.com,EMPLOYEE,default,False,2026-08-19T10:44:42.549909+00:00,2026-08-19T10:44:42.549909+00:00
6a858950e44c4693789d8a63,EMP001910,dev.joshi.1910@company.com,EMPLOYEE,default,False,2026-08-19T10:44:42.809151+00:00,2026-08-19T10:44:42.809151+00:00
6a858950e44c4693789d8a64,EMP001955,harini.jain.1955@company.com,EMPLOYEE,default,False,2026-08-19T10:44:43.077156+00:00,2026-08-19T10:44:43.077156+00:00
6a858950e44c4693789d8a65,EMP001961,pallavi.malhotra.1961@company.com,EMPLOYEE,default,False,2026-08-19T10:44:43.343172+00:00,2026-08-19T10:44:43.343172+00:00
6a858950e44c4693789d8a66,EMP001968,shyam.chopra.1968@company.com,EMPLOYEE,default,False,2026-08-19T10:44:43.613981+00:00,2026-08-19T10:44:43.613981+00:00
6a858950e44c4693789d8a67,EMP001969,siddharth.desai.1969@company.com,EMPLOYEE,default,False,2026-08-19T10:44:43.878088+00:00,2026-08-19T10:44:43.878088+00:00
6a858950e44c4693789d8a68,EMP001976,aarav.varma.1976@company.com,EMPLOYEE,default,False,2026-08-19T10:44:44.142510+00:00,2026-08-19T10:44:44.142510+00:00
6a858950e44c4693789d8a69,EMP001793,abhinav.dsouza.1793@company.com,EMPLOYEE,default,False,2026-08-19T10:44:44.400075+00:00,2026-08-19T10:44:44.400075+00:00
6a858950e44c4693789d8a6a,EMP001804,pradeep.bhat.1804@company.com,EMPLOYEE,default,False,2026-08-19T10:44:44.655768+00:00,2026-08-19T10:44:44.655768+00:00
6a858950e44c4693789d8a6b,EMP001811,siddharth.malhotra.1811@company.com,EMPLOYEE,default,False,2026-08-19T10:44:44.898983+00:00,2026-08-19T10:44:44.898983+00:00
6a858950e44c4693789d8a6c,EMP001826,arnav.varma.1826@company.com,EMPLOYEE,default,False,2026-08-19T10:44:45.154214+00:00,2026-08-19T10:44:45.154214+00:00
6a858950e44c4693789d8a6d,EMP001832,diya.das.1832@company.com,EMPLOYEE,default,False,2026-08-19T10:44:45.414322+00:00,2026-08-19T10:44:45.414322+00:00
6a858950e44c4693789d8a6e,EMP001858,rohit.sen.1858@company.com,EMPLOYEE,default,False,2026-08-19T10:44:45.668233+00:00,2026-08-19T10:44:45.668233+00:00
6a858950e44c4693789d8a6f,EMP001859,sahana.rao.1859@company.com,EMPLOYEE,default,False,2026-08-19T10:44:45.916472+00:00,2026-08-19T10:44:45.916472+00:00
6a858950e44c4693789d8a70,EMP001880,monica.nair.1880@company.com,EMPLOYEE,default,False,2026-08-19T10:44:46.168524+00:00,2026-08-19T10:44:46.168524+00:00
6a858950e44c4693789d8a71,EMP001886,sakshi.george.1886@company.com,EMPLOYEE,default,False,2026-08-19T10:44:46.450003+00:00,2026-08-19T10:44:46.450003+00:00
6a858950e44c4693789d8a72,EMP001931,pranav.gupta.1931@company.com,EMPLOYEE,default,False,2026-08-19T10:44:46.693310+00:00,2026-08-19T10:44:46.693310+00:00
6a858950e44c4693789d8a73,EMP001956,keerthi.thakur.1956@company.com,EMPLOYEE,default,False,2026-08-19T10:44:46.942469+00:00,2026-08-19T10:44:46.942469+00:00
6a858950e44c4693789d8a74,EMP001964,rohan.prasad.1964@company.com,EMPLOYEE,default,False,2026-08-19T10:44:47.192662+00:00,2026-08-19T10:44:47.192662+00:00
6a858950e44c4693789d8a75,EMP001980,akshay.nair.1980@company.com,EMPLOYEE,default,False,2026-08-19T10:44:47.453464+00:00,2026-08-19T10:44:47.453464+00:00
6a858950e44c4693789d8a76,EMP001981,amara.gupta.1981@company.com,EMPLOYEE,default,False,2026-08-19T10:44:47.710792+00:00,2026-08-19T10:44:47.710792+00:00
6a858950e44c4693789d8a77,EMP001985,ashwin.tripathi.1985@company.com,EMPLOYEE,default,False,2026-08-19T10:44:47.975841+00:00,2026-08-19T10:44:47.975841+00:00
6a858950e44c4693789d8a78,EMP001774,priya.singh.1774@company.com,EMPLOYEE,default,False,2026-08-19T10:44:48.230476+00:00,2026-08-19T10:44:48.230476+00:00
6a858950e44c4693789d8a79,EMP001778,riya.hegde.1778@company.com,EMPLOYEE,default,False,2026-08-19T10:44:48.474095+00:00,2026-08-19T10:44:48.474095+00:00
6a858950e44c4693789d8a7a,EMP001809,shalini.rao.1809@company.com,EMPLOYEE,default,False,2026-08-19T10:44:48.734995+00:00,2026-08-19T10:44:48.734995+00:00
6a858950e44c4693789d8a7b,EMP001834,gaurav.mukherjee.1834@company.com,EMPLOYEE,default,False,2026-08-19T10:44:48.991435+00:00,2026-08-19T10:44:48.991435+00:00
6a858950e44c4693789d8a7c,EMP001849,neha.pandey.1849@company.com,EMPLOYEE,default,False,2026-08-19T10:44:49.248023+00:00,2026-08-19T10:44:49.248023+00:00
6a858950e44c4693789d8a7d,EMP001850,nikhil.fernandes.1850@company.com,EMPLOYEE,default,False,2026-08-19T10:44:49.500375+00:00,2026-08-19T10:44:49.500375+00:00
6a858950e44c4693789d8a7e,EMP001871,zoya.gowda.1871@company.com,EMPLOYEE,default,False,2026-08-19T10:44:49.750217+00:00,2026-08-19T10:44:49.750217+00:00
6a858950e44c4693789d8a7f,EMP001876,harini.varma.1876@company.com,EMPLOYEE,default,False,2026-08-19T10:44:49.999740+00:00,2026-08-19T10:44:49.999740+00:00
6a858950e44c4693789d8a80,EMP001913,gaurav.saxena.1913@company.com,EMPLOYEE,default,False,2026-08-19T10:44:50.242314+00:00,2026-08-19T10:44:50.242314+00:00
6a858950e44c4693789d8a81,EMP001914,harish.prasad.1914@company.com,EMPLOYEE,default,False,2026-08-19T10:44:50.491503+00:00,2026-08-19T10:44:50.491503+00:00
6a858950e44c4693789d8a82,EMP001927,naveen.chatterjee.1927@company.com,EMPLOYEE,default,False,2026-08-19T10:44:50.744704+00:00,2026-08-19T10:44:50.744704+00:00
6a858950e44c4693789d8a83,EMP001932,priya.das.1932@company.com,EMPLOYEE,default,False,2026-08-19T10:44:51.008380+00:00,2026-08-19T10:44:51.008380+00:00
6a858950e44c4693789d8a84,EMP001945,tanvi.mehta.1945@company.com,EMPLOYEE,default,False,2026-08-19T10:44:51.333089+00:00,2026-08-19T10:44:51.333089+00:00
6a858950e44c4693789d8a85,EMP001966,sameer.reddy.1966@company.com,EMPLOYEE,default,False,2026-08-19T10:44:51.585614+00:00,2026-08-19T10:44:51.585614+00:00
6a858950e44c4693789d8a86,EMP001975,vishal.mishra.1975@company.com,EMPLOYEE,default,False,2026-08-19T10:44:51.839859+00:00,2026-08-19T10:44:51.839859+00:00
6a858950e44c4693789d8a87,EMP001982,ananya.das.1982@company.com,EMPLOYEE,default,False,2026-08-19T10:44:52.089158+00:00,2026-08-19T10:44:52.089158+00:00
6a858950e44c4693789d8a88,EMP001986,bhavana.george.1986@company.com,EMPLOYEE,default,False,2026-08-19T10:44:52.334935+00:00,2026-08-19T10:44:52.334935+00:00
6a858950e44c4693789d8a89,EMP001755,gaurav.jain.1755@company.com,EMPLOYEE,default,False,2026-08-19T10:44:52.618367+00:00,2026-08-19T10:44:52.618367+00:00
6a858950e44c4693789d8a8a,EMP001775,rahul.mishra.1775@company.com,EMPLOYEE,default,False,2026-08-19T10:44:52.864588+00:00,2026-08-19T10:44:52.864588+00:00
6a858950e44c4693789d8a8b,EMP001781,sanjay.gupta.1781@company.com,EMPLOYEE,default,False,2026-08-19T10:44:53.167777+00:00,2026-08-19T10:44:53.167777+00:00
6a858950e44c4693789d8a8c,EMP001785,srinivas.tripathi.1785@company.com,EMPLOYEE,default,False,2026-08-19T10:44:53.509897+00:00,2026-08-19T10:44:53.509897+00:00
6a858950e44c4693789d8a8d,EMP001786,swathi.george.1786@company.com,EMPLOYEE,default,False,2026-08-19T10:44:53.842475+00:00,2026-08-19T10:44:53.842475+00:00
6a858950e44c4693789d8a8e,EMP001790,vivek.naidu.1790@company.com,EMPLOYEE,default,False,2026-08-19T10:44:54.092985+00:00,2026-08-19T10:44:54.092985+00:00
6a858950e44c4693789d8a8f,EMP001808,sameer.sen.1808@company.com,EMPLOYEE,default,False,2026-08-19T10:44:54.351679+00:00,2026-08-19T10:44:54.351679+00:00
6a858950e44c4693789d8a90,EMP001857,riya.thomas.1857@company.com,EMPLOYEE,default,False,2026-08-19T10:44:54.632959+00:00,2026-08-19T10:44:54.632959+00:00
6a858950e44c4693789d8a91,EMP001864,srinivas.prasad.1864@company.com,EMPLOYEE,default,False,2026-08-19T10:44:54.892167+00:00,2026-08-19T10:44:54.892167+00:00
6a858950e44c4693789d8a92,EMP001874,anirudh.singh.1874@company.com,EMPLOYEE,default,False,2026-08-19T10:44:55.149207+00:00,2026-08-19T10:44:55.149207+00:00
6a858950e44c4693789d8a93,EMP001882,pallavi.das.1882@company.com,EMPLOYEE,default,False,2026-08-19T10:44:55.412563+00:00,2026-08-19T10:44:55.412563+00:00
6a858950e44c4693789d8a94,EMP001892,surya.yadav.1892@company.com,EMPLOYEE,default,False,2026-08-19T10:44:55.682075+00:00,2026-08-19T10:44:55.682075+00:00
6a858950e44c4693789d8a95,EMP001897,aarav.shetty.1897@company.com,EMPLOYEE,default,False,2026-08-19T10:44:55.941788+00:00,2026-08-19T10:44:55.941788+00:00
6a858950e44c4693789d8a96,EMP001903,ananya.shah.1903@company.com,EMPLOYEE,default,False,2026-08-19T10:44:56.203498+00:00,2026-08-19T10:44:56.203498+00:00
6a858950e44c4693789d8a97,EMP001934,raj.mukherjee.1934@company.com,EMPLOYEE,default,False,2026-08-19T10:44:56.467345+00:00,2026-08-19T10:44:56.467345+00:00
6a858950e44c4693789d8a98,EMP001935,rakesh.tripathi.1935@company.com,EMPLOYEE,default,False,2026-08-19T10:44:56.716502+00:00,2026-08-19T10:44:56.716502+00:00
6a858950e44c4693789d8a99,EMP001946,varun.pillai.1946@company.com,EMPLOYEE,default,False,2026-08-19T10:44:56.977255+00:00,2026-08-19T10:44:56.977255+00:00
6a858950e44c4693789d8a9a,EMP001952,anjali.patel.1952@company.com,EMPLOYEE,default,False,2026-08-19T10:44:57.329134+00:00,2026-08-19T10:44:57.329134+00:00
6a858950e44c4693789d8a9b,EMP001963,reshma.saxena.1963@company.com,EMPLOYEE,default,False,2026-08-19T10:44:57.618492+00:00,2026-08-19T10:44:57.618492+00:00
6a858950e44c4693789d8a9c,EMP001967,shalini.kumar.1967@company.com,EMPLOYEE,default,False,2026-08-19T10:44:57.885019+00:00,2026-08-19T10:44:57.885019+00:00
6a858950e44c4693789d8a9d,EMP001971,surya.gowda.1971@company.com,EMPLOYEE,default,False,2026-08-19T10:44:58.159435+00:00,2026-08-19T10:44:58.159435+00:00
6a858950e44c4693789d8a9e,EMP001979,akash.mathew.1979@company.com,EMPLOYEE,default,False,2026-08-19T10:44:58.424835+00:00,2026-08-19T10:44:58.424835+00:00
6a858950e44c4693789d8a9f,EMP001748,ashwin.agarwal.1748@company.com,EMPLOYEE,default,False,2026-08-19T10:44:58.669685+00:00,2026-08-19T10:44:58.669685+00:00
6a858950e44c4693789d8aa0,EMP001750,chetan.fernandes.1750@company.com,EMPLOYEE,default,False,2026-08-19T10:44:58.916203+00:00,2026-08-19T10:44:58.916203+00:00
6a858950e44c4693789d8aa1,EMP001752,dev.patel.1752@company.com,EMPLOYEE,default,False,2026-08-19T10:44:59.171132+00:00,2026-08-19T10:44:59.171132+00:00
6a858950e44c4693789d8aa2,EMP001767,mohan.kumar.1767@company.com,EMPLOYEE,default,False,2026-08-19T10:44:59.417699+00:00,2026-08-19T10:44:59.417699+00:00
6a858950e44c4693789d8aa3,EMP001770,neha.sinha.1770@company.com,EMPLOYEE,default,False,2026-08-19T10:44:59.657935+00:00,2026-08-19T10:44:59.657935+00:00
6a858950e44c4693789d8aa4,EMP001773,pranav.menon.1773@company.com,EMPLOYEE,default,False,2026-08-19T10:44:59.909768+00:00,2026-08-19T10:44:59.909768+00:00
6a858950e44c4693789d8aa5,EMP001815,vasudha.roy.1815@company.com,EMPLOYEE,default,False,2026-08-19T10:45:00.190004+00:00,2026-08-19T10:45:00.190004+00:00
6a858950e44c4693789d8aa6,EMP001821,akash.gowda.1821@company.com,EMPLOYEE,default,False,2026-08-19T10:45:00.451216+00:00,2026-08-19T10:45:00.451216+00:00
6a858950e44c4693789d8aa7,EMP001884,reshma.mukherjee.1884@company.com,EMPLOYEE,default,False,2026-08-19T10:45:00.700957+00:00,2026-08-19T10:45:00.700957+00:00
6a858950e44c4693789d8aa8,EMP001891,simran.banerjee.1891@company.com,EMPLOYEE,default,False,2026-08-19T10:45:00.950897+00:00,2026-08-19T10:45:00.950897+00:00
6a858950e44c4693789d8aa9,EMP001899,aditya.pandey.1899@company.com,EMPLOYEE,default,False,2026-08-19T10:45:01.193257+00:00,2026-08-19T10:45:01.193257+00:00
6a858950e44c4693789d8aaa,EMP001921,krishna.gowda.1921@company.com,EMPLOYEE,default,False,2026-08-19T10:45:01.436347+00:00,2026-08-19T10:45:01.436347+00:00
6a858950e44c4693789d8aab,EMP001941,shreya.banerjee.1941@company.com,EMPLOYEE,default,False,2026-08-19T10:45:01.682609+00:00,2026-08-19T10:45:01.682609+00:00
6a858950e44c4693789d8aac,EMP001944,swathi.verma.1944@company.com,EMPLOYEE,default,False,2026-08-19T10:45:01.948630+00:00,2026-08-19T10:45:01.948630+00:00
6a858950e44c4693789d8aad,EMP001958,manasa.sen.1958@company.com,EMPLOYEE,default,False,2026-08-19T10:45:02.200817+00:00,2026-08-19T10:45:02.200817+00:00
6a858950e44c4693789d8aae,EMP001970,simran.sinha.1970@company.com,EMPLOYEE,default,False,2026-08-19T10:45:02.449457+00:00,2026-08-19T10:45:02.449457+00:00
6a858950e44c4693789d8aaf,EMP001988,deepa.kapoor.1988@company.com,EMPLOYEE,default,False,2026-08-19T10:45:02.709543+00:00,2026-08-19T10:45:02.709543+00:00
6a858950e44c4693789d8ab0,EMP001760,karan.joshi.1760@company.com,EMPLOYEE,default,False,2026-08-19T10:45:02.957018+00:00,2026-08-19T10:45:02.957018+00:00
6a858950e44c4693789d8ab1,EMP001782,sanjana.das.1782@company.com,EMPLOYEE,default,False,2026-08-19T10:45:03.201980+00:00,2026-08-19T10:45:03.201980+00:00
6a858950e44c4693789d8ab2,EMP001783,shreya.krishnan.1783@company.com,EMPLOYEE,default,False,2026-08-19T10:45:03.447104+00:00,2026-08-19T10:45:03.447104+00:00
6a858950e44c4693789d8ab3,EMP001792,zoya.yadav.1792@company.com,EMPLOYEE,default,False,2026-08-19T10:45:03.693852+00:00,2026-08-19T10:45:03.693852+00:00
6a858950e44c4693789d8ab4,EMP001798,keerthi.agarwal.1798@company.com,EMPLOYEE,default,False,2026-08-19T10:45:03.943944+00:00,2026-08-19T10:45:03.943944+00:00
6a858950e44c4693789d8ab5,EMP001800,manasa.fernandes.1800@company.com,EMPLOYEE,default,False,2026-08-19T10:45:04.198580+00:00,2026-08-19T10:45:04.198580+00:00
6a858950e44c4693789d8ab6,EMP001805,reshma.jain.1805@company.com,EMPLOYEE,default,False,2026-08-19T10:45:04.449540+00:00,2026-08-19T10:45:04.449540+00:00
6a858950e44c4693789d8ab7,EMP001828,bhavana.hegde.1828@company.com,EMPLOYEE,default,False,2026-08-19T10:45:04.716942+00:00,2026-08-19T10:45:04.716942+00:00
6a858950e44c4693789d8ab8,EMP001833,esha.krishnan.1833@company.com,EMPLOYEE,default,False,2026-08-19T10:45:04.974618+00:00,2026-08-19T10:45:04.974618+00:00
6a858950e44c4693789d8ab9,EMP001839,karan.bose.1839@company.com,EMPLOYEE,default,False,2026-08-19T10:45:05.226609+00:00,2026-08-19T10:45:05.226609+00:00
6a858950e44c4693789d8aba,EMP001845,meera.mehta.1845@company.com,EMPLOYEE,default,False,2026-08-19T10:45:05.477186+00:00,2026-08-19T10:45:05.477186+00:00
6a858950e44c4693789d8abb,EMP001872,abhinav.joseph.1872@company.com,EMPLOYEE,default,False,2026-08-19T10:45:05.726917+00:00,2026-08-19T10:45:05.726917+00:00
6a858950e44c4693789d8abc,EMP001888,shalini.kapoor.1888@company.com,EMPLOYEE,default,False,2026-08-19T10:45:06.012427+00:00,2026-08-19T10:45:06.012427+00:00
6a858950e44c4693789d8abd,EMP001907,bhavana.thomas.1907@company.com,EMPLOYEE,default,False,2026-08-19T10:45:06.274652+00:00,2026-08-19T10:45:06.274652+00:00
6a858950e44c4693789d8abe,EMP001908,chetan.sen.1908@company.com,EMPLOYEE,default,False,2026-08-19T10:45:06.532033+00:00,2026-08-19T10:45:06.532033+00:00
6a858950e44c4693789d8abf,EMP001920,kiran.sinha.1920@company.com,EMPLOYEE,default,False,2026-08-19T10:45:06.786141+00:00,2026-08-19T10:45:06.786141+00:00
6a858950e44c4693789d8ac0,EMP001943,srinivas.dsouza.1943@company.com,EMPLOYEE,default,False,2026-08-19T10:45:07.027008+00:00,2026-08-19T10:45:07.027008+00:00
6a858950e44c4693789d8ac1,EMP001947,vikram.shetty.1947@company.com,EMPLOYEE,default,False,2026-08-19T10:45:07.275458+00:00,2026-08-19T10:45:07.275458+00:00
6a858950e44c4693789d8ac2,EMP001753,diya.shah.1753@company.com,EMPLOYEE,default,False,2026-08-19T10:45:07.526795+00:00,2026-08-19T10:45:07.526795+00:00
6a858950e44c4693789d8ac3,EMP001759,jahnavi.rao.1759@company.com,EMPLOYEE,default,False,2026-08-19T10:45:07.774635+00:00,2026-08-19T10:45:07.774635+00:00
6a858950e44c4693789d8ac4,EMP001794,anjali.verma.1794@company.com,EMPLOYEE,default,False,2026-08-19T10:45:08.023546+00:00,2026-08-19T10:45:08.023546+00:00
6a858950e44c4693789d8ac5,EMP001799,madhav.pandey.1799@company.com,EMPLOYEE,default,False,2026-08-19T10:45:08.279032+00:00,2026-08-19T10:45:08.279032+00:00
6a858950e44c4693789d8ac6,EMP001836,isha.george.1836@company.com,EMPLOYEE,default,False,2026-08-19T10:45:08.523126+00:00,2026-08-19T10:45:08.523126+00:00
6a858950e44c4693789d8ac7,EMP001863,sneha.saxena.1863@company.com,EMPLOYEE,default,False,2026-08-19T10:45:08.767842+00:00,2026-08-19T10:45:08.767842+00:00
6a858950e44c4693789d8ac8,EMP001878,madhav.hegde.1878@company.com,EMPLOYEE,default,False,2026-08-19T10:45:09.016437+00:00,2026-08-19T10:45:09.016437+00:00
6a858950e44c4693789d8ac9,EMP001887,sameer.iyer.1887@company.com,EMPLOYEE,default,False,2026-08-19T10:45:09.267391+00:00,2026-08-19T10:45:09.267391+00:00
6a858950e44c4693789d8aca,EMP001896,vishal.pillai.1896@company.com,EMPLOYEE,default,False,2026-08-19T10:45:09.518417+00:00,2026-08-19T10:45:09.518417+00:00
6a858950e44c4693789d8acb,EMP001997,karan.shetty.1997@company.com,EMPLOYEE,default,False,2026-08-19T10:45:09.771073+00:00,2026-08-19T10:45:09.771073+00:00
6a858950e44c4693789d8acc,EMP001757,isha.thomas.1757@company.com,EMPLOYEE,default,False,2026-08-19T10:45:10.024776+00:00,2026-08-19T10:45:10.024776+00:00
6a858950e44c4693789d8acd,EMP001768,nandini.chopra.1768@company.com,EMPLOYEE,default,False,2026-08-19T10:45:10.266053+00:00,2026-08-19T10:45:10.266053+00:00
6a858950e44c4693789d8ace,EMP001777,rakesh.chatterjee.1777@company.com,EMPLOYEE,default,False,2026-08-19T10:45:10.510197+00:00,2026-08-19T10:45:10.510197+00:00
6a858950e44c4693789d8acf,EMP001823,amara.menon.1823@company.com,EMPLOYEE,default,False,2026-08-19T10:45:10.759324+00:00,2026-08-19T10:45:10.759324+00:00
6a858950e44c4693789d8ad0,EMP001838,jahnavi.kapoor.1838@company.com,EMPLOYEE,default,False,2026-08-19T10:45:11.010138+00:00,2026-08-19T10:45:11.010138+00:00
6a858950e44c4693789d8ad1,EMP001851,pooja.sharma.1851@company.com,EMPLOYEE,default,False,2026-08-19T10:45:11.257198+00:00,2026-08-19T10:45:11.257198+00:00
6a858950e44c4693789d8ad2,EMP001870,yash.sinha.1870@company.com,EMPLOYEE,default,False,2026-08-19T10:45:11.505778+00:00,2026-08-19T10:45:11.505778+00:00
6a858950e44c4693789d8ad3,EMP001902,amara.patel.1902@company.com,EMPLOYEE,default,False,2026-08-19T10:45:11.751754+00:00,2026-08-19T10:45:11.751754+00:00
6a858950e44c4693789d8ad4,EMP001904,arjun.bhat.1904@company.com,EMPLOYEE,default,False,2026-08-19T10:45:12.000338+00:00,2026-08-19T10:45:12.000338+00:00
6a858950e44c4693789d8ad5,EMP001906,ashwin.thakur.1906@company.com,EMPLOYEE,default,False,2026-08-19T10:45:12.248878+00:00,2026-08-19T10:45:12.248878+00:00
6a858950e44c4693789d8ad6,EMP001959,monica.rao.1959@company.com,EMPLOYEE,default,False,2026-08-19T10:45:12.489713+00:00,2026-08-19T10:45:12.489713+00:00
6a858950e44c4693789d8ad7,EMP001960,nithin.joshi.1960@company.com,EMPLOYEE,default,False,2026-08-19T10:45:12.730345+00:00,2026-08-19T10:45:12.730345+00:00
6a858950e44c4693789d8ad8,EMP001965,sakshi.roy.1965@company.com,EMPLOYEE,default,False,2026-08-19T10:45:12.980914+00:00,2026-08-19T10:45:12.980914+00:00
6a858950e44c4693789d8ad9,EMP001989,dev.bose.1989@company.com,EMPLOYEE,default,False,2026-08-19T10:45:13.226667+00:00,2026-08-19T10:45:13.226667+00:00
6a858950e44c4693789d8ada,EMP001996,jahnavi.pillai.1996@company.com,EMPLOYEE,default,False,2026-08-19T10:45:13.475128+00:00,2026-08-19T10:45:13.475128+00:00
6a858950e44c4693789d8adb,EMP001998,kavya.agarwal.1998@company.com,EMPLOYEE,default,False,2026-08-19T10:45:13.728064+00:00,2026-08-19T10:45:13.728064+00:00
6a858950e44c4693789d8adc,EMP001772,pooja.joseph.1772@company.com,EMPLOYEE,default,False,2026-08-19T10:45:13.973084+00:00,2026-08-19T10:45:13.973084+00:00
6a858950e44c4693789d8add,EMP001796,divya.pillai.1796@company.com,EMPLOYEE,default,False,2026-08-19T10:45:14.215805+00:00,2026-08-19T10:45:14.215805+00:00
6a858950e44c4693789d8ade,EMP001814,vaishnavi.prasad.1814@company.com,EMPLOYEE,default,False,2026-08-19T10:45:14.459375+00:00,2026-08-19T10:45:14.459375+00:00
6a858950e44c4693789d8adf,EMP001816,vidya.reddy.1816@company.com,EMPLOYEE,default,False,2026-08-19T10:45:14.709295+00:00,2026-08-19T10:45:14.709295+00:00
6a858950e44c4693789d8ae0,EMP001848,naveen.agarwal.1848@company.com,EMPLOYEE,default,False,2026-08-19T10:45:14.962126+00:00,2026-08-19T10:45:14.962126+00:00
6a858950e44c4693789d8ae1,EMP001852,pranav.patel.1852@company.com,EMPLOYEE,default,False,2026-08-19T10:45:15.215397+00:00,2026-08-19T10:45:15.215397+00:00
6a858950e44c4693789d8ae2,EMP001854,rahul.bhat.1854@company.com,EMPLOYEE,default,False,2026-08-19T10:45:15.466447+00:00,2026-08-19T10:45:15.466447+00:00
6a858950e44c4693789d8ae3,EMP001856,rakesh.thakur.1856@company.com,EMPLOYEE,default,False,2026-08-19T10:45:15.709784+00:00,2026-08-19T10:45:15.709784+00:00
6a858950e44c4693789d8ae4,EMP001866,tanvi.reddy.1866@company.com,EMPLOYEE,default,False,2026-08-19T10:45:15.952159+00:00,2026-08-19T10:45:15.952159+00:00
6a858950e44c4693789d8ae5,EMP001895,vidya.mehta.1895@company.com,EMPLOYEE,default,False,2026-08-19T10:45:16.201828+00:00,2026-08-19T10:45:16.201828+00:00
6a858950e44c4693789d8ae6,EMP001916,ishaan.reddy.1916@company.com,EMPLOYEE,default,False,2026-08-19T10:45:16.449468+00:00,2026-08-19T10:45:16.449468+00:00
6a858950e44c4693789d8ae7,EMP001937,rohit.iyer.1937@company.com,EMPLOYEE,default,False,2026-08-19T10:45:16.688834+00:00,2026-08-19T10:45:16.688834+00:00
6a858950e44c4693789d8ae8,EMP001995,ishaan.mehta.1995@company.com,EMPLOYEE,default,False,2026-08-19T10:45:16.933396+00:00,2026-08-19T10:45:16.933396+00:00
6a858950e44c4693789d8ae9,EMP001999,kiran.pandey.1999@company.com,EMPLOYEE,default,False,2026-08-19T10:45:17.182863+00:00,2026-08-19T10:45:17.182863+00:00
6a858950e44c4693789d8aea,EMP002000,krishna.fernandes.2000@company.com,EMPLOYEE,default,False,2026-08-19T10:45:17.447717+00:00,2026-08-19T10:45:17.447717+00:00
6a858950e44c4693789d8aeb,EMP001749,bhavana.pandey.1749@company.com,EMPLOYEE,default,False,2026-08-19T10:45:17.697553+00:00,2026-08-19T10:45:17.697553+00:00
6a858950e44c4693789d8aec,EMP001784,sneha.mukherjee.1784@company.com,EMPLOYEE,default,False,2026-08-19T10:45:17.941601+00:00,2026-08-19T10:45:17.941601+00:00
6a858950e44c4693789d8aed,EMP001791,yash.banerjee.1791@company.com,EMPLOYEE,default,False,2026-08-19T10:45:18.200550+00:00,2026-08-19T10:45:18.200550+00:00
6a858950e44c4693789d8aee,EMP001817,vishal.kumar.1817@company.com,EMPLOYEE,default,False,2026-08-19T10:45:18.450579+00:00,2026-08-19T10:45:18.450579+00:00
6a858950e44c4693789d8aef,EMP001829,chetan.mathew.1829@company.com,EMPLOYEE,default,False,2026-08-19T10:45:18.701439+00:00,2026-08-19T10:45:18.701439+00:00
6a858950e44c4693789d8af0,EMP001885,rohan.tripathi.1885@company.com,EMPLOYEE,default,False,2026-08-19T10:45:18.947771+00:00,2026-08-19T10:45:18.947771+00:00
6a858950e44c4693789d8af1,EMP001900,akash.fernandes.1900@company.com,EMPLOYEE,default,False,2026-08-19T10:45:19.242335+00:00,2026-08-19T10:45:19.242335+00:00
6a858950e44c4693789d8af2,EMP001911,diya.malhotra.1911@company.com,EMPLOYEE,default,False,2026-08-19T10:45:19.484546+00:00,2026-08-19T10:45:19.484546+00:00
6a858950e44c4693789d8af3,EMP001912,esha.kulkarni.1912@company.com,EMPLOYEE,default,False,2026-08-19T10:45:19.731635+00:00,2026-08-19T10:45:19.731635+00:00
6a858950e44c4693789d8af4,EMP001938,sahana.kapoor.1938@company.com,EMPLOYEE,default,False,2026-08-19T10:45:19.982298+00:00,2026-08-19T10:45:19.982298+00:00
6a858950e44c4693789d8af5,EMP001949,yash.pandey.1949@company.com,EMPLOYEE,default,False,2026-08-19T10:45:20.241799+00:00,2026-08-19T10:45:20.241799+00:00
6a858950e44c4693789d8af6,EMP001977,aditi.chatterjee.1977@company.com,EMPLOYEE,default,False,2026-08-19T10:45:20.500494+00:00,2026-08-19T10:45:20.500494+00:00
6a858950e44c4693789d8af7,EMP001992,gaurav.yadav.1992@company.com,EMPLOYEE,default,False,2026-08-19T10:45:20.749865+00:00,2026-08-19T10:45:20.749865+00:00
6a858950e44c4693789d8af8,EMP001993,harish.dsouza.1993@company.com,EMPLOYEE,default,False,2026-08-19T10:45:21.007830+00:00,2026-08-19T10:45:21.007830+00:00
6a858950e44c4693789d8af9,EMP001763,krishna.saxena.1763@company.com,EMPLOYEE,default,False,2026-08-19T10:45:21.250314+00:00,2026-08-19T10:45:21.250314+00:00
6a858950e44c4693789d8afa,EMP001766,meera.reddy.1766@company.com,EMPLOYEE,default,False,2026-08-19T10:45:21.499143+00:00,2026-08-19T10:45:21.499143+00:00
6a858950e44c4693789d8afb,EMP001801,monica.sharma.1801@company.com,EMPLOYEE,default,False,2026-08-19T10:45:21.743395+00:00,2026-08-19T10:45:21.743395+00:00
6a858950e44c4693789d8afc,EMP001806,rohan.thakur.1806@company.com,EMPLOYEE,default,False,2026-08-19T10:45:22.008215+00:00,2026-08-19T10:45:22.008215+00:00
6a858950e44c4693789d8afd,EMP001812,simran.kulkarni.1812@company.com,EMPLOYEE,default,False,2026-08-19T10:45:22.256113+00:00,2026-08-19T10:45:22.256113+00:00
6a858950e44c4693789d8afe,EMP001813,surya.saxena.1813@company.com,EMPLOYEE,default,False,2026-08-19T10:45:22.508626+00:00,2026-08-19T10:45:22.508626+00:00
6a858950e44c4693789d8aff,EMP001822,akshay.joseph.1822@company.com,EMPLOYEE,default,False,2026-08-19T10:45:22.756338+00:00,2026-08-19T10:45:22.756338+00:00
6a858950e44c4693789d8b00,EMP001830,deepa.nair.1830@company.com,EMPLOYEE,default,False,2026-08-19T10:45:23.084793+00:00,2026-08-19T10:45:23.084793+00:00
6a858950e44c4693789d8b01,EMP001835,harish.tripathi.1835@company.com,EMPLOYEE,default,False,2026-08-19T10:45:23.328212+00:00,2026-08-19T10:45:23.328212+00:00
6a858950e44c4693789d8b02,EMP001844,manish.verma.1844@company.com,EMPLOYEE,default,False,2026-08-19T10:45:23.576764+00:00,2026-08-19T10:45:23.576764+00:00
6a858950e44c4693789d8b03,EMP001861,sanjana.malhotra.1861@company.com,EMPLOYEE,default,False,2026-08-19T10:45:23.819344+00:00,2026-08-19T10:45:23.819344+00:00
6a858950e44c4693789d8b04,EMP001877,keerthi.chatterjee.1877@company.com,EMPLOYEE,default,False,2026-08-19T10:45:24.068136+00:00,2026-08-19T10:45:24.068136+00:00
6a858950e44c4693789d8b05,EMP001879,manasa.mathew.1879@company.com,EMPLOYEE,default,False,2026-08-19T10:45:24.316876+00:00,2026-08-19T10:45:24.316876+00:00
6a858950e44c4693789d8b06,EMP001898,aditi.agarwal.1898@company.com,EMPLOYEE,default,False,2026-08-19T10:45:24.591459+00:00,2026-08-19T10:45:24.591459+00:00
6a858950e44c4693789d8b07,EMP001918,karan.chopra.1918@company.com,EMPLOYEE,default,False,2026-08-19T10:45:24.848873+00:00,2026-08-19T10:45:24.848873+00:00
6a858950e44c4693789d8b08,EMP001929,nikhil.mathew.1929@company.com,EMPLOYEE,default,False,2026-08-19T10:45:25.132242+00:00,2026-08-19T10:45:25.132242+00:00
6a858950e44c4693789d8b09,EMP001936,riya.george.1936@company.com,EMPLOYEE,default,False,2026-08-19T10:45:25.408732+00:00,2026-08-19T10:45:25.408732+00:00
6a858950e44c4693789d8b0a,EMP001951,abhinav.sharma.1951@company.com,EMPLOYEE,default,False,2026-08-19T10:45:25.775951+00:00,2026-08-19T10:45:25.775951+00:00
6a858950e44c4693789d8b0b,EMP001957,madhav.thomas.1957@company.com,EMPLOYEE,default,False,2026-08-19T10:45:26.076061+00:00,2026-08-19T10:45:26.076061+00:00
6a858950e44c4693789d8b0c,EMP001973,vasudha.menon.1973@company.com,EMPLOYEE,default,False,2026-08-19T10:45:26.341664+00:00,2026-08-19T10:45:26.341664+00:00
6a858950e44c4693789d8b0d,EMP001974,vidya.singh.1974@company.com,EMPLOYEE,default,False,2026-08-19T10:45:26.606752+00:00,2026-08-19T10:45:26.606752+00:00
6a858950e44c4693789d8b0e,EMP001991,esha.banerjee.1991@company.com,EMPLOYEE,default,False,2026-08-19T10:45:26.867840+00:00,2026-08-19T10:45:26.867840+00:00
6a858950e44c4693789d8b0f,EMP001756,harish.thakur.1756@company.com,EMPLOYEE,default,False,2026-08-19T10:45:27.119987+00:00,2026-08-19T10:45:27.119987+00:00
6a858950e44c4693789d8b10,EMP001776,raj.varma.1776@company.com,EMPLOYEE,default,False,2026-08-19T10:45:27.364097+00:00,2026-08-19T10:45:27.364097+00:00
6a858950e44c4693789d8b11,EMP001779,rohit.mathew.1779@company.com,EMPLOYEE,default,False,2026-08-19T10:45:27.615834+00:00,2026-08-19T10:45:27.615834+00:00
6a858950e44c4693789d8b12,EMP001795,anirudh.mehta.1795@company.com,EMPLOYEE,default,False,2026-08-19T10:45:27.865722+00:00,2026-08-19T10:45:27.865722+00:00
6a858950e44c4693789d8b13,EMP001802,nithin.patel.1802@company.com,EMPLOYEE,default,False,2026-08-19T10:45:28.109824+00:00,2026-08-19T10:45:28.109824+00:00
6a858950e44c4693789d8b14,EMP001819,aditi.desai.1819@company.com,EMPLOYEE,default,False,2026-08-19T10:45:28.367226+00:00,2026-08-19T10:45:28.367226+00:00
6a858950e44c4693789d8b15,EMP001846,mohan.pillai.1846@company.com,EMPLOYEE,default,False,2026-08-19T10:45:28.615289+00:00,2026-08-19T10:45:28.615289+00:00
6a858950e44c4693789d8b16,EMP001847,nandini.shetty.1847@company.com,EMPLOYEE,default,False,2026-08-19T10:45:28.865745+00:00,2026-08-19T10:45:28.865745+00:00
6a858950e44c4693789d8b17,EMP001881,nithin.gupta.1881@company.com,EMPLOYEE,default,False,2026-08-19T10:45:29.115558+00:00,2026-08-19T10:45:29.115558+00:00
6a858950e44c4693789d8b18,EMP001893,vaishnavi.dsouza.1893@company.com,EMPLOYEE,default,False,2026-08-19T10:45:29.367717+00:00,2026-08-19T10:45:29.367717+00:00
6a858950e44c4693789d8b19,EMP001909,deepa.rao.1909@company.com,EMPLOYEE,default,False,2026-08-19T10:45:29.615888+00:00,2026-08-19T10:45:29.615888+00:00
6a858950e44c4693789d8b1a,EMP001915,isha.roy.1915@company.com,EMPLOYEE,default,False,2026-08-19T10:45:29.873731+00:00,2026-08-19T10:45:29.873731+00:00
6a858950e44c4693789d8b1b,EMP001917,jahnavi.kumar.1917@company.com,EMPLOYEE,default,False,2026-08-19T10:45:30.134963+00:00,2026-08-19T10:45:30.134963+00:00
6a858950e44c4693789d8b1c,EMP001919,kavya.desai.1919@company.com,EMPLOYEE,default,False,2026-08-19T10:45:30.376442+00:00,2026-08-19T10:45:30.376442+00:00
6a858950e44c4693789d8b1d,EMP001930,pooja.nair.1930@company.com,EMPLOYEE,default,False,2026-08-19T10:45:30.626316+00:00,2026-08-19T10:45:30.626316+00:00
6a858950e44c4693789d8b1e,EMP001950,zoya.fernandes.1950@company.com,EMPLOYEE,default,False,2026-08-19T10:45:30.876319+00:00,2026-08-19T10:45:30.876319+00:00
6a858950e44c4693789d8b1f,EMP001751,deepa.sharma.1751@company.com,EMPLOYEE,default,False,2026-08-19T10:45:31.126240+00:00,2026-08-19T10:45:31.126240+00:00
6a858950e44c4693789d8b20,EMP001762,kiran.kulkarni.1762@company.com,EMPLOYEE,default,False,2026-08-19T10:45:31.380912+00:00,2026-08-19T10:45:31.380912+00:00
6a858950e44c4693789d8b21,EMP001765,manish.roy.1765@company.com,EMPLOYEE,default,False,2026-08-19T10:45:31.632307+00:00,2026-08-19T10:45:31.632307+00:00
6a858950e44c4693789d8b22,EMP001787,tanvi.iyer.1787@company.com,EMPLOYEE,default,False,2026-08-19T10:45:31.877171+00:00,2026-08-19T10:45:31.877171+00:00
6a858950e44c4693789d8b23,EMP001788,varun.kapoor.1788@company.com,EMPLOYEE,default,False,2026-08-19T10:45:32.124775+00:00,2026-08-19T10:45:32.124775+00:00
6a858950e44c4693789d8b24,EMP001803,pallavi.shah.1803@company.com,EMPLOYEE,default,False,2026-08-19T10:45:32.368710+00:00,2026-08-19T10:45:32.368710+00:00
6a858950e44c4693789d8b25,EMP001820,aditya.sinha.1820@company.com,EMPLOYEE,default,False,2026-08-19T10:45:32.617504+00:00,2026-08-19T10:45:32.617504+00:00
6a858950e44c4693789d8b26,EMP001841,kiran.banerjee.1841@company.com,EMPLOYEE,default,False,2026-08-19T10:45:32.866003+00:00,2026-08-19T10:45:32.866003+00:00
6a858950e44c4693789d8b27,EMP001843,lakshmi.dsouza.1843@company.com,EMPLOYEE,default,False,2026-08-19T10:45:33.116314+00:00,2026-08-19T10:45:33.116314+00:00
6a858950e44c4693789d8b28,EMP001853,priya.shah.1853@company.com,EMPLOYEE,default,False,2026-08-19T10:45:33.365180+00:00,2026-08-19T10:45:33.365180+00:00
6a858950e44c4693789d8b29,EMP001865,swathi.roy.1865@company.com,EMPLOYEE,default,False,2026-08-19T10:45:33.614530+00:00,2026-08-19T10:45:33.614530+00:00
6a858950e44c4693789d8b2a,EMP001869,vivek.desai.1869@company.com,EMPLOYEE,default,False,2026-08-19T10:45:33.866935+00:00,2026-08-19T10:45:33.866935+00:00
6a858950e44c4693789d8b2b,EMP001873,anjali.menon.1873@company.com,EMPLOYEE,default,False,2026-08-19T10:45:34.108055+00:00,2026-08-19T10:45:34.108055+00:00
6a858950e44c4693789d8b2c,EMP001925,mohan.mishra.1925@company.com,EMPLOYEE,default,False,2026-08-19T10:45:34.357304+00:00,2026-08-19T10:45:34.357304+00:00
6a858950e44c4693789d8b2d,EMP001939,sanjay.bose.1939@company.com,EMPLOYEE,default,False,2026-08-19T10:45:34.608142+00:00,2026-08-19T10:45:34.608142+00:00
6a858950e44c4693789d8b2e,EMP001948,vivek.agarwal.1948@company.com,EMPLOYEE,default,False,2026-08-19T10:45:34.871843+00:00,2026-08-19T10:45:34.871843+00:00
6a858950e44c4693789d8b2f,EMP001987,chetan.iyer.1987@company.com,EMPLOYEE,default,False,2026-08-19T10:45:35.119425+00:00,2026-08-19T10:45:35.119425+00:00
6a858950e44c4693789d8b30,EMP001994,isha.verma.1994@company.com,EMPLOYEE,default,False,2026-08-19T10:45:35.365630+00:00,2026-08-19T10:45:35.365630+00:00
6a858950e44c4693789d8b31,EMP002007,neha.thomas.2007@company.com,EMPLOYEE,default,False,2026-08-19T10:45:35.609761+00:00,2026-08-19T10:45:35.609761+00:00
6a858950e44c4693789d8b32,EMP002011,priya.malhotra.2011@company.com,EMPLOYEE,default,False,2026-08-19T10:45:35.856012+00:00,2026-08-19T10:45:35.856012+00:00
6a8589dbe44c4693789d8b33,EMP002052,vasudha.patel.2052@company.com,EMPLOYEE,default,False,2026-08-19T10:45:38.401273+00:00,2026-08-19T10:45:38.401273+00:00
6a8589dbe44c4693789d8b34,EMP002066,chetan.reddy.2066@company.com,EMPLOYEE,default,False,2026-08-19T10:45:38.651298+00:00,2026-08-19T10:45:38.651298+00:00
6a8589dbe44c4693789d8b35,EMP002130,vaishnavi.nair.2130@company.com,EMPLOYEE,default,False,2026-08-19T10:45:38.907720+00:00,2026-08-19T10:45:38.907720+00:00
6a8589dbe44c4693789d8b36,EMP002135,aditi.tripathi.2135@company.com,EMPLOYEE,default,False,2026-08-19T10:45:39.158116+00:00,2026-08-19T10:45:39.158116+00:00
6a8589dbe44c4693789d8b37,EMP002137,akash.iyer.2137@company.com,EMPLOYEE,default,False,2026-08-19T10:45:39.407333+00:00,2026-08-19T10:45:39.407333+00:00
6a8589dbe44c4693789d8b38,EMP002147,dev.shetty.2147@company.com,EMPLOYEE,default,False,2026-08-19T10:45:39.659601+00:00,2026-08-19T10:45:39.659601+00:00
6a8589dbe44c4693789d8b39,EMP002160,manish.joshi.2160@company.com,EMPLOYEE,default,False,2026-08-19T10:45:39.922983+00:00,2026-08-19T10:45:39.922983+00:00
6a8589dbe44c4693789d8b3a,EMP002173,riya.menon.2173@company.com,EMPLOYEE,default,False,2026-08-19T10:45:40.255683+00:00,2026-08-19T10:45:40.255683+00:00
6a8589dbe44c4693789d8b3b,EMP002242,nandini.yadav.2242@company.com,EMPLOYEE,default,False,2026-08-19T10:45:40.507453+00:00,2026-08-19T10:45:40.507453+00:00
6a8589dbe44c4693789d8b3c,EMP002283,shalini.krishnan.2283@company.com,EMPLOYEE,default,False,2026-08-19T10:45:40.755852+00:00,2026-08-19T10:45:40.755852+00:00
6a8589dbe44c4693789d8b3d,EMP002287,surya.iyer.2287@company.com,EMPLOYEE,default,False,2026-08-19T10:45:41.008721+00:00,2026-08-19T10:45:41.008721+00:00
6a8589dbe44c4693789d8b3e,EMP002299,arjun.pandey.2299@company.com,EMPLOYEE,default,False,2026-08-19T10:45:41.251982+00:00,2026-08-19T10:45:41.251982+00:00
6a8589dbe44c4693789d8b3f,EMP002307,esha.thomas.2307@company.com,EMPLOYEE,default,False,2026-08-19T10:45:41.505103+00:00,2026-08-19T10:45:41.505103+00:00
6a8589dbe44c4693789d8b40,EMP002315,kiran.roy.2315@company.com,EMPLOYEE,default,False,2026-08-19T10:45:41.770453+00:00,2026-08-19T10:45:41.770453+00:00
6a8589dbe44c4693789d8b41,EMP002322,naveen.joseph.2322@company.com,EMPLOYEE,default,False,2026-08-19T10:45:42.042406+00:00,2026-08-19T10:45:42.042406+00:00
6a8589dbe44c4693789d8b42,EMP002327,priya.chatterjee.2327@company.com,EMPLOYEE,default,False,2026-08-19T10:45:42.317568+00:00,2026-08-19T10:45:42.317568+00:00
6a8589dbe44c4693789d8b43,EMP002345,zoya.mehta.2345@company.com,EMPLOYEE,default,False,2026-08-19T10:45:42.615075+00:00,2026-08-19T10:45:42.615075+00:00
6a8589dbe44c4693789d8b44,EMP002349,divya.pandey.2349@company.com,EMPLOYEE,default,False,2026-08-19T10:45:42.869153+00:00,2026-08-19T10:45:42.869153+00:00
6a8589dbe44c4693789d8b45,EMP002018,sanjay.chopra.2018@company.com,EMPLOYEE,default,False,2026-08-19T10:45:43.116678+00:00,2026-08-19T10:45:43.116678+00:00
6a8589dbe44c4693789d8b46,EMP002039,nithin.bose.2039@company.com,EMPLOYEE,default,False,2026-08-19T10:45:43.365474+00:00,2026-08-19T10:45:43.365474+00:00
6a8589dbe44c4693789d8b47,EMP002040,pallavi.naidu.2040@company.com,EMPLOYEE,default,False,2026-08-19T10:45:43.643140+00:00,2026-08-19T10:45:43.643140+00:00
6a8589dbe44c4693789d8b48,EMP002056,aditi.thakur.2056@company.com,EMPLOYEE,default,False,2026-08-19T10:45:43.908119+00:00,2026-08-19T10:45:43.908119+00:00
6a8589dbe44c4693789d8b49,EMP002061,ananya.malhotra.2061@company.com,EMPLOYEE,default,False,2026-08-19T10:45:44.163779+00:00,2026-08-19T10:45:44.163779+00:00
6a8589dbe44c4693789d8b4a,EMP002076,karan.varma.2076@company.com,EMPLOYEE,default,False,2026-08-19T10:45:44.423289+00:00,2026-08-19T10:45:44.423289+00:00
6a8589dbe44c4693789d8b4b,EMP002079,krishna.mathew.2079@company.com,EMPLOYEE,default,False,2026-08-19T10:45:44.683469+00:00,2026-08-19T10:45:44.683469+00:00
6a8589dbe44c4693789d8b4c,EMP002098,sanjana.agarwal.2098@company.com,EMPLOYEE,default,False,2026-08-19T10:45:44.941965+00:00,2026-08-19T10:45:44.941965+00:00
6a8589dbe44c4693789d8b4d,EMP002107,yash.thomas.2107@company.com,EMPLOYEE,default,False,2026-08-19T10:45:45.206475+00:00,2026-08-19T10:45:45.206475+00:00
6a8589dbe44c4693789d8b4e,EMP002167,pooja.kumar.2167@company.com,EMPLOYEE,default,False,2026-08-19T10:45:45.458816+00:00,2026-08-19T10:45:45.458816+00:00
6a8589dbe44c4693789d8b4f,EMP002168,pranav.chopra.2168@company.com,EMPLOYEE,default,False,2026-08-19T10:45:45.731711+00:00,2026-08-19T10:45:45.731711+00:00
6a8589dbe44c4693789d8b50,EMP002191,divya.banerjee.2191@company.com,EMPLOYEE,default,False,2026-08-19T10:45:45.984446+00:00,2026-08-19T10:45:45.984446+00:00
6a8589dbe44c4693789d8b51,EMP002220,arjun.sinha.2220@company.com,EMPLOYEE,default,False,2026-08-19T10:45:46.249209+00:00,2026-08-19T10:45:46.249209+00:00
6a8589dbe44c4693789d8b52,EMP002221,arnav.gowda.2221@company.com,EMPLOYEE,default,False,2026-08-19T10:45:46.515422+00:00,2026-08-19T10:45:46.515422+00:00
6a8589dbe44c4693789d8b53,EMP002224,chetan.singh.2224@company.com,EMPLOYEE,default,False,2026-08-19T10:45:46.765686+00:00,2026-08-19T10:45:46.765686+00:00
6a8589dbe44c4693789d8b54,EMP002235,kavya.tripathi.2235@company.com,EMPLOYEE,default,False,2026-08-19T10:45:47.022558+00:00,2026-08-19T10:45:47.022558+00:00
6a8589dbe44c4693789d8b55,EMP002238,lakshmi.kapoor.2238@company.com,EMPLOYEE,default,False,2026-08-19T10:45:47.267870+00:00,2026-08-19T10:45:47.267870+00:00
6a8589dbe44c4693789d8b56,EMP002250,raj.fernandes.2250@company.com,EMPLOYEE,default,False,2026-08-19T10:45:47.525870+00:00,2026-08-19T10:45:47.525870+00:00
6a8589dbe44c4693789d8b57,EMP002259,srinivas.rao.2259@company.com,EMPLOYEE,default,False,2026-08-19T10:45:47.772890+00:00,2026-08-19T10:45:47.772890+00:00
6a8589dbe44c4693789d8b58,EMP002264,vivek.prasad.2264@company.com,EMPLOYEE,default,False,2026-08-19T10:45:48.025655+00:00,2026-08-19T10:45:48.025655+00:00
6a8589dbe44c4693789d8b59,EMP002276,nithin.varma.2276@company.com,EMPLOYEE,default,False,2026-08-19T10:45:48.282800+00:00,2026-08-19T10:45:48.282800+00:00
6a8589dbe44c4693789d8b5a,EMP002297,amara.shetty.2297@company.com,EMPLOYEE,default,False,2026-08-19T10:45:48.534619+00:00,2026-08-19T10:45:48.534619+00:00
6a8589dbe44c4693789d8b5b,EMP002302,bhavana.patel.2302@company.com,EMPLOYEE,default,False,2026-08-19T10:45:48.839153+00:00,2026-08-19T10:45:48.839153+00:00
6a8589dbe44c4693789d8b5c,EMP002319,meera.desai.2319@company.com,EMPLOYEE,default,False,2026-08-19T10:45:49.123200+00:00,2026-08-19T10:45:49.123200+00:00
6a8589dbe44c4693789d8b5d,EMP002361,sameer.malhotra.2361@company.com,EMPLOYEE,default,False,2026-08-19T10:45:49.373973+00:00,2026-08-19T10:45:49.373973+00:00
6a8589dbe44c4693789d8b5e,EMP002363,shyam.saxena.2363@company.com,EMPLOYEE,default,False,2026-08-19T10:45:49.632620+00:00,2026-08-19T10:45:49.632620+00:00
6a8589dbe44c4693789d8b5f,EMP002029,zoya.mathew.2029@company.com,EMPLOYEE,default,False,2026-08-19T10:45:49.907883+00:00,2026-08-19T10:45:49.907883+00:00
6a8589dbe44c4693789d8b60,EMP002032,anirudh.das.2032@company.com,EMPLOYEE,default,False,2026-08-19T10:45:50.178826+00:00,2026-08-19T10:45:50.178826+00:00
6a8589dbe44c4693789d8b61,EMP002045,sameer.mehta.2045@company.com,EMPLOYEE,default,False,2026-08-19T10:45:50.417035+00:00,2026-08-19T10:45:50.417035+00:00
6a8589dbe44c4693789d8b62,EMP002065,bhavana.roy.2065@company.com,EMPLOYEE,default,False,2026-08-19T10:45:50.661362+00:00,2026-08-19T10:45:50.661362+00:00
6a8589dbe44c4693789d8b63,EMP002069,diya.desai.2069@company.com,EMPLOYEE,default,False,2026-08-19T10:45:50.910178+00:00,2026-08-19T10:45:50.910178+00:00
6a8589dbe44c4693789d8b64,EMP002087,nikhil.iyer.2087@company.com,EMPLOYEE,default,False,2026-08-19T10:45:51.165676+00:00,2026-08-19T10:45:51.165676+00:00
6a8589dbe44c4693789d8b65,EMP002092,raj.yadav.2092@company.com,EMPLOYEE,default,False,2026-08-19T10:45:51.417937+00:00,2026-08-19T10:45:51.417937+00:00
6a8589dbe44c4693789d8b66,EMP002097,sanjay.shetty.2097@company.com,EMPLOYEE,default,False,2026-08-19T10:45:51.690453+00:00,2026-08-19T10:45:51.690453+00:00
6a8589dbe44c4693789d8b67,EMP002117,monica.kumar.2117@company.com,EMPLOYEE,default,False,2026-08-19T10:45:51.948800+00:00,2026-08-19T10:45:51.948800+00:00
6a8589dbe44c4693789d8b68,EMP002146,deepa.pillai.2146@company.com,EMPLOYEE,default,False,2026-08-19T10:45:52.199645+00:00,2026-08-19T10:45:52.199645+00:00
6a8589dbe44c4693789d8b69,EMP002148,diya.agarwal.2148@company.com,EMPLOYEE,default,False,2026-08-19T10:45:52.450943+00:00,2026-08-19T10:45:52.450943+00:00
6a8589dbe44c4693789d8b6a,EMP002152,isha.patel.2152@company.com,EMPLOYEE,default,False,2026-08-19T10:45:52.706622+00:00,2026-08-19T10:45:52.706622+00:00
6a8589dbe44c4693789d8b6b,EMP002157,kiran.thomas.2157@company.com,EMPLOYEE,default,False,2026-08-19T10:45:52.959455+00:00,2026-08-19T10:45:52.959455+00:00
6a8589dbe44c4693789d8b6c,EMP002171,raj.gowda.2171@company.com,EMPLOYEE,default,False,2026-08-19T10:45:53.209757+00:00,2026-08-19T10:45:53.209757+00:00
6a8589dbe44c4693789d8b6d,EMP002185,vivek.tripathi.2185@company.com,EMPLOYEE,default,False,2026-08-19T10:45:53.456970+00:00,2026-08-19T10:45:53.456970+00:00
6a8589dbe44c4693789d8b6e,EMP002256,sanjana.thakur.2256@company.com,EMPLOYEE,default,False,2026-08-19T10:45:53.723662+00:00,2026-08-19T10:45:53.723662+00:00
6a8589dbe44c4693789d8b6f,EMP002266,zoya.reddy.2266@company.com,EMPLOYEE,default,False,2026-08-19T10:45:54.023279+00:00,2026-08-19T10:45:54.023279+00:00
6a8589dbe44c4693789d8b70,EMP002272,keerthi.joseph.2272@company.com,EMPLOYEE,default,False,2026-08-19T10:45:54.305229+00:00,2026-08-19T10:45:54.305229+00:00
6a8589dbe44c4693789d8b71,EMP002286,simran.george.2286@company.com,EMPLOYEE,default,False,2026-08-19T10:45:54.557604+00:00,2026-08-19T10:45:54.557604+00:00
6a8589dbe44c4693789d8b72,EMP002310,isha.joshi.2310@company.com,EMPLOYEE,default,False,2026-08-19T10:45:54.822722+00:00,2026-08-19T10:45:54.822722+00:00
6a8589dbe44c4693789d8b73,EMP002325,pooja.mishra.2325@company.com,EMPLOYEE,default,False,2026-08-19T10:45:55.074020+00:00,2026-08-19T10:45:55.074020+00:00
6a8589dbe44c4693789d8b74,EMP002337,sneha.iyer.2337@company.com,EMPLOYEE,default,False,2026-08-19T10:45:55.324794+00:00,2026-08-19T10:45:55.324794+00:00
6a8589dbe44c4693789d8b75,EMP002343,vivek.dsouza.2343@company.com,EMPLOYEE,default,False,2026-08-19T10:45:55.579384+00:00,2026-08-19T10:45:55.579384+00:00
6a8589dbe44c4693789d8b76,EMP002057,aditya.thomas.2057@company.com,EMPLOYEE,default,False,2026-08-19T10:45:55.829194+00:00,2026-08-19T10:45:55.829194+00:00
6a8589dbe44c4693789d8b77,EMP002075,jahnavi.mishra.2075@company.com,EMPLOYEE,default,False,2026-08-19T10:45:56.068249+00:00,2026-08-19T10:45:56.068249+00:00
6a8589dbe44c4693789d8b78,EMP002164,naveen.prasad.2164@company.com,EMPLOYEE,default,False,2026-08-19T10:45:56.315656+00:00,2026-08-19T10:45:56.315656+00:00
6a8589dbe44c4693789d8b79,EMP002165,neha.roy.2165@company.com,EMPLOYEE,default,False,2026-08-19T10:45:56.573285+00:00,2026-08-19T10:45:56.573285+00:00
6a8589dbe44c4693789d8b7a,EMP002176,sanjay.varma.2176@company.com,EMPLOYEE,default,False,2026-08-19T10:45:56.823418+00:00,2026-08-19T10:45:56.823418+00:00
6a8589dbe44c4693789d8b7b,EMP002177,sanjana.chatterjee.2177@company.com,EMPLOYEE,default,False,2026-08-19T10:45:57.073255+00:00,2026-08-19T10:45:57.073255+00:00
6a8589dbe44c4693789d8b7c,EMP002183,varun.krishnan.2183@company.com,EMPLOYEE,default,False,2026-08-19T10:45:57.332089+00:00,2026-08-19T10:45:57.332089+00:00
6a8589dbe44c4693789d8b7d,EMP002199,pradeep.pandey.2199@company.com,EMPLOYEE,default,False,2026-08-19T10:45:57.581000+00:00,2026-08-19T10:45:57.581000+00:00
6a8589dbe44c4693789d8b7e,EMP002214,aditi.prasad.2214@company.com,EMPLOYEE,default,False,2026-08-19T10:45:57.825655+00:00,2026-08-19T10:45:57.825655+00:00
6a8589dbe44c4693789d8b7f,EMP002232,ishaan.das.2232@company.com,EMPLOYEE,default,False,2026-08-19T10:45:58.075664+00:00,2026-08-19T10:45:58.075664+00:00
6a8589dbe44c4693789d8b80,EMP002244,neha.verma.2244@company.com,EMPLOYEE,default,False,2026-08-19T10:45:58.325954+00:00,2026-08-19T10:45:58.325954+00:00
6a8589dbe44c4693789d8b81,EMP002267,abhinav.kumar.2267@company.com,EMPLOYEE,default,False,2026-08-19T10:45:58.574936+00:00,2026-08-19T10:45:58.574936+00:00
6a8589dbe44c4693789d8b82,EMP002285,siddharth.tripathi.2285@company.com,EMPLOYEE,default,False,2026-08-19T10:45:58.822714+00:00,2026-08-19T10:45:58.822714+00:00
6a8589dbe44c4693789d8b83,EMP002290,vidya.naidu.2290@company.com,EMPLOYEE,default,False,2026-08-19T10:45:59.066601+00:00,2026-08-19T10:45:59.066601+00:00
6a8589dbe44c4693789d8b84,EMP002293,aditi.dsouza.2293@company.com,EMPLOYEE,default,False,2026-08-19T10:45:59.330288+00:00,2026-08-19T10:45:59.330288+00:00
6a8589dbe44c4693789d8b85,EMP002295,akash.mehta.2295@company.com,EMPLOYEE,default,False,2026-08-19T10:45:59.614766+00:00,2026-08-19T10:45:59.614766+00:00
6a8589dbe44c4693789d8b86,EMP002308,gaurav.sen.2308@company.com,EMPLOYEE,default,False,2026-08-19T10:46:00.527745+00:00,2026-08-19T10:46:00.527745+00:00
6a8589dbe44c4693789d8b87,EMP002320,mohan.sinha.2320@company.com,EMPLOYEE,default,False,2026-08-19T10:46:00.835112+00:00,2026-08-19T10:46:00.835112+00:00
6a8589dbe44c4693789d8b88,EMP002328,rahul.hegde.2328@company.com,EMPLOYEE,default,False,2026-08-19T10:46:01.282128+00:00,2026-08-19T10:46:01.282128+00:00
6a8589dbe44c4693789d8b89,EMP002350,harini.fernandes.2350@company.com,EMPLOYEE,default,False,2026-08-19T10:46:01.577847+00:00,2026-08-19T10:46:01.577847+00:00
6a8589dbe44c4693789d8b8a,EMP002010,pranav.joshi.2010@company.com,EMPLOYEE,default,False,2026-08-19T10:46:02.033564+00:00,2026-08-19T10:46:02.033564+00:00
6a8589dbe44c4693789d8b8b,EMP002020,shreya.sinha.2020@company.com,EMPLOYEE,default,False,2026-08-19T10:46:02.367464+00:00,2026-08-19T10:46:02.367464+00:00
6a8589dbe44c4693789d8b8c,EMP002028,yash.hegde.2028@company.com,EMPLOYEE,default,False,2026-08-19T10:46:02.629777+00:00,2026-08-19T10:46:02.629777+00:00
6a8589dbe44c4693789d8b8d,EMP002123,sakshi.menon.2123@company.com,EMPLOYEE,default,False,2026-08-19T10:46:02.914103+00:00,2026-08-19T10:46:02.914103+00:00
6a8589dbe44c4693789d8b8e,EMP002124,sameer.singh.2124@company.com,EMPLOYEE,default,False,2026-08-19T10:46:03.161785+00:00,2026-08-19T10:46:03.161785+00:00
6a8589dbe44c4693789d8b8f,EMP002150,gaurav.fernandes.2150@company.com,EMPLOYEE,default,False,2026-08-19T10:46:03.407605+00:00,2026-08-19T10:46:03.407605+00:00
6a8589dbe44c4693789d8b90,EMP002153,ishaan.shah.2153@company.com,EMPLOYEE,default,False,2026-08-19T10:46:03.654632+00:00,2026-08-19T10:46:03.654632+00:00
6a8589dbe44c4693789d8b91,EMP002175,sahana.mishra.2175@company.com,EMPLOYEE,default,False,2026-08-19T10:46:03.909037+00:00,2026-08-19T10:46:03.909037+00:00
6a8589dbe44c4693789d8b92,EMP002184,vikram.mukherjee.2184@company.com,EMPLOYEE,default,False,2026-08-19T10:46:04.158022+00:00,2026-08-19T10:46:04.158022+00:00
6a8589dbe44c4693789d8b93,EMP002203,sameer.shah.2203@company.com,EMPLOYEE,default,False,2026-08-19T10:46:04.411663+00:00,2026-08-19T10:46:04.411663+00:00
6a8589dbe44c4693789d8b94,EMP002204,shalini.bhat.2204@company.com,EMPLOYEE,default,False,2026-08-19T10:46:04.659940+00:00,2026-08-19T10:46:04.659940+00:00
6a8589dbe44c4693789d8b95,EMP002225,deepa.mishra.2225@company.com,EMPLOYEE,default,False,2026-08-19T10:46:04.907939+00:00,2026-08-19T10:46:04.907939+00:00
6a8589dbe44c4693789d8b96,EMP002247,pranav.shetty.2247@company.com,EMPLOYEE,default,False,2026-08-19T10:46:05.159038+00:00,2026-08-19T10:46:05.159038+00:00
6a8589dbe44c4693789d8b97,EMP002251,rakesh.sharma.2251@company.com,EMPLOYEE,default,False,2026-08-19T10:46:05.417356+00:00,2026-08-19T10:46:05.417356+00:00
6a8589dbe44c4693789d8b98,EMP002275,monica.mishra.2275@company.com,EMPLOYEE,default,False,2026-08-19T10:46:05.660839+00:00,2026-08-19T10:46:05.660839+00:00
6a8589dbe44c4693789d8b99,EMP002279,reshma.mathew.2279@company.com,EMPLOYEE,default,False,2026-08-19T10:46:05.922322+00:00,2026-08-19T10:46:05.922322+00:00
6a8589dbe44c4693789d8b9a,EMP002282,sameer.das.2282@company.com,EMPLOYEE,default,False,2026-08-19T10:46:06.172735+00:00,2026-08-19T10:46:06.172735+00:00
6a8589dbe44c4693789d8b9b,EMP002301,ashwin.sharma.2301@company.com,EMPLOYEE,default,False,2026-08-19T10:46:06.426064+00:00,2026-08-19T10:46:06.426064+00:00
6a8589dbe44c4693789d8b9c,EMP002321,nandini.gowda.2321@company.com,EMPLOYEE,default,False,2026-08-19T10:46:06.667373+00:00,2026-08-19T10:46:06.667373+00:00
6a8589dbe44c4693789d8b9d,EMP002352,madhav.patel.2352@company.com,EMPLOYEE,default,False,2026-08-19T10:46:06.913520+00:00,2026-08-19T10:46:06.913520+00:00
6a8589dbe44c4693789d8b9e,EMP002357,pradeep.thomas.2357@company.com,EMPLOYEE,default,False,2026-08-19T10:46:07.159311+00:00,2026-08-19T10:46:07.159311+00:00
6a8589dbe44c4693789d8b9f,EMP002360,sakshi.joshi.2360@company.com,EMPLOYEE,default,False,2026-08-19T10:46:07.421957+00:00,2026-08-19T10:46:07.421957+00:00
6a8589dbe44c4693789d8ba0,EMP002362,shalini.kulkarni.2362@company.com,EMPLOYEE,default,False,2026-08-19T10:46:07.667517+00:00,2026-08-19T10:46:07.667517+00:00
6a8589dbe44c4693789d8ba1,EMP002019,sanjana.desai.2019@company.com,EMPLOYEE,default,False,2026-08-19T10:46:07.926229+00:00,2026-08-19T10:46:07.926229+00:00
6a8589dbe44c4693789d8ba2,EMP002025,varun.mishra.2025@company.com,EMPLOYEE,default,False,2026-08-19T10:46:08.178314+00:00,2026-08-19T10:46:08.178314+00:00
6a8589dbe44c4693789d8ba3,EMP002030,abhinav.nair.2030@company.com,EMPLOYEE,default,False,2026-08-19T10:46:08.425142+00:00,2026-08-19T10:46:08.425142+00:00
6a8589dbe44c4693789d8ba4,EMP002038,monica.kapoor.2038@company.com,EMPLOYEE,default,False,2026-08-19T10:46:08.675586+00:00,2026-08-19T10:46:08.675586+00:00
6a8589dbe44c4693789d8ba5,EMP002046,shalini.pillai.2046@company.com,EMPLOYEE,default,False,2026-08-19T10:46:08.918142+00:00,2026-08-19T10:46:08.918142+00:00
6a8589dbe44c4693789d8ba6,EMP002048,siddharth.agarwal.2048@company.com,EMPLOYEE,default,False,2026-08-19T10:46:09.167588+00:00,2026-08-19T10:46:09.167588+00:00
6a8589dbe44c4693789d8ba7,EMP002060,amara.joshi.2060@company.com,EMPLOYEE,default,False,2026-08-19T10:46:09.412730+00:00,2026-08-19T10:46:09.412730+00:00
6a8589dbe44c4693789d8ba8,EMP002085,naveen.tripathi.2085@company.com,EMPLOYEE,default,False,2026-08-19T10:46:09.678345+00:00,2026-08-19T10:46:09.678345+00:00
6a8589dbe44c4693789d8ba9,EMP002088,pooja.kapoor.2088@company.com,EMPLOYEE,default,False,2026-08-19T10:46:09.926583+00:00,2026-08-19T10:46:09.926583+00:00
6a8589dbe44c4693789d8baa,EMP002131,vasudha.gupta.2131@company.com,EMPLOYEE,default,False,2026-08-19T10:46:10.192169+00:00,2026-08-19T10:46:10.192169+00:00
6a8589dbe44c4693789d8bab,EMP002142,arnav.yadav.2142@company.com,EMPLOYEE,default,False,2026-08-19T10:46:10.433402+00:00,2026-08-19T10:46:10.433402+00:00
6a8589dbe44c4693789d8bac,EMP002170,rahul.sinha.2170@company.com,EMPLOYEE,default,False,2026-08-19T10:46:10.689898+00:00,2026-08-19T10:46:10.689898+00:00
6a8589dbe44c4693789d8bad,EMP002190,anirudh.naidu.2190@company.com,EMPLOYEE,default,False,2026-08-19T10:46:10.936965+00:00,2026-08-19T10:46:10.936965+00:00
6a8589dbe44c4693789d8bae,EMP002198,pallavi.agarwal.2198@company.com,EMPLOYEE,default,False,2026-08-19T10:46:11.195557+00:00,2026-08-19T10:46:11.195557+00:00
6a8589dbe44c4693789d8baf,EMP002211,vidya.malhotra.2211@company.com,EMPLOYEE,default,False,2026-08-19T10:46:11.449926+00:00,2026-08-19T10:46:11.449926+00:00
6a8589dbe44c4693789d8bb0,EMP002240,meera.naidu.2240@company.com,EMPLOYEE,default,False,2026-08-19T10:46:11.700486+00:00,2026-08-19T10:46:11.700486+00:00
6a8589dbe44c4693789d8bb1,EMP002255,sanjay.jain.2255@company.com,EMPLOYEE,default,False,2026-08-19T10:46:11.950903+00:00,2026-08-19T10:46:11.950903+00:00
6a8589dbe44c4693789d8bb2,EMP002257,shreya.thomas.2257@company.com,EMPLOYEE,default,False,2026-08-19T10:46:12.197102+00:00,2026-08-19T10:46:12.197102+00:00
6a8589dbe44c4693789d8bb3,EMP002318,manish.chopra.2318@company.com,EMPLOYEE,default,False,2026-08-19T10:46:12.444086+00:00,2026-08-19T10:46:12.444086+00:00
6a8589dbe44c4693789d8bb4,EMP002334,sanjay.mukherjee.2334@company.com,EMPLOYEE,default,False,2026-08-19T10:46:12.687250+00:00,2026-08-19T10:46:12.687250+00:00
6a8589dbe44c4693789d8bb5,EMP002344,yash.verma.2344@company.com,EMPLOYEE,default,False,2026-08-19T10:46:12.933271+00:00,2026-08-19T10:46:12.933271+00:00
6a8589dbe44c4693789d8bb6,EMP002353,manasa.shah.2353@company.com,EMPLOYEE,default,False,2026-08-19T10:46:13.176020+00:00,2026-08-19T10:46:13.176020+00:00
6a8589dbe44c4693789d8bb7,EMP002370,vishal.sinha.2370@company.com,EMPLOYEE,default,False,2026-08-19T10:46:13.426998+00:00,2026-08-19T10:46:13.426998+00:00
6a8589dbe44c4693789d8bb8,EMP002006,naveen.thakur.2006@company.com,EMPLOYEE,default,False,2026-08-19T10:46:13.677055+00:00,2026-08-19T10:46:13.677055+00:00
6a8589dbe44c4693789d8bb9,EMP002026,vikram.varma.2026@company.com,EMPLOYEE,default,False,2026-08-19T10:46:13.928369+00:00,2026-08-19T10:46:13.928369+00:00
6a8589dbe44c4693789d8bba,EMP002035,keerthi.tripathi.2035@company.com,EMPLOYEE,default,False,2026-08-19T10:46:14.168516+00:00,2026-08-19T10:46:14.168516+00:00
6a8589dbe44c4693789d8bbb,EMP002070,esha.sinha.2070@company.com,EMPLOYEE,default,False,2026-08-19T10:46:14.490153+00:00,2026-08-19T10:46:14.490153+00:00
6a8589dbe44c4693789d8bbc,EMP002078,kiran.hegde.2078@company.com,EMPLOYEE,default,False,2026-08-19T10:46:14.775293+00:00,2026-08-19T10:46:14.775293+00:00
6a8589dbe44c4693789d8bbd,EMP002084,nandini.mukherjee.2084@company.com,EMPLOYEE,default,False,2026-08-19T10:46:15.021340+00:00,2026-08-19T10:46:15.021340+00:00
6a8589dbe44c4693789d8bbe,EMP002100,sneha.fernandes.2100@company.com,EMPLOYEE,default,False,2026-08-19T10:46:15.279077+00:00,2026-08-19T10:46:15.279077+00:00
6a8589dbe44c4693789d8bbf,EMP002101,srinivas.sharma.2101@company.com,EMPLOYEE,default,False,2026-08-19T10:46:15.547552+00:00,2026-08-19T10:46:15.547552+00:00
6a8589dbe44c4693789d8bc0,EMP002116,manasa.reddy.2116@company.com,EMPLOYEE,default,False,2026-08-19T10:46:15.813869+00:00,2026-08-19T10:46:15.813869+00:00
6a8589dbe44c4693789d8bc1,EMP002121,reshma.gowda.2121@company.com,EMPLOYEE,default,False,2026-08-19T10:46:16.093520+00:00,2026-08-19T10:46:16.093520+00:00
6a8589dbe44c4693789d8bc2,EMP002122,rohan.joseph.2122@company.com,EMPLOYEE,default,False,2026-08-19T10:46:16.360354+00:00,2026-08-19T10:46:16.360354+00:00
6a8589dbe44c4693789d8bc3,EMP002129,surya.mathew.2129@company.com,EMPLOYEE,default,False,2026-08-19T10:46:16.627007+00:00,2026-08-19T10:46:16.627007+00:00
6a8589dbe44c4693789d8bc4,EMP002151,harish.sharma.2151@company.com,EMPLOYEE,default,False,2026-08-19T10:46:16.877941+00:00,2026-08-19T10:46:16.877941+00:00
6a8589dbe44c4693789d8bc5,EMP002161,meera.malhotra.2161@company.com,EMPLOYEE,default,False,2026-08-19T10:46:17.138738+00:00,2026-08-19T10:46:17.138738+00:00
6a8589dbe44c4693789d8bc6,EMP002195,manasa.mehta.2195@company.com,EMPLOYEE,default,False,2026-08-19T10:46:17.392586+00:00,2026-08-19T10:46:17.392586+00:00
6a8589dbe44c4693789d8bc7,EMP002208,surya.sen.2208@company.com,EMPLOYEE,default,False,2026-08-19T10:46:17.662970+00:00,2026-08-19T10:46:17.662970+00:00
6a8589dbe44c4693789d8bc8,EMP002210,vasudha.joshi.2210@company.com,EMPLOYEE,default,False,2026-08-19T10:46:17.925610+00:00,2026-08-19T10:46:17.925610+00:00
6a8589dbe44c4693789d8bc9,EMP002213,aarav.saxena.2213@company.com,EMPLOYEE,default,False,2026-08-19T10:46:18.221012+00:00,2026-08-19T10:46:18.221012+00:00
6a8589dbe44c4693789d8bca,EMP002226,dev.varma.2226@company.com,EMPLOYEE,default,False,2026-08-19T10:46:18.517147+00:00,2026-08-19T10:46:18.517147+00:00
6a8589dbe44c4693789d8bcb,EMP002234,karan.mukherjee.2234@company.com,EMPLOYEE,default,False,2026-08-19T10:46:18.831585+00:00,2026-08-19T10:46:18.831585+00:00
6a8589dbe44c4693789d8bcc,EMP002249,rahul.pandey.2249@company.com,EMPLOYEE,default,False,2026-08-19T10:46:19.120853+00:00,2026-08-19T10:46:19.120853+00:00
6a8589dbe44c4693789d8bcd,EMP002268,anjali.chopra.2268@company.com,EMPLOYEE,default,False,2026-08-19T10:46:19.440050+00:00,2026-08-19T10:46:19.440050+00:00
6a8589dbe44c4693789d8bce,EMP002291,vishal.banerjee.2291@company.com,EMPLOYEE,default,False,2026-08-19T10:46:19.713597+00:00,2026-08-19T10:46:19.713597+00:00
6a8589dbe44c4693789d8bcf,EMP002314,kavya.prasad.2314@company.com,EMPLOYEE,default,False,2026-08-19T10:46:20.019052+00:00,2026-08-19T10:46:20.019052+00:00
6a8589dbe44c4693789d8bd0,EMP002323,neha.menon.2323@company.com,EMPLOYEE,default,False,2026-08-19T10:46:20.295996+00:00,2026-08-19T10:46:20.295996+00:00
6a8589dbe44c4693789d8bd1,EMP002342,vikram.yadav.2342@company.com,EMPLOYEE,default,False,2026-08-19T10:46:20.647767+00:00,2026-08-19T10:46:20.647767+00:00
6a8589dbe44c4693789d8bd2,EMP002366,surya.reddy.2366@company.com,EMPLOYEE,default,False,2026-08-19T10:46:20.958121+00:00,2026-08-19T10:46:20.958121+00:00
6a8589dbe44c4693789d8bd3,EMP002016,rohit.reddy.2016@company.com,EMPLOYEE,default,False,2026-08-19T10:46:21.223800+00:00,2026-08-19T10:46:21.223800+00:00
6a8589dbe44c4693789d8bd4,EMP002023,swathi.menon.2023@company.com,EMPLOYEE,default,False,2026-08-19T10:46:21.495203+00:00,2026-08-19T10:46:21.495203+00:00
6a8589dbe44c4693789d8bd5,EMP002036,madhav.george.2036@company.com,EMPLOYEE,default,False,2026-08-19T10:46:21.770765+00:00,2026-08-19T10:46:21.770765+00:00
6a8589dbe44c4693789d8bd6,EMP002037,manasa.iyer.2037@company.com,EMPLOYEE,default,False,2026-08-19T10:46:22.232593+00:00,2026-08-19T10:46:22.232593+00:00
6a8589dbe44c4693789d8bd7,EMP002064,ashwin.prasad.2064@company.com,EMPLOYEE,default,False,2026-08-19T10:46:22.666213+00:00,2026-08-19T10:46:22.666213+00:00
6a8589dbe44c4693789d8bd8,EMP002068,dev.chopra.2068@company.com,EMPLOYEE,default,False,2026-08-19T10:46:23.127429+00:00,2026-08-19T10:46:23.127429+00:00
6a8589dbe44c4693789d8bd9,EMP002081,manish.gupta.2081@company.com,EMPLOYEE,default,False,2026-08-19T10:46:23.428361+00:00,2026-08-19T10:46:23.428361+00:00
6a8589dbe44c4693789d8bda,EMP002083,mohan.krishnan.2083@company.com,EMPLOYEE,default,False,2026-08-19T10:46:23.727982+00:00,2026-08-19T10:46:23.727982+00:00
6a8589dbe44c4693789d8bdb,EMP002086,neha.george.2086@company.com,EMPLOYEE,default,False,2026-08-19T10:46:23.995580+00:00,2026-08-19T10:46:23.995580+00:00
6a8589dbe44c4693789d8bdc,EMP002091,rahul.banerjee.2091@company.com,EMPLOYEE,default,False,2026-08-19T10:46:24.285662+00:00,2026-08-19T10:46:24.285662+00:00
6a8589dbe44c4693789d8bdd,EMP002106,vivek.thakur.2106@company.com,EMPLOYEE,default,False,2026-08-19T10:46:24.613400+00:00,2026-08-19T10:46:24.613400+00:00
6a8589dbe44c4693789d8bde,EMP002118,nithin.chopra.2118@company.com,EMPLOYEE,default,False,2026-08-19T10:46:24.890180+00:00,2026-08-19T10:46:24.890180+00:00
6a8589dbe44c4693789d8bdf,EMP002156,kavya.thakur.2156@company.com,EMPLOYEE,default,False,2026-08-19T10:46:25.154438+00:00,2026-08-19T10:46:25.154438+00:00
6a8589dbe44c4693789d8be0,EMP002163,nandini.saxena.2163@company.com,EMPLOYEE,default,False,2026-08-19T10:46:25.420273+00:00,2026-08-19T10:46:25.420273+00:00
6a8589dbe44c4693789d8be1,EMP002179,sneha.mathew.2179@company.com,EMPLOYEE,default,False,2026-08-19T10:46:25.722330+00:00,2026-08-19T10:46:25.722330+00:00
6a8589dbe44c4693789d8be2,EMP002229,gaurav.mathew.2229@company.com,EMPLOYEE,default,False,2026-08-19T10:46:26.014965+00:00,2026-08-19T10:46:26.014965+00:00
6a8589dbe44c4693789d8be3,EMP002236,kiran.george.2236@company.com,EMPLOYEE,default,False,2026-08-19T10:46:26.335971+00:00,2026-08-19T10:46:26.335971+00:00
6a8589dbe44c4693789d8be4,EMP002253,rohit.shah.2253@company.com,EMPLOYEE,default,False,2026-08-19T10:46:26.924855+00:00,2026-08-19T10:46:26.924855+00:00
6a8589dbe44c4693789d8be5,EMP002270,divya.sinha.2270@company.com,EMPLOYEE,default,False,2026-08-19T10:46:27.239711+00:00,2026-08-19T10:46:27.239711+00:00
6a8589dbe44c4693789d8be6,EMP002284,shyam.mukherjee.2284@company.com,EMPLOYEE,default,False,2026-08-19T10:46:27.527453+00:00,2026-08-19T10:46:27.527453+00:00
6a8589dbe44c4693789d8be7,EMP002309,harish.rao.2309@company.com,EMPLOYEE,default,False,2026-08-19T10:46:27.795567+00:00,2026-08-19T10:46:27.795567+00:00
6a8589dbe44c4693789d8be8,EMP002347,anjali.shetty.2347@company.com,EMPLOYEE,default,False,2026-08-19T10:46:28.108934+00:00,2026-08-19T10:46:28.108934+00:00
6a8589dbe44c4693789d8be9,EMP002002,manish.patel.2002@company.com,EMPLOYEE,default,False,2026-08-19T10:46:28.417937+00:00,2026-08-19T10:46:28.417937+00:00
6a8589dbe44c4693789d8bea,EMP002008,nikhil.sen.2008@company.com,EMPLOYEE,default,False,2026-08-19T10:46:28.679281+00:00,2026-08-19T10:46:28.679281+00:00
6a8589dbe44c4693789d8beb,EMP002027,vivek.chatterjee.2027@company.com,EMPLOYEE,default,False,2026-08-19T10:46:28.943019+00:00,2026-08-19T10:46:28.943019+00:00
6a8589dbe44c4693789d8bec,EMP002034,harini.mukherjee.2034@company.com,EMPLOYEE,default,False,2026-08-19T10:46:29.191853+00:00,2026-08-19T10:46:29.191853+00:00
6a8589dbe44c4693789d8bed,EMP002054,vishal.bhat.2054@company.com,EMPLOYEE,default,False,2026-08-19T10:46:29.469689+00:00,2026-08-19T10:46:29.469689+00:00
6a8589dbe44c4693789d8bee,EMP002059,akshay.rao.2059@company.com,EMPLOYEE,default,False,2026-08-19T10:46:29.728433+00:00,2026-08-19T10:46:29.728433+00:00
6a8589dbe44c4693789d8bef,EMP002063,arnav.saxena.2063@company.com,EMPLOYEE,default,False,2026-08-19T10:46:30.000822+00:00,2026-08-19T10:46:30.000822+00:00
6a8589dbe44c4693789d8bf0,EMP002089,pranav.bose.2089@company.com,EMPLOYEE,default,False,2026-08-19T10:46:30.276043+00:00,2026-08-19T10:46:30.276043+00:00
6a8589dbe44c4693789d8bf1,EMP002102,swathi.patel.2102@company.com,EMPLOYEE,default,False,2026-08-19T10:46:30.532325+00:00,2026-08-19T10:46:30.532325+00:00
6a8589dbe44c4693789d8bf2,EMP002112,divya.kulkarni.2112@company.com,EMPLOYEE,default,False,2026-08-19T10:46:30.819216+00:00,2026-08-19T10:46:30.819216+00:00
6a8589dbe44c4693789d8bf3,EMP002113,harini.saxena.2113@company.com,EMPLOYEE,default,False,2026-08-19T10:46:31.101962+00:00,2026-08-19T10:46:31.101962+00:00
6a8589dbe44c4693789d8bf4,EMP002114,keerthi.prasad.2114@company.com,EMPLOYEE,default,False,2026-08-19T10:46:31.361566+00:00,2026-08-19T10:46:31.361566+00:00
6a8589dbe44c4693789d8bf5,EMP002132,vidya.das.2132@company.com,EMPLOYEE,default,False,2026-08-19T10:46:31.626055+00:00,2026-08-19T10:46:31.626055+00:00
6a8589dbe44c4693789d8bf6,EMP002133,vishal.krishnan.2133@company.com,EMPLOYEE,default,False,2026-08-19T10:46:31.887559+00:00,2026-08-19T10:46:31.887559+00:00
6a8589dbe44c4693789d8bf7,EMP002136,aditya.george.2136@company.com,EMPLOYEE,default,False,2026-08-19T10:46:32.142989+00:00,2026-08-19T10:46:32.142989+00:00
6a8589dbe44c4693789d8bf8,EMP002139,amara.bose.2139@company.com,EMPLOYEE,default,False,2026-08-19T10:46:32.390627+00:00,2026-08-19T10:46:32.390627+00:00
6a8589dbe44c4693789d8bf9,EMP002140,ananya.naidu.2140@company.com,EMPLOYEE,default,False,2026-08-19T10:46:32.659492+00:00,2026-08-19T10:46:32.659492+00:00
6a8589dbe44c4693789d8bfa,EMP002162,mohan.kulkarni.2162@company.com,EMPLOYEE,default,False,2026-08-19T10:46:32.946041+00:00,2026-08-19T10:46:32.946041+00:00
6a8589dbe44c4693789d8bfb,EMP002174,rohit.singh.2174@company.com,EMPLOYEE,default,False,2026-08-19T10:46:33.234111+00:00,2026-08-19T10:46:33.234111+00:00
6a8589dbe44c4693789d8bfc,EMP002180,srinivas.nair.2180@company.com,EMPLOYEE,default,False,2026-08-19T10:46:33.495144+00:00,2026-08-19T10:46:33.495144+00:00
6a8589dbe44c4693789d8bfd,EMP002186,yash.george.2186@company.com,EMPLOYEE,default,False,2026-08-19T10:46:33.759867+00:00,2026-08-19T10:46:33.759867+00:00
6a8589dbe44c4693789d8bfe,EMP002187,zoya.iyer.2187@company.com,EMPLOYEE,default,False,2026-08-19T10:46:34.024881+00:00,2026-08-19T10:46:34.024881+00:00
6a8589dbe44c4693789d8bff,EMP002218,amara.chopra.2218@company.com,EMPLOYEE,default,False,2026-08-19T10:46:34.297493+00:00,2026-08-19T10:46:34.297493+00:00
6a8589dbe44c4693789d8c00,EMP002228,esha.hegde.2228@company.com,EMPLOYEE,default,False,2026-08-19T10:46:34.672948+00:00,2026-08-19T10:46:34.672948+00:00
6a8589dbe44c4693789d8c01,EMP002230,harish.nair.2230@company.com,EMPLOYEE,default,False,2026-08-19T10:46:35.133889+00:00,2026-08-19T10:46:35.133889+00:00
6a8589dbe44c4693789d8c02,EMP002239,manish.bose.2239@company.com,EMPLOYEE,default,False,2026-08-19T10:46:35.429899+00:00,2026-08-19T10:46:35.429899+00:00
6a8589dbe44c4693789d8c03,EMP002261,tanvi.malhotra.2261@company.com,EMPLOYEE,default,False,2026-08-19T10:46:35.714960+00:00,2026-08-19T10:46:35.714960+00:00
6a8589dbe44c4693789d8c04,EMP002304,deepa.bhat.2304@company.com,EMPLOYEE,default,False,2026-08-19T10:46:35.975181+00:00,2026-08-19T10:46:35.975181+00:00
6a8589dbe44c4693789d8c05,EMP002324,nikhil.singh.2324@company.com,EMPLOYEE,default,False,2026-08-19T10:46:36.239114+00:00,2026-08-19T10:46:36.239114+00:00
6a8589dbe44c4693789d8c06,EMP002335,sanjana.tripathi.2335@company.com,EMPLOYEE,default,False,2026-08-19T10:46:36.627960+00:00,2026-08-19T10:46:36.627960+00:00
6a8589dbe44c4693789d8c07,EMP002339,swathi.bose.2339@company.com,EMPLOYEE,default,False,2026-08-19T10:46:36.966752+00:00,2026-08-19T10:46:36.966752+00:00
6a8589dbe44c4693789d8c08,EMP002340,tanvi.naidu.2340@company.com,EMPLOYEE,default,False,2026-08-19T10:46:37.225925+00:00,2026-08-19T10:46:37.225925+00:00
6a8589dbe44c4693789d8c09,EMP002365,simran.roy.2365@company.com,EMPLOYEE,default,False,2026-08-19T10:46:37.478495+00:00,2026-08-19T10:46:37.478495+00:00
6a8589dbe44c4693789d8c0a,EMP002015,riya.roy.2015@company.com,EMPLOYEE,default,False,2026-08-19T10:46:37.725018+00:00,2026-08-19T10:46:37.725018+00:00
6a8589dbe44c4693789d8c0b,EMP002017,sahana.kumar.2017@company.com,EMPLOYEE,default,False,2026-08-19T10:46:37.975286+00:00,2026-08-19T10:46:37.975286+00:00
6a8589dbe44c4693789d8c0c,EMP002055,aarav.jain.2055@company.com,EMPLOYEE,default,False,2026-08-19T10:46:38.227056+00:00,2026-08-19T10:46:38.227056+00:00
6a8589dbe44c4693789d8c0d,EMP002093,rakesh.dsouza.2093@company.com,EMPLOYEE,default,False,2026-08-19T10:46:38.492089+00:00,2026-08-19T10:46:38.492089+00:00
6a8589dbe44c4693789d8c0e,EMP002108,zoya.sen.2108@company.com,EMPLOYEE,default,False,2026-08-19T10:46:38.744419+00:00,2026-08-19T10:46:38.744419+00:00
6a8589dbe44c4693789d8c0f,EMP002110,anjali.joshi.2110@company.com,EMPLOYEE,default,False,2026-08-19T10:46:38.997992+00:00,2026-08-19T10:46:38.997992+00:00
6a8589dbe44c4693789d8c10,EMP002125,shalini.mishra.2125@company.com,EMPLOYEE,default,False,2026-08-19T10:46:39.241642+00:00,2026-08-19T10:46:39.241642+00:00
6a8589dbe44c4693789d8c11,EMP002138,akshay.kapoor.2138@company.com,EMPLOYEE,default,False,2026-08-19T10:46:39.492130+00:00,2026-08-19T10:46:39.492130+00:00
6a8589dbe44c4693789d8c12,EMP002141,arjun.banerjee.2141@company.com,EMPLOYEE,default,False,2026-08-19T10:46:39.739811+00:00,2026-08-19T10:46:39.739811+00:00
6a8589dbe44c4693789d8c13,EMP002145,chetan.mehta.2145@company.com,EMPLOYEE,default,False,2026-08-19T10:46:39.991384+00:00,2026-08-19T10:46:39.991384+00:00
6a8589dbe44c4693789d8c14,EMP002149,esha.pandey.2149@company.com,EMPLOYEE,default,False,2026-08-19T10:46:40.234127+00:00,2026-08-19T10:46:40.234127+00:00
6a8589dbe44c4693789d8c15,EMP002159,lakshmi.rao.2159@company.com,EMPLOYEE,default,False,2026-08-19T10:46:40.483628+00:00,2026-08-19T10:46:40.483628+00:00
6a8589dbe44c4693789d8c16,EMP002193,keerthi.dsouza.2193@company.com,EMPLOYEE,default,False,2026-08-19T10:46:40.728657+00:00,2026-08-19T10:46:40.728657+00:00
6a8589dbe44c4693789d8c17,EMP002227,diya.chatterjee.2227@company.com,EMPLOYEE,default,False,2026-08-19T10:46:40.977243+00:00,2026-08-19T10:46:40.977243+00:00
6a8589dbe44c4693789d8c18,EMP002254,sahana.bhat.2254@company.com,EMPLOYEE,default,False,2026-08-19T10:46:41.219375+00:00,2026-08-19T10:46:41.219375+00:00
6a8589dbe44c4693789d8c19,EMP002303,chetan.shah.2303@company.com,EMPLOYEE,default,False,2026-08-19T10:46:41.467108+00:00,2026-08-19T10:46:41.467108+00:00
6a8589dbe44c4693789d8c1a,EMP002336,shreya.george.2336@company.com,EMPLOYEE,default,False,2026-08-19T10:46:41.716985+00:00,2026-08-19T10:46:41.716985+00:00
6a8589dbe44c4693789d8c1b,EMP002354,monica.bhat.2354@company.com,EMPLOYEE,default,False,2026-08-19T10:46:41.958449+00:00,2026-08-19T10:46:41.958449+00:00
6a8589dbe44c4693789d8c1c,EMP002359,rohan.rao.2359@company.com,EMPLOYEE,default,False,2026-08-19T10:46:42.210843+00:00,2026-08-19T10:46:42.210843+00:00
6a8589dbe44c4693789d8c1d,EMP002003,meera.shah.2003@company.com,EMPLOYEE,default,False,2026-08-19T10:46:42.453001+00:00,2026-08-19T10:46:42.453001+00:00
6a8589dbe44c4693789d8c1e,EMP002049,simran.pandey.2049@company.com,EMPLOYEE,default,False,2026-08-19T10:46:42.702354+00:00,2026-08-19T10:46:42.702354+00:00
6a8589dbe44c4693789d8c1f,EMP002095,rohit.mehta.2095@company.com,EMPLOYEE,default,False,2026-08-19T10:46:42.950820+00:00,2026-08-19T10:46:42.950820+00:00
6a8589dbe44c4693789d8c20,EMP002119,pallavi.desai.2119@company.com,EMPLOYEE,default,False,2026-08-19T10:46:43.202746+00:00,2026-08-19T10:46:43.202746+00:00
6a8589dbe44c4693789d8c21,EMP002128,simran.hegde.2128@company.com,EMPLOYEE,default,False,2026-08-19T10:46:43.444033+00:00,2026-08-19T10:46:43.444033+00:00
6a8589dbe44c4693789d8c22,EMP002154,jahnavi.bhat.2154@company.com,EMPLOYEE,default,False,2026-08-19T10:46:43.692135+00:00,2026-08-19T10:46:43.692135+00:00
6a8589dbe44c4693789d8c23,EMP002158,krishna.sen.2158@company.com,EMPLOYEE,default,False,2026-08-19T10:46:43.931162+00:00,2026-08-19T10:46:43.931162+00:00
6a8589dbe44c4693789d8c24,EMP002172,rakesh.joseph.2172@company.com,EMPLOYEE,default,False,2026-08-19T10:46:44.191907+00:00,2026-08-19T10:46:44.191907+00:00
6a8589dbe44c4693789d8c25,EMP002181,swathi.gupta.2181@company.com,EMPLOYEE,default,False,2026-08-19T10:46:44.450942+00:00,2026-08-19T10:46:44.450942+00:00
6a8589dbe44c4693789d8c26,EMP002196,monica.pillai.2196@company.com,EMPLOYEE,default,False,2026-08-19T10:46:44.700584+00:00,2026-08-19T10:46:44.700584+00:00
6a8589dbe44c4693789d8c27,EMP002223,bhavana.menon.2223@company.com,EMPLOYEE,default,False,2026-08-19T10:46:44.953398+00:00,2026-08-19T10:46:44.953398+00:00
6a8589dbe44c4693789d8c28,EMP002258,sneha.sen.2258@company.com,EMPLOYEE,default,False,2026-08-19T10:46:45.266410+00:00,2026-08-19T10:46:45.266410+00:00
6a8589dbe44c4693789d8c29,EMP002262,varun.kulkarni.2262@company.com,EMPLOYEE,default,False,2026-08-19T10:46:45.590426+00:00,2026-08-19T10:46:45.590426+00:00
6a8589dbe44c4693789d8c2a,EMP002273,madhav.menon.2273@company.com,EMPLOYEE,default,False,2026-08-19T10:46:45.936540+00:00,2026-08-19T10:46:45.936540+00:00
6a8589dbe44c4693789d8c2b,EMP002292,aarav.yadav.2292@company.com,EMPLOYEE,default,False,2026-08-19T10:46:46.365509+00:00,2026-08-19T10:46:46.365509+00:00
6a8589dbe44c4693789d8c2c,EMP002298,ananya.agarwal.2298@company.com,EMPLOYEE,default,False,2026-08-19T10:46:47.178637+00:00,2026-08-19T10:46:47.178637+00:00
6a8589dbe44c4693789d8c2d,EMP002300,arnav.fernandes.2300@company.com,EMPLOYEE,default,False,2026-08-19T10:46:47.636930+00:00,2026-08-19T10:46:47.636930+00:00
6a8589dbe44c4693789d8c2e,EMP002316,krishna.reddy.2316@company.com,EMPLOYEE,default,False,2026-08-19T10:46:47.946670+00:00,2026-08-19T10:46:47.946670+00:00
6a8589dbe44c4693789d8c2f,EMP002317,lakshmi.kumar.2317@company.com,EMPLOYEE,default,False,2026-08-19T10:46:48.216866+00:00,2026-08-19T10:46:48.216866+00:00
6a8589dbe44c4693789d8c30,EMP002330,rakesh.nair.2330@company.com,EMPLOYEE,default,False,2026-08-19T10:46:48.468507+00:00,2026-08-19T10:46:48.468507+00:00
6a8589dbe44c4693789d8c31,EMP002332,rohit.das.2332@company.com,EMPLOYEE,default,False,2026-08-19T10:46:48.716273+00:00,2026-08-19T10:46:48.716273+00:00
6a8589dbe44c4693789d8c32,EMP002346,abhinav.pillai.2346@company.com,EMPLOYEE,default,False,2026-08-19T10:46:48.966527+00:00,2026-08-19T10:46:48.966527+00:00
6a8589dbe44c4693789d8c33,EMP002001,lakshmi.sharma.2001@company.com,EMPLOYEE,default,False,2026-08-19T10:46:49.232869+00:00,2026-08-19T10:46:49.232869+00:00
6a8589dbe44c4693789d8c34,EMP002005,nandini.jain.2005@company.com,EMPLOYEE,default,False,2026-08-19T10:46:49.493283+00:00,2026-08-19T10:46:49.493283+00:00
6a8589dbe44c4693789d8c35,EMP002014,rakesh.prasad.2014@company.com,EMPLOYEE,default,False,2026-08-19T10:46:49.766608+00:00,2026-08-19T10:46:49.766608+00:00
6a8589dbe44c4693789d8c36,EMP002021,sneha.gowda.2021@company.com,EMPLOYEE,default,False,2026-08-19T10:46:50.025379+00:00,2026-08-19T10:46:50.025379+00:00
6a8589dbe44c4693789d8c37,EMP002033,divya.krishnan.2033@company.com,EMPLOYEE,default,False,2026-08-19T10:46:50.315621+00:00,2026-08-19T10:46:50.315621+00:00
6a8589dbe44c4693789d8c38,EMP002051,vaishnavi.sharma.2051@company.com,EMPLOYEE,default,False,2026-08-19T10:46:50.578018+00:00,2026-08-19T10:46:50.578018+00:00
6a8589dbe44c4693789d8c39,EMP002053,vidya.shah.2053@company.com,EMPLOYEE,default,False,2026-08-19T10:46:50.843399+00:00,2026-08-19T10:46:50.843399+00:00
6a8589dbe44c4693789d8c3a,EMP002072,harish.joseph.2072@company.com,EMPLOYEE,default,False,2026-08-19T10:46:51.093646+00:00,2026-08-19T10:46:51.093646+00:00
6a8589dbe44c4693789d8c3b,EMP002099,shreya.pandey.2099@company.com,EMPLOYEE,default,False,2026-08-19T10:46:51.350855+00:00,2026-08-19T10:46:51.350855+00:00
6a8589dbe44c4693789d8c3c,EMP002120,pradeep.sinha.2120@company.com,EMPLOYEE,default,False,2026-08-19T10:46:51.598772+00:00,2026-08-19T10:46:51.598772+00:00
6a8589dbe44c4693789d8c3d,EMP002155,karan.jain.2155@company.com,EMPLOYEE,default,False,2026-08-19T10:46:51.856604+00:00,2026-08-19T10:46:51.856604+00:00
6a8589dbe44c4693789d8c3e,EMP002197,nithin.shetty.2197@company.com,EMPLOYEE,default,False,2026-08-19T10:46:52.109763+00:00,2026-08-19T10:46:52.109763+00:00
6a8589dbe44c4693789d8c3f,EMP002215,aditya.roy.2215@company.com,EMPLOYEE,default,False,2026-08-19T10:46:52.365972+00:00,2026-08-19T10:46:52.365972+00:00
6a8589dbe44c4693789d8c40,EMP002231,isha.gupta.2231@company.com,EMPLOYEE,default,False,2026-08-19T10:46:52.637880+00:00,2026-08-19T10:46:52.637880+00:00
6a8589dbe44c4693789d8c41,EMP002269,anirudh.desai.2269@company.com,EMPLOYEE,default,False,2026-08-19T10:46:52.952476+00:00,2026-08-19T10:46:52.952476+00:00
6a8589dbe44c4693789d8c42,EMP002271,harini.gowda.2271@company.com,EMPLOYEE,default,False,2026-08-19T10:46:53.236381+00:00,2026-08-19T10:46:53.236381+00:00
6a8589dbe44c4693789d8c43,EMP002274,manasa.singh.2274@company.com,EMPLOYEE,default,False,2026-08-19T10:46:53.590567+00:00,2026-08-19T10:46:53.590567+00:00
6a8589dbe44c4693789d8c44,EMP002280,rohan.nair.2280@company.com,EMPLOYEE,default,False,2026-08-19T10:46:53.924086+00:00,2026-08-19T10:46:53.924086+00:00
6a8589dbe44c4693789d8c45,EMP002313,karan.saxena.2313@company.com,EMPLOYEE,default,False,2026-08-19T10:46:54.184865+00:00,2026-08-19T10:46:54.184865+00:00
6a8589dbe44c4693789d8c46,EMP002326,pranav.varma.2326@company.com,EMPLOYEE,default,False,2026-08-19T10:46:54.441759+00:00,2026-08-19T10:46:54.441759+00:00
6a8589dbe44c4693789d8c47,EMP002333,sahana.krishnan.2333@company.com,EMPLOYEE,default,False,2026-08-19T10:46:54.694054+00:00,2026-08-19T10:46:54.694054+00:00
6a8589dbe44c4693789d8c48,EMP002356,pallavi.thakur.2356@company.com,EMPLOYEE,default,False,2026-08-19T10:46:54.949673+00:00,2026-08-19T10:46:54.949673+00:00
6a8589dbe44c4693789d8c49,EMP002369,vidya.desai.2369@company.com,EMPLOYEE,default,False,2026-08-19T10:46:55.207757+00:00,2026-08-19T10:46:55.207757+00:00
6a8589dbe44c4693789d8c4a,EMP002371,aarav.gowda.2371@company.com,EMPLOYEE,default,False,2026-08-19T10:46:55.464708+00:00,2026-08-19T10:46:55.464708+00:00
6a8589dbe44c4693789d8c4b,EMP002372,aditi.joseph.2372@company.com,EMPLOYEE,default,False,2026-08-19T10:46:55.734898+00:00,2026-08-19T10:46:55.734898+00:00
6a8589dbe44c4693789d8c4c,EMP002373,aditya.menon.2373@company.com,EMPLOYEE,default,False,2026-08-19T10:46:55.983723+00:00,2026-08-19T10:46:55.983723+00:00
6a8589dbe44c4693789d8c4d,EMP002009,pooja.rao.2009@company.com,EMPLOYEE,default,False,2026-08-19T10:46:56.237741+00:00,2026-08-19T10:46:56.237741+00:00
6a8589dbe44c4693789d8c4e,EMP002012,rahul.kulkarni.2012@company.com,EMPLOYEE,default,False,2026-08-19T10:46:56.488329+00:00,2026-08-19T10:46:56.488329+00:00
6a8589dbe44c4693789d8c4f,EMP002024,tanvi.singh.2024@company.com,EMPLOYEE,default,False,2026-08-19T10:46:56.763895+00:00,2026-08-19T10:46:56.763895+00:00
6a8589dbe44c4693789d8c50,EMP002050,surya.fernandes.2050@company.com,EMPLOYEE,default,False,2026-08-19T10:46:57.186855+00:00,2026-08-19T10:46:57.186855+00:00
6a8589dbe44c4693789d8c51,EMP002067,deepa.kumar.2067@company.com,EMPLOYEE,default,False,2026-08-19T10:46:57.528258+00:00,2026-08-19T10:46:57.528258+00:00
6a8589dbe44c4693789d8c52,EMP002077,kavya.chatterjee.2077@company.com,EMPLOYEE,default,False,2026-08-19T10:46:57.769227+00:00,2026-08-19T10:46:57.769227+00:00
6a8589dbe44c4693789d8c53,EMP002082,meera.das.2082@company.com,EMPLOYEE,default,False,2026-08-19T10:46:58.015301+00:00,2026-08-19T10:46:58.015301+00:00
6a8589dbe44c4693789d8c54,EMP002216,akash.reddy.2216@company.com,EMPLOYEE,default,False,2026-08-19T10:46:58.282497+00:00,2026-08-19T10:46:58.282497+00:00
6a8589dbe44c4693789d8c55,EMP002237,krishna.iyer.2237@company.com,EMPLOYEE,default,False,2026-08-19T10:46:58.527950+00:00,2026-08-19T10:46:58.527950+00:00
6a8589dbe44c4693789d8c56,EMP002241,mohan.banerjee.2241@company.com,EMPLOYEE,default,False,2026-08-19T10:46:58.774444+00:00,2026-08-19T10:46:58.774444+00:00
6a8589dbe44c4693789d8c57,EMP002265,yash.roy.2265@company.com,EMPLOYEE,default,False,2026-08-19T10:46:59.025099+00:00,2026-08-19T10:46:59.025099+00:00
6a8589dbe44c4693789d8c58,EMP002277,pallavi.chatterjee.2277@company.com,EMPLOYEE,default,False,2026-08-19T10:46:59.278509+00:00,2026-08-19T10:46:59.278509+00:00
6a8589dbe44c4693789d8c59,EMP002306,diya.thakur.2306@company.com,EMPLOYEE,default,False,2026-08-19T10:46:59.563670+00:00,2026-08-19T10:46:59.563670+00:00
6a8589dbe44c4693789d8c5a,EMP002311,ishaan.malhotra.2311@company.com,EMPLOYEE,default,False,2026-08-19T10:46:59.828566+00:00,2026-08-19T10:46:59.828566+00:00
6a8589dbe44c4693789d8c5b,EMP002348,anirudh.agarwal.2348@company.com,EMPLOYEE,default,False,2026-08-19T10:47:00.094289+00:00,2026-08-19T10:47:00.094289+00:00
6a8589dbe44c4693789d8c5c,EMP002358,reshma.sen.2358@company.com,EMPLOYEE,default,False,2026-08-19T10:47:00.345679+00:00,2026-08-19T10:47:00.345679+00:00
6a8589dbe44c4693789d8c5d,EMP002368,vasudha.chopra.2368@company.com,EMPLOYEE,default,False,2026-08-19T10:47:00.595695+00:00,2026-08-19T10:47:00.595695+00:00
6a8589dbe44c4693789d8c5e,EMP002043,rohan.dsouza.2043@company.com,EMPLOYEE,default,False,2026-08-19T10:47:00.850026+00:00,2026-08-19T10:47:00.850026+00:00
6a8589dbe44c4693789d8c5f,EMP002047,shyam.shetty.2047@company.com,EMPLOYEE,default,False,2026-08-19T10:47:01.239201+00:00,2026-08-19T10:47:01.239201+00:00
6a8589dbe44c4693789d8c60,EMP002058,akash.sen.2058@company.com,EMPLOYEE,default,False,2026-08-19T10:47:01.501955+00:00,2026-08-19T10:47:01.501955+00:00
6a8589dbe44c4693789d8c61,EMP002074,ishaan.singh.2074@company.com,EMPLOYEE,default,False,2026-08-19T10:47:01.774008+00:00,2026-08-19T10:47:01.774008+00:00
6a8589dbe44c4693789d8c62,EMP002094,riya.verma.2094@company.com,EMPLOYEE,default,False,2026-08-19T10:47:02.060810+00:00,2026-08-19T10:47:02.060810+00:00
6a8589dbe44c4693789d8c63,EMP002109,abhinav.rao.2109@company.com,EMPLOYEE,default,False,2026-08-19T10:47:02.332746+00:00,2026-08-19T10:47:02.332746+00:00
6a8589dbe44c4693789d8c64,EMP002144,bhavana.verma.2144@company.com,EMPLOYEE,default,False,2026-08-19T10:47:02.660132+00:00,2026-08-19T10:47:02.660132+00:00
6a8589dbe44c4693789d8c65,EMP002188,abhinav.kapoor.2188@company.com,EMPLOYEE,default,False,2026-08-19T10:47:02.910561+00:00,2026-08-19T10:47:02.910561+00:00
6a8589dbe44c4693789d8c66,EMP002201,rohan.sharma.2201@company.com,EMPLOYEE,default,False,2026-08-19T10:47:03.153648+00:00,2026-08-19T10:47:03.153648+00:00
6a8589dbe44c4693789d8c67,EMP002202,sakshi.patel.2202@company.com,EMPLOYEE,default,False,2026-08-19T10:47:03.393235+00:00,2026-08-19T10:47:03.393235+00:00
6a8589dbe44c4693789d8c68,EMP002212,vishal.kulkarni.2212@company.com,EMPLOYEE,default,False,2026-08-19T10:47:03.649463+00:00,2026-08-19T10:47:03.649463+00:00
6a8589dbe44c4693789d8c69,EMP002245,nikhil.mehta.2245@company.com,EMPLOYEE,default,False,2026-08-19T10:47:03.895880+00:00,2026-08-19T10:47:03.895880+00:00
6a8589dbe44c4693789d8c6a,EMP002246,pooja.pillai.2246@company.com,EMPLOYEE,default,False,2026-08-19T10:47:04.144231+00:00,2026-08-19T10:47:04.144231+00:00
6a8589dbe44c4693789d8c6b,EMP002248,priya.agarwal.2248@company.com,EMPLOYEE,default,False,2026-08-19T10:47:04.392740+00:00,2026-08-19T10:47:04.392740+00:00
6a8589dbe44c4693789d8c6c,EMP002252,riya.patel.2252@company.com,EMPLOYEE,default,False,2026-08-19T10:47:04.649687+00:00,2026-08-19T10:47:04.649687+00:00
6a8589dbe44c4693789d8c6d,EMP002260,swathi.joshi.2260@company.com,EMPLOYEE,default,False,2026-08-19T10:47:04.902400+00:00,2026-08-19T10:47:04.902400+00:00
6a8589dbe44c4693789d8c6e,EMP002294,aditya.verma.2294@company.com,EMPLOYEE,default,False,2026-08-19T10:47:05.146181+00:00,2026-08-19T10:47:05.146181+00:00
6a8589dbe44c4693789d8c6f,EMP002305,dev.jain.2305@company.com,EMPLOYEE,default,False,2026-08-19T10:47:05.399803+00:00,2026-08-19T10:47:05.399803+00:00
6a8589dbe44c4693789d8c70,EMP002355,nithin.jain.2355@company.com,EMPLOYEE,default,False,2026-08-19T10:47:05.649769+00:00,2026-08-19T10:47:05.649769+00:00
6a8589dbe44c4693789d8c71,EMP002013,raj.saxena.2013@company.com,EMPLOYEE,default,False,2026-08-19T10:47:05.897305+00:00,2026-08-19T10:47:05.897305+00:00
6a8589dbe44c4693789d8c72,EMP002031,anjali.gupta.2031@company.com,EMPLOYEE,default,False,2026-08-19T10:47:06.149328+00:00,2026-08-19T10:47:06.149328+00:00
6a8589dbe44c4693789d8c73,EMP002041,pradeep.banerjee.2041@company.com,EMPLOYEE,default,False,2026-08-19T10:47:06.395939+00:00,2026-08-19T10:47:06.395939+00:00
6a8589dbe44c4693789d8c74,EMP002042,reshma.yadav.2042@company.com,EMPLOYEE,default,False,2026-08-19T10:47:06.649872+00:00,2026-08-19T10:47:06.649872+00:00
6a8589dbe44c4693789d8c75,EMP002044,sakshi.verma.2044@company.com,EMPLOYEE,default,False,2026-08-19T10:47:06.896224+00:00,2026-08-19T10:47:06.896224+00:00
6a8589dbe44c4693789d8c76,EMP002062,arjun.kulkarni.2062@company.com,EMPLOYEE,default,False,2026-08-19T10:47:07.145606+00:00,2026-08-19T10:47:07.145606+00:00
6a8589dbe44c4693789d8c77,EMP002071,gaurav.gowda.2071@company.com,EMPLOYEE,default,False,2026-08-19T10:47:07.423359+00:00,2026-08-19T10:47:07.423359+00:00
6a8589dbe44c4693789d8c78,EMP002073,isha.menon.2073@company.com,EMPLOYEE,default,False,2026-08-19T10:47:07.671084+00:00,2026-08-19T10:47:07.671084+00:00
6a8589dbe44c4693789d8c79,EMP002103,tanvi.shah.2103@company.com,EMPLOYEE,default,False,2026-08-19T10:47:07.910839+00:00,2026-08-19T10:47:07.910839+00:00
6a8589dbe44c4693789d8c7a,EMP002104,varun.bhat.2104@company.com,EMPLOYEE,default,False,2026-08-19T10:47:08.171426+00:00,2026-08-19T10:47:08.171426+00:00
6a8589dbe44c4693789d8c7b,EMP002105,vikram.jain.2105@company.com,EMPLOYEE,default,False,2026-08-19T10:47:08.419399+00:00,2026-08-19T10:47:08.419399+00:00
6a8589dbe44c4693789d8c7c,EMP002115,madhav.roy.2115@company.com,EMPLOYEE,default,False,2026-08-19T10:47:08.680247+00:00,2026-08-19T10:47:08.680247+00:00
6a8589dbe44c4693789d8c7d,EMP002143,ashwin.dsouza.2143@company.com,EMPLOYEE,default,False,2026-08-19T10:47:08.938312+00:00,2026-08-19T10:47:08.938312+00:00
6a8589dbe44c4693789d8c7e,EMP002169,priya.desai.2169@company.com,EMPLOYEE,default,False,2026-08-19T10:47:09.182693+00:00,2026-08-19T10:47:09.182693+00:00
6a8589dbe44c4693789d8c7f,EMP002178,shreya.hegde.2178@company.com,EMPLOYEE,default,False,2026-08-19T10:47:09.467350+00:00,2026-08-19T10:47:09.467350+00:00
6a8589dbe44c4693789d8c80,EMP002182,tanvi.das.2182@company.com,EMPLOYEE,default,False,2026-08-19T10:47:09.774953+00:00,2026-08-19T10:47:09.774953+00:00
6a8589dbe44c4693789d8c81,EMP002206,siddharth.thakur.2206@company.com,EMPLOYEE,default,False,2026-08-19T10:47:10.036253+00:00,2026-08-19T10:47:10.036253+00:00
6a8589dbe44c4693789d8c82,EMP002207,simran.thomas.2207@company.com,EMPLOYEE,default,False,2026-08-19T10:47:10.295571+00:00,2026-08-19T10:47:10.295571+00:00
6a8589dbe44c4693789d8c83,EMP002209,vaishnavi.rao.2209@company.com,EMPLOYEE,default,False,2026-08-19T10:47:10.549119+00:00,2026-08-19T10:47:10.549119+00:00
6a8589dbe44c4693789d8c84,EMP002217,akshay.kumar.2217@company.com,EMPLOYEE,default,False,2026-08-19T10:47:10.799530+00:00,2026-08-19T10:47:10.799530+00:00
6a8589dbe44c4693789d8c85,EMP002222,ashwin.joseph.2222@company.com,EMPLOYEE,default,False,2026-08-19T10:47:11.059174+00:00,2026-08-19T10:47:11.059174+00:00
6a8589dbe44c4693789d8c86,EMP002233,jahnavi.krishnan.2233@company.com,EMPLOYEE,default,False,2026-08-19T10:47:11.360179+00:00,2026-08-19T10:47:11.360179+00:00
6a8589dbe44c4693789d8c87,EMP002278,pradeep.hegde.2278@company.com,EMPLOYEE,default,False,2026-08-19T10:47:11.624845+00:00,2026-08-19T10:47:11.624845+00:00
6a8589dbe44c4693789d8c88,EMP002288,vaishnavi.kapoor.2288@company.com,EMPLOYEE,default,False,2026-08-19T10:47:11.864917+00:00,2026-08-19T10:47:11.864917+00:00
6a8589dbe44c4693789d8c89,EMP002312,jahnavi.kulkarni.2312@company.com,EMPLOYEE,default,False,2026-08-19T10:47:12.122846+00:00,2026-08-19T10:47:12.122846+00:00
6a8589dbe44c4693789d8c8a,EMP002329,raj.mathew.2329@company.com,EMPLOYEE,default,False,2026-08-19T10:47:12.410803+00:00,2026-08-19T10:47:12.410803+00:00
6a8589dbe44c4693789d8c8b,EMP002341,varun.banerjee.2341@company.com,EMPLOYEE,default,False,2026-08-19T10:47:12.656753+00:00,2026-08-19T10:47:12.656753+00:00
6a8589dbe44c4693789d8c8c,EMP002351,keerthi.sharma.2351@company.com,EMPLOYEE,default,False,2026-08-19T10:47:12.904371+00:00,2026-08-19T10:47:12.904371+00:00
6a8589dbe44c4693789d8c8d,EMP002364,siddharth.prasad.2364@company.com,EMPLOYEE,default,False,2026-08-19T10:47:13.163998+00:00,2026-08-19T10:47:13.163998+00:00
6a8589dbe44c4693789d8c8e,EMP002004,mohan.bhat.2004@company.com,EMPLOYEE,default,False,2026-08-19T10:47:13.415741+00:00,2026-08-19T10:47:13.415741+00:00
6a8589dbe44c4693789d8c8f,EMP002022,srinivas.joseph.2022@company.com,EMPLOYEE,default,False,2026-08-19T10:47:13.675003+00:00,2026-08-19T10:47:13.675003+00:00
6a8589dbe44c4693789d8c90,EMP002080,lakshmi.nair.2080@company.com,EMPLOYEE,default,False,2026-08-19T10:47:13.922853+00:00,2026-08-19T10:47:13.922853+00:00
6a8589dbe44c4693789d8c91,EMP002090,priya.naidu.2090@company.com,EMPLOYEE,default,False,2026-08-19T10:47:14.174584+00:00,2026-08-19T10:47:14.174584+00:00
6a8589dbe44c4693789d8c92,EMP002096,sahana.pillai.2096@company.com,EMPLOYEE,default,False,2026-08-19T10:47:14.434047+00:00,2026-08-19T10:47:14.434047+00:00
6a8589dbe44c4693789d8c93,EMP002111,anirudh.malhotra.2111@company.com,EMPLOYEE,default,False,2026-08-19T10:47:14.688846+00:00,2026-08-19T10:47:14.688846+00:00
6a8589dbe44c4693789d8c94,EMP002126,shyam.varma.2126@company.com,EMPLOYEE,default,False,2026-08-19T10:47:14.940344+00:00,2026-08-19T10:47:14.940344+00:00
6a8589dbe44c4693789d8c95,EMP002127,siddharth.chatterjee.2127@company.com,EMPLOYEE,default,False,2026-08-19T10:47:15.205125+00:00,2026-08-19T10:47:15.205125+00:00
6a8589dbe44c4693789d8c96,EMP002134,aarav.mukherjee.2134@company.com,EMPLOYEE,default,False,2026-08-19T10:47:15.455951+00:00,2026-08-19T10:47:15.455951+00:00
6a8589dbe44c4693789d8c97,EMP002166,nikhil.reddy.2166@company.com,EMPLOYEE,default,False,2026-08-19T10:47:15.733901+00:00,2026-08-19T10:47:15.733901+00:00
6a8589dbe44c4693789d8c98,EMP002189,anjali.bose.2189@company.com,EMPLOYEE,default,False,2026-08-19T10:47:15.986858+00:00,2026-08-19T10:47:15.986858+00:00
6a8589dbe44c4693789d8c99,EMP002192,harini.yadav.2192@company.com,EMPLOYEE,default,False,2026-08-19T10:47:16.243786+00:00,2026-08-19T10:47:16.243786+00:00
6a8589dbe44c4693789d8c9a,EMP002194,madhav.verma.2194@company.com,EMPLOYEE,default,False,2026-08-19T10:47:16.516782+00:00,2026-08-19T10:47:16.516782+00:00
6a8589dbe44c4693789d8c9b,EMP002200,reshma.fernandes.2200@company.com,EMPLOYEE,default,False,2026-08-19T10:47:16.769037+00:00,2026-08-19T10:47:16.769037+00:00
6a8589dbe44c4693789d8c9c,EMP002205,shyam.jain.2205@company.com,EMPLOYEE,default,False,2026-08-19T10:47:17.037245+00:00,2026-08-19T10:47:17.037245+00:00
6a8589dbe44c4693789d8c9d,EMP002219,ananya.desai.2219@company.com,EMPLOYEE,default,False,2026-08-19T10:47:17.310989+00:00,2026-08-19T10:47:17.310989+00:00
6a8589dbe44c4693789d8c9e,EMP002243,naveen.dsouza.2243@company.com,EMPLOYEE,default,False,2026-08-19T10:47:17.588409+00:00,2026-08-19T10:47:17.588409+00:00
6a8589dbe44c4693789d8c9f,EMP002263,vikram.saxena.2263@company.com,EMPLOYEE,default,False,2026-08-19T10:47:17.845097+00:00,2026-08-19T10:47:17.845097+00:00
6a8589dbe44c4693789d8ca0,EMP002281,sakshi.gupta.2281@company.com,EMPLOYEE,default,False,2026-08-19T10:47:18.112218+00:00,2026-08-19T10:47:18.112218+00:00
6a8589dbe44c4693789d8ca1,EMP002289,vasudha.bose.2289@company.com,EMPLOYEE,default,False,2026-08-19T10:47:18.367940+00:00,2026-08-19T10:47:18.367940+00:00
6a8589dbe44c4693789d8ca2,EMP002296,akshay.pillai.2296@company.com,EMPLOYEE,default,False,2026-08-19T10:47:18.683945+00:00,2026-08-19T10:47:18.683945+00:00
6a8589dbe44c4693789d8ca3,EMP002331,riya.gupta.2331@company.com,EMPLOYEE,default,False,2026-08-19T10:47:18.949445+00:00,2026-08-19T10:47:18.949445+00:00
6a8589dbe44c4693789d8ca4,EMP002338,srinivas.kapoor.2338@company.com,EMPLOYEE,default,False,2026-08-19T10:47:19.205171+00:00,2026-08-19T10:47:19.205171+00:00
6a8589dbe44c4693789d8ca5,EMP002367,vaishnavi.kumar.2367@company.com,EMPLOYEE,default,False,2026-08-19T10:47:19.463104+00:00,2026-08-19T10:47:19.463104+00:00
6a8589dbe44c4693789d8ca6,EMP002442,shyam.yadav.2442@company.com,EMPLOYEE,default,False,2026-08-19T10:47:19.720958+00:00,2026-08-19T10:47:19.720958+00:00
6a8589dbe44c4693789d8ca7,EMP002444,simran.verma.2444@company.com,EMPLOYEE,default,False,2026-08-19T10:47:19.998013+00:00,2026-08-19T10:47:19.998013+00:00
6a8589dbe44c4693789d8ca8,EMP002458,arnav.sen.2458@company.com,EMPLOYEE,default,False,2026-08-19T10:47:20.271777+00:00,2026-08-19T10:47:20.271777+00:00
6a8589dbe44c4693789d8ca9,EMP002492,sanjay.yadav.2492@company.com,EMPLOYEE,default,False,2026-08-19T10:47:20.526907+00:00,2026-08-19T10:47:20.526907+00:00
6a8589dbe44c4693789d8caa,EMP002515,pradeep.roy.2515@company.com,EMPLOYEE,default,False,2026-08-19T10:47:20.775544+00:00,2026-08-19T10:47:20.775544+00:00
6a8589dbe44c4693789d8cab,EMP002531,aditya.gupta.2531@company.com,EMPLOYEE,default,False,2026-08-19T10:47:21.035492+00:00,2026-08-19T10:47:21.035492+00:00
6a8589dbe44c4693789d8cac,EMP002534,amara.mukherjee.2534@company.com,EMPLOYEE,default,False,2026-08-19T10:47:21.281873+00:00,2026-08-19T10:47:21.281873+00:00
6a8589dbe44c4693789d8cad,EMP002545,gaurav.mehta.2545@company.com,EMPLOYEE,default,False,2026-08-19T10:47:21.568887+00:00,2026-08-19T10:47:21.568887+00:00
6a8589dbe44c4693789d8cae,EMP002564,priya.prasad.2564@company.com,EMPLOYEE,default,False,2026-08-19T10:47:21.824161+00:00,2026-08-19T10:47:21.824161+00:00
6a8589dbe44c4693789d8caf,EMP002572,sanjana.joseph.2572@company.com,EMPLOYEE,default,False,2026-08-19T10:47:22.090587+00:00,2026-08-19T10:47:22.090587+00:00
6a8589dbe44c4693789d8cb0,EMP002592,nithin.yadav.2592@company.com,EMPLOYEE,default,False,2026-08-19T10:47:22.335553+00:00,2026-08-19T10:47:22.335553+00:00
6a8589dbe44c4693789d8cb1,EMP002636,mohan.george.2636@company.com,EMPLOYEE,default,False,2026-08-19T10:47:22.599989+00:00,2026-08-19T10:47:22.599989+00:00
6a8589dbe44c4693789d8cb2,EMP002637,nandini.iyer.2637@company.com,EMPLOYEE,default,False,2026-08-19T10:47:22.856996+00:00,2026-08-19T10:47:22.856996+00:00
6a8589dbe44c4693789d8cb3,EMP002679,shyam.mathew.2679@company.com,EMPLOYEE,default,False,2026-08-19T10:47:23.137612+00:00,2026-08-19T10:47:23.137612+00:00
6a8589dbe44c4693789d8cb4,EMP002714,meera.prasad.2714@company.com,EMPLOYEE,default,False,2026-08-19T10:47:23.393631+00:00,2026-08-19T10:47:23.393631+00:00
6a8589dbe44c4693789d8cb5,EMP002730,sanjana.nair.2730@company.com,EMPLOYEE,default,False,2026-08-19T10:47:24.164366+00:00,2026-08-19T10:47:24.164366+00:00
6a8589dbe44c4693789d8cb6,EMP002777,chetan.chatterjee.2777@company.com,EMPLOYEE,default,False,2026-08-19T10:47:24.788125+00:00,2026-08-19T10:47:24.788125+00:00
6a8589dbe44c4693789d8cb7,EMP002778,deepa.hegde.2778@company.com,EMPLOYEE,default,False,2026-08-19T10:47:25.147679+00:00,2026-08-19T10:47:25.147679+00:00
6a8589dbe44c4693789d8cb8,EMP002845,aarav.mehta.2845@company.com,EMPLOYEE,default,False,2026-08-19T10:47:25.446857+00:00,2026-08-19T10:47:25.446857+00:00
6a8589dbe44c4693789d8cb9,EMP002858,dev.sen.2858@company.com,EMPLOYEE,default,False,2026-08-19T10:47:25.747512+00:00,2026-08-19T10:47:25.747512+00:00
6a8589dbe44c4693789d8cba,EMP002866,karan.reddy.2866@company.com,EMPLOYEE,default,False,2026-08-19T10:47:26.189300+00:00,2026-08-19T10:47:26.189300+00:00
6a8589dbe44c4693789d8cbb,EMP002897,yash.shetty.2897@company.com,EMPLOYEE,default,False,2026-08-19T10:47:26.505392+00:00,2026-08-19T10:47:26.505392+00:00
6a8589dbe44c4693789d8cbc,EMP002913,sakshi.saxena.2913@company.com,EMPLOYEE,default,False,2026-08-19T10:47:26.795090+00:00,2026-08-19T10:47:26.795090+00:00
6a8589dbe44c4693789d8cbd,EMP002925,aditi.mishra.2925@company.com,EMPLOYEE,default,False,2026-08-19T10:47:27.059819+00:00,2026-08-19T10:47:27.059819+00:00
6a8589dbe44c4693789d8cbe,EMP002928,akshay.hegde.2928@company.com,EMPLOYEE,default,False,2026-08-19T10:47:27.366894+00:00,2026-08-19T10:47:27.366894+00:00
6a8589dbe44c4693789d8cbf,EMP002946,kavya.pillai.2946@company.com,EMPLOYEE,default,False,2026-08-19T10:47:27.646130+00:00,2026-08-19T10:47:27.646130+00:00
6a8589dbe44c4693789d8cc0,EMP002967,sanjana.kumar.2967@company.com,EMPLOYEE,default,False,2026-08-19T10:47:27.928605+00:00,2026-08-19T10:47:27.928605+00:00
6a8589dbe44c4693789d8cc1,EMP002388,harish.kapoor.2388@company.com,EMPLOYEE,default,False,2026-08-19T10:47:28.183981+00:00,2026-08-19T10:47:28.183981+00:00
6a8589dbe44c4693789d8cc2,EMP002391,jahnavi.banerjee.2391@company.com,EMPLOYEE,default,False,2026-08-19T10:47:28.468718+00:00,2026-08-19T10:47:28.468718+00:00
6a8589dbe44c4693789d8cc3,EMP002408,raj.sen.2408@company.com,EMPLOYEE,default,False,2026-08-19T10:47:28.718521+00:00,2026-08-19T10:47:28.718521+00:00
6a8589dbe44c4693789d8cc4,EMP002411,rohit.malhotra.2411@company.com,EMPLOYEE,default,False,2026-08-19T10:47:28.974248+00:00,2026-08-19T10:47:28.974248+00:00
6a8589dbe44c4693789d8cc5,EMP002461,chetan.malhotra.2461@company.com,EMPLOYEE,default,False,2026-08-19T10:47:29.224478+00:00,2026-08-19T10:47:29.224478+00:00
6a8589dbe44c4693789d8cc6,EMP002501,vivek.sharma.2501@company.com,EMPLOYEE,default,False,2026-08-19T10:47:29.480785+00:00,2026-08-19T10:47:29.480785+00:00
6a8589dbe44c4693789d8cc7,EMP002503,zoya.shah.2503@company.com,EMPLOYEE,default,False,2026-08-19T10:47:29.733495+00:00,2026-08-19T10:47:29.733495+00:00
6a8589dbe44c4693789d8cc8,EMP002514,pallavi.prasad.2514@company.com,EMPLOYEE,default,False,2026-08-19T10:47:29.996392+00:00,2026-08-19T10:47:29.996392+00:00
6a8589dbe44c4693789d8cc9,EMP002517,rohan.kumar.2517@company.com,EMPLOYEE,default,False,2026-08-19T10:47:30.338664+00:00,2026-08-19T10:47:30.338664+00:00
6a8589dbe44c4693789d8cca,EMP002520,shalini.sinha.2520@company.com,EMPLOYEE,default,False,2026-08-19T10:47:30.691818+00:00,2026-08-19T10:47:30.691818+00:00
6a8589dbe44c4693789d8ccb,EMP002526,vasudha.varma.2526@company.com,EMPLOYEE,default,False,2026-08-19T10:47:30.950950+00:00,2026-08-19T10:47:30.950950+00:00
6a8589dbe44c4693789d8ccc,EMP002527,vidya.chatterjee.2527@company.com,EMPLOYEE,default,False,2026-08-19T10:47:31.216152+00:00,2026-08-19T10:47:31.216152+00:00
6a8589dbe44c4693789d8ccd,EMP002573,shreya.menon.2573@company.com,EMPLOYEE,default,False,2026-08-19T10:47:31.475232+00:00,2026-08-19T10:47:31.475232+00:00
6a8589dbe44c4693789d8cce,EMP002589,madhav.bose.2589@company.com,EMPLOYEE,default,False,2026-08-19T10:47:31.889015+00:00,2026-08-19T10:47:31.889015+00:00
6a8589dbe44c4693789d8ccf,EMP002593,pallavi.dsouza.2593@company.com,EMPLOYEE,default,False,2026-08-19T10:47:32.153592+00:00,2026-08-19T10:47:32.153592+00:00
6a8589dbe44c4693789d8cd0,EMP002596,rohan.pillai.2596@company.com,EMPLOYEE,default,False,2026-08-19T10:47:32.407999+00:00,2026-08-19T10:47:32.407999+00:00
6a8589dbe44c4693789d8cd1,EMP002612,akshay.kulkarni.2612@company.com,EMPLOYEE,default,False,2026-08-19T10:47:32.657782+00:00,2026-08-19T10:47:32.657782+00:00
6a8589dbe44c4693789d8cd2,EMP002617,ashwin.kumar.2617@company.com,EMPLOYEE,default,False,2026-08-19T10:47:32.908107+00:00,2026-08-19T10:47:32.908107+00:00
6a8589dbe44c4693789d8cd3,EMP002626,isha.varma.2626@company.com,EMPLOYEE,default,False,2026-08-19T10:47:33.165938+00:00,2026-08-19T10:47:33.165938+00:00
6a8589dbe44c4693789d8cd4,EMP002629,karan.mathew.2629@company.com,EMPLOYEE,default,False,2026-08-19T10:47:33.461967+00:00,2026-08-19T10:47:33.461967+00:00
6a8589dbe44c4693789d8cd5,EMP002631,kiran.gupta.2631@company.com,EMPLOYEE,default,False,2026-08-19T10:47:33.732769+00:00,2026-08-19T10:47:33.732769+00:00
6a8589dbe44c4693789d8cd6,EMP002643,priya.dsouza.2643@company.com,EMPLOYEE,default,False,2026-08-19T10:47:34.006905+00:00,2026-08-19T10:47:34.006905+00:00
6a8589dbe44c4693789d8cd7,EMP002652,shreya.patel.2652@company.com,EMPLOYEE,default,False,2026-08-19T10:47:34.565051+00:00,2026-08-19T10:47:34.565051+00:00
6a8589dbe44c4693789d8cd8,EMP002668,madhav.chopra.2668@company.com,EMPLOYEE,default,False,2026-08-19T10:47:34.987652+00:00,2026-08-19T10:47:34.987652+00:00
6a8589dbe44c4693789d8cd9,EMP002680,siddharth.nair.2680@company.com,EMPLOYEE,default,False,2026-08-19T10:47:35.342718+00:00,2026-08-19T10:47:35.342718+00:00
6a8589dbe44c4693789d8cda,EMP002702,esha.patel.2702@company.com,EMPLOYEE,default,False,2026-08-19T10:47:35.591413+00:00,2026-08-19T10:47:35.591413+00:00
6a8589dbe44c4693789d8cdb,EMP002728,sahana.hegde.2728@company.com,EMPLOYEE,default,False,2026-08-19T10:47:35.842584+00:00,2026-08-19T10:47:35.842584+00:00
6a8589dbe44c4693789d8cdc,EMP002738,vivek.kapoor.2738@company.com,EMPLOYEE,default,False,2026-08-19T10:47:36.090802+00:00,2026-08-19T10:47:36.090802+00:00
6a8589dbe44c4693789d8cdd,EMP002760,simran.joshi.2760@company.com,EMPLOYEE,default,False,2026-08-19T10:47:36.345239+00:00,2026-08-19T10:47:36.345239+00:00
6a8589dbe44c4693789d8cde,EMP002779,dev.mathew.2779@company.com,EMPLOYEE,default,False,2026-08-19T10:47:36.592385+00:00,2026-08-19T10:47:36.592385+00:00
6a8589dbe44c4693789d8cdf,EMP002782,gaurav.das.2782@company.com,EMPLOYEE,default,False,2026-08-19T10:47:36.839740+00:00,2026-08-19T10:47:36.839740+00:00
6a8589dbe44c4693789d8ce0,EMP002799,pooja.pandey.2799@company.com,EMPLOYEE,default,False,2026-08-19T10:47:37.090757+00:00,2026-08-19T10:47:37.090757+00:00
6a8589dbe44c4693789d8ce1,EMP002825,keerthi.mishra.2825@company.com,EMPLOYEE,default,False,2026-08-19T10:47:37.349257+00:00,2026-08-19T10:47:37.349257+00:00
6a8589dbe44c4693789d8ce2,EMP002826,madhav.varma.2826@company.com,EMPLOYEE,default,False,2026-08-19T10:47:37.599137+00:00,2026-08-19T10:47:37.599137+00:00
6a8589dbe44c4693789d8ce3,EMP002833,rohan.krishnan.2833@company.com,EMPLOYEE,default,False,2026-08-19T10:47:37.845129+00:00,2026-08-19T10:47:37.845129+00:00
6a8589dbe44c4693789d8ce4,EMP002834,sakshi.mukherjee.2834@company.com,EMPLOYEE,default,False,2026-08-19T10:47:38.093550+00:00,2026-08-19T10:47:38.093550+00:00
6a8589dbe44c4693789d8ce5,EMP002841,vaishnavi.banerjee.2841@company.com,EMPLOYEE,default,False,2026-08-19T10:47:38.364753+00:00,2026-08-19T10:47:38.364753+00:00
6a8589dbe44c4693789d8ce6,EMP002843,vidya.dsouza.2843@company.com,EMPLOYEE,default,False,2026-08-19T10:47:38.609251+00:00,2026-08-19T10:47:38.609251+00:00
6a8589dbe44c4693789d8ce7,EMP002881,rahul.gupta.2881@company.com,EMPLOYEE,default,False,2026-08-19T10:47:38.867535+00:00,2026-08-19T10:47:38.867535+00:00
6a8589dbe44c4693789d8ce8,EMP002886,sahana.george.2886@company.com,EMPLOYEE,default,False,2026-08-19T10:47:39.115800+00:00,2026-08-19T10:47:39.115800+00:00
6a8589dbe44c4693789d8ce9,EMP002887,sanjay.iyer.2887@company.com,EMPLOYEE,default,False,2026-08-19T10:47:39.372631+00:00,2026-08-19T10:47:39.372631+00:00
6a8589dbe44c4693789d8cea,EMP002903,harini.shah.2903@company.com,EMPLOYEE,default,False,2026-08-19T10:47:39.645840+00:00,2026-08-19T10:47:39.645840+00:00
6a8589dbe44c4693789d8ceb,EMP002917,siddharth.kumar.2917@company.com,EMPLOYEE,default,False,2026-08-19T10:47:39.897041+00:00,2026-08-19T10:47:39.897041+00:00
6a8589dbe44c4693789d8cec,EMP002930,ananya.nair.2930@company.com,EMPLOYEE,default,False,2026-08-19T10:47:40.139299+00:00,2026-08-19T10:47:40.139299+00:00
6a8589dbe44c4693789d8ced,EMP002954,naveen.bhat.2954@company.com,EMPLOYEE,default,False,2026-08-19T10:47:40.383545+00:00,2026-08-19T10:47:40.383545+00:00
6a8589dbe44c4693789d8cee,EMP002964,rohit.prasad.2964@company.com,EMPLOYEE,default,False,2026-08-19T10:47:40.648870+00:00,2026-08-19T10:47:40.648870+00:00
6a8589dbe44c4693789d8cef,EMP002968,shreya.chopra.2968@company.com,EMPLOYEE,default,False,2026-08-19T10:47:40.899331+00:00,2026-08-19T10:47:40.899331+00:00
6a8589dbe44c4693789d8cf0,EMP002973,varun.menon.2973@company.com,EMPLOYEE,default,False,2026-08-19T10:47:41.151477+00:00,2026-08-19T10:47:41.151477+00:00
6a8589dbe44c4693789d8cf1,EMP002978,abhinav.hegde.2978@company.com,EMPLOYEE,default,False,2026-08-19T10:47:41.390882+00:00,2026-08-19T10:47:41.390882+00:00
6a8589dbe44c4693789d8cf2,EMP002989,pradeep.bose.2989@company.com,EMPLOYEE,default,False,2026-08-19T10:47:41.635799+00:00,2026-08-19T10:47:41.635799+00:00
6a8589dbe44c4693789d8cf3,EMP002998,surya.agarwal.2998@company.com,EMPLOYEE,default,False,2026-08-19T10:47:41.886159+00:00,2026-08-19T10:47:41.886159+00:00
6a8589dbe44c4693789d8cf4,EMP002393,kavya.dsouza.2393@company.com,EMPLOYEE,default,False,2026-08-19T10:47:42.146261+00:00,2026-08-19T10:47:42.146261+00:00
6a8589dbe44c4693789d8cf5,EMP002394,kiran.verma.2394@company.com,EMPLOYEE,default,False,2026-08-19T10:47:42.395024+00:00,2026-08-19T10:47:42.395024+00:00
6a8589dbe44c4693789d8cf6,EMP002395,krishna.mehta.2395@company.com,EMPLOYEE,default,False,2026-08-19T10:47:42.657431+00:00,2026-08-19T10:47:42.657431+00:00
6a8589dbe44c4693789d8cf7,EMP002410,riya.joshi.2410@company.com,EMPLOYEE,default,False,2026-08-19T10:47:42.905723+00:00,2026-08-19T10:47:42.905723+00:00
6a8589dbe44c4693789d8cf8,EMP002412,sahana.kulkarni.2412@company.com,EMPLOYEE,default,False,2026-08-19T10:47:43.155786+00:00,2026-08-19T10:47:43.155786+00:00
6a8589dbe44c4693789d8cf9,EMP002430,keerthi.nair.2430@company.com,EMPLOYEE,default,False,2026-08-19T10:47:43.398920+00:00,2026-08-19T10:47:43.398920+00:00
6a8589dbe44c4693789d8cfa,EMP002460,bhavana.joshi.2460@company.com,EMPLOYEE,default,False,2026-08-19T10:47:43.657737+00:00,2026-08-19T10:47:43.657737+00:00
6a8589dbe44c4693789d8cfb,EMP002464,diya.prasad.2464@company.com,EMPLOYEE,default,False,2026-08-19T10:47:43.902249+00:00,2026-08-19T10:47:43.902249+00:00
6a8589dbe44c4693789d8cfc,EMP002472,kavya.joseph.2472@company.com,EMPLOYEE,default,False,2026-08-19T10:47:44.155361+00:00,2026-08-19T10:47:44.155361+00:00
6a8589dbe44c4693789d8cfd,EMP002535,ananya.tripathi.2535@company.com,EMPLOYEE,default,False,2026-08-19T10:47:44.452765+00:00,2026-08-19T10:47:44.452765+00:00
6a8589dbe44c4693789d8cfe,EMP002557,mohan.thomas.2557@company.com,EMPLOYEE,default,False,2026-08-19T10:47:44.730318+00:00,2026-08-19T10:47:44.730318+00:00
6a8589dbe44c4693789d8cff,EMP002560,neha.joshi.2560@company.com,EMPLOYEE,default,False,2026-08-19T10:47:44.988559+00:00,2026-08-19T10:47:44.988559+00:00
6a8589dbe44c4693789d8d00,EMP002569,rohit.desai.2569@company.com,EMPLOYEE,default,False,2026-08-19T10:47:45.233661+00:00,2026-08-19T10:47:45.233661+00:00
6a8589dbe44c4693789d8d01,EMP002581,yash.gupta.2581@company.com,EMPLOYEE,default,False,2026-08-19T10:47:45.488716+00:00,2026-08-19T10:47:45.488716+00:00
6a8589dbe44c4693789d8d02,EMP002607,vishal.thomas.2607@company.com,EMPLOYEE,default,False,2026-08-19T10:47:45.734511+00:00,2026-08-19T10:47:45.734511+00:00
6a8589dbe44c4693789d8d03,EMP002624,gaurav.singh.2624@company.com,EMPLOYEE,default,False,2026-08-19T10:47:45.991539+00:00,2026-08-19T10:47:45.991539+00:00
6a8589dbe44c4693789d8d04,EMP002645,raj.mehta.2645@company.com,EMPLOYEE,default,False,2026-08-19T10:47:46.248155+00:00,2026-08-19T10:47:46.248155+00:00
6a8589dbe44c4693789d8d05,EMP002653,sneha.shah.2653@company.com,EMPLOYEE,default,False,2026-08-19T10:47:46.549053+00:00,2026-08-19T10:47:46.549053+00:00
6a8589dbe44c4693789d8d06,EMP002654,srinivas.bhat.2654@company.com,EMPLOYEE,default,False,2026-08-19T10:47:46.793612+00:00,2026-08-19T10:47:46.793612+00:00
6a8589dbe44c4693789d8d07,EMP002655,swathi.jain.2655@company.com,EMPLOYEE,default,False,2026-08-19T10:47:47.035803+00:00,2026-08-19T10:47:47.035803+00:00
6a8589dbe44c4693789d8d08,EMP002659,vivek.rao.2659@company.com,EMPLOYEE,default,False,2026-08-19T10:47:47.298599+00:00,2026-08-19T10:47:47.298599+00:00
6a8589dbe44c4693789d8d09,EMP002684,vasudha.mukherjee.2684@company.com,EMPLOYEE,default,False,2026-08-19T10:47:47.546979+00:00,2026-08-19T10:47:47.546979+00:00
6a8589dbe44c4693789d8d0a,EMP002692,amara.yadav.2692@company.com,EMPLOYEE,default,False,2026-08-19T10:47:47.793524+00:00,2026-08-19T10:47:47.793524+00:00
6a8589dbe44c4693789d8d0b,EMP002711,krishna.malhotra.2711@company.com,EMPLOYEE,default,False,2026-08-19T10:47:48.057710+00:00,2026-08-19T10:47:48.057710+00:00
6a8589dbe44c4693789d8d0c,EMP002717,naveen.kumar.2717@company.com,EMPLOYEE,default,False,2026-08-19T10:47:48.305354+00:00,2026-08-19T10:47:48.305354+00:00
6a8589dbe44c4693789d8d0d,EMP002726,riya.varma.2726@company.com,EMPLOYEE,default,False,2026-08-19T10:47:48.553977+00:00,2026-08-19T10:47:48.553977+00:00
6a8589dbe44c4693789d8d0e,EMP002737,vikram.iyer.2737@company.com,EMPLOYEE,default,False,2026-08-19T10:47:48.799870+00:00,2026-08-19T10:47:48.799870+00:00
6a8589dbe44c4693789d8d0f,EMP002762,vaishnavi.kulkarni.2762@company.com,EMPLOYEE,default,False,2026-08-19T10:47:49.074224+00:00,2026-08-19T10:47:49.074224+00:00
6a8589dbe44c4693789d8d10,EMP002785,ishaan.tripathi.2785@company.com,EMPLOYEE,default,False,2026-08-19T10:47:49.323001+00:00,2026-08-19T10:47:49.323001+00:00
6a8589dbe44c4693789d8d11,EMP002795,nandini.mehta.2795@company.com,EMPLOYEE,default,False,2026-08-19T10:47:49.570652+00:00,2026-08-19T10:47:49.570652+00:00
6a8589dbe44c4693789d8d12,EMP002802,rahul.patel.2802@company.com,EMPLOYEE,default,False,2026-08-19T10:47:49.822167+00:00,2026-08-19T10:47:49.822167+00:00
6a8589dbe44c4693789d8d13,EMP002805,riya.jain.2805@company.com,EMPLOYEE,default,False,2026-08-19T10:47:50.073904+00:00,2026-08-19T10:47:50.073904+00:00
6a8589dbe44c4693789d8d14,EMP002824,harini.singh.2824@company.com,EMPLOYEE,default,False,2026-08-19T10:47:50.312923+00:00,2026-08-19T10:47:50.312923+00:00
6a8589dbe44c4693789d8d15,EMP002828,monica.hegde.2828@company.com,EMPLOYEE,default,False,2026-08-19T10:47:50.557305+00:00,2026-08-19T10:47:50.557305+00:00
6a8589dbe44c4693789d8d16,EMP002829,nithin.mathew.2829@company.com,EMPLOYEE,default,False,2026-08-19T10:47:50.798730+00:00,2026-08-19T10:47:50.798730+00:00
6a8589dbe44c4693789d8d17,EMP002831,pradeep.gupta.2831@company.com,EMPLOYEE,default,False,2026-08-19T10:47:51.109289+00:00,2026-08-19T10:47:51.109289+00:00
6a8589dbe44c4693789d8d18,EMP002839,simran.bose.2839@company.com,EMPLOYEE,default,False,2026-08-19T10:47:51.366062+00:00,2026-08-19T10:47:51.366062+00:00
6a8589dbe44c4693789d8d19,EMP002875,naveen.mishra.2875@company.com,EMPLOYEE,default,False,2026-08-19T10:47:51.624044+00:00,2026-08-19T10:47:51.624044+00:00
6a8589dbe44c4693789d8d1a,EMP002882,raj.das.2882@company.com,EMPLOYEE,default,False,2026-08-19T10:47:51.884703+00:00,2026-08-19T10:47:51.884703+00:00
6a8589dbe44c4693789d8d1b,EMP002893,tanvi.dsouza.2893@company.com,EMPLOYEE,default,False,2026-08-19T10:47:52.131542+00:00,2026-08-19T10:47:52.131542+00:00
6a8589dbe44c4693789d8d1c,EMP002945,karan.mehta.2945@company.com,EMPLOYEE,default,False,2026-08-19T10:47:52.400291+00:00,2026-08-19T10:47:52.400291+00:00
6a8589dbe44c4693789d8d1d,EMP002974,vikram.singh.2974@company.com,EMPLOYEE,default,False,2026-08-19T10:47:52.675711+00:00,2026-08-19T10:47:52.675711+00:00
6a8589dbe44c4693789d8d1e,EMP002979,anjali.mathew.2979@company.com,EMPLOYEE,default,False,2026-08-19T10:47:53.008307+00:00,2026-08-19T10:47:53.008307+00:00
6a8589dbe44c4693789d8d1f,EMP002990,reshma.naidu.2990@company.com,EMPLOYEE,default,False,2026-08-19T10:47:53.292255+00:00,2026-08-19T10:47:53.292255+00:00
6a8589dbe44c4693789d8d20,EMP002384,dev.mukherjee.2384@company.com,EMPLOYEE,default,False,2026-08-19T10:47:53.584821+00:00,2026-08-19T10:47:53.584821+00:00
6a8589dbe44c4693789d8d21,EMP002387,gaurav.iyer.2387@company.com,EMPLOYEE,default,False,2026-08-19T10:47:53.845916+00:00,2026-08-19T10:47:53.845916+00:00
6a8589dbe44c4693789d8d22,EMP002403,nikhil.shah.2403@company.com,EMPLOYEE,default,False,2026-08-19T10:47:54.118681+00:00,2026-08-19T10:47:54.118681+00:00
6a8589dbe44c4693789d8d23,EMP002422,vivek.joseph.2422@company.com,EMPLOYEE,default,False,2026-08-19T10:47:54.383321+00:00,2026-08-19T10:47:54.383321+00:00
6a8589dbe44c4693789d8d24,EMP002423,yash.menon.2423@company.com,EMPLOYEE,default,False,2026-08-19T10:47:54.636760+00:00,2026-08-19T10:47:54.636760+00:00
6a8589dbe44c4693789d8d25,EMP002493,sanjana.dsouza.2493@company.com,EMPLOYEE,default,False,2026-08-19T10:47:54.898277+00:00,2026-08-19T10:47:54.898277+00:00
6a8589dbe44c4693789d8d26,EMP002502,yash.patel.2502@company.com,EMPLOYEE,default,False,2026-08-19T10:47:55.173281+00:00,2026-08-19T10:47:55.173281+00:00
6a858a6ce44c4693789d8d27,EMP002539,bhavana.bose.2539@company.com,EMPLOYEE,default,False,2026-08-19T10:47:57.664070+00:00,2026-08-19T10:47:57.664070+00:00
6a858a6ce44c4693789d8d28,EMP002542,dev.yadav.2542@company.com,EMPLOYEE,default,False,2026-08-19T10:47:57.932905+00:00,2026-08-19T10:47:57.932905+00:00
6a858a6ce44c4693789d8d29,EMP002566,raj.reddy.2566@company.com,EMPLOYEE,default,False,2026-08-19T10:47:58.195285+00:00,2026-08-19T10:47:58.195285+00:00
6a858a6ce44c4693789d8d2a,EMP002579,vikram.mathew.2579@company.com,EMPLOYEE,default,False,2026-08-19T10:47:58.464103+00:00,2026-08-19T10:47:58.464103+00:00
6a858a6ce44c4693789d8d2b,EMP002587,harini.iyer.2587@company.com,EMPLOYEE,default,False,2026-08-19T10:47:58.717849+00:00,2026-08-19T10:47:58.717849+00:00
6a858a6ce44c4693789d8d2c,EMP002588,keerthi.kapoor.2588@company.com,EMPLOYEE,default,False,2026-08-19T10:47:58.985270+00:00,2026-08-19T10:47:58.985270+00:00
6a858a6ce44c4693789d8d2d,EMP002600,shyam.fernandes.2600@company.com,EMPLOYEE,default,False,2026-08-19T10:47:59.248591+00:00,2026-08-19T10:47:59.248591+00:00
6a858a6ce44c4693789d8d2e,EMP002606,vidya.thakur.2606@company.com,EMPLOYEE,default,False,2026-08-19T10:47:59.510399+00:00,2026-08-19T10:47:59.510399+00:00
6a858a6ce44c4693789d8d2f,EMP002625,harish.mishra.2625@company.com,EMPLOYEE,default,False,2026-08-19T10:47:59.767295+00:00,2026-08-19T10:47:59.767295+00:00
6a858a6ce44c4693789d8d30,EMP002628,jahnavi.hegde.2628@company.com,EMPLOYEE,default,False,2026-08-19T10:48:00.025239+00:00,2026-08-19T10:48:00.025239+00:00
6a858a6ce44c4693789d8d31,EMP002630,kavya.nair.2630@company.com,EMPLOYEE,default,False,2026-08-19T10:48:00.315308+00:00,2026-08-19T10:48:00.315308+00:00
6a858a6ce44c4693789d8d32,EMP002657,varun.thomas.2657@company.com,EMPLOYEE,default,False,2026-08-19T10:48:00.576646+00:00,2026-08-19T10:48:00.576646+00:00
6a858a6ce44c4693789d8d33,EMP002661,zoya.malhotra.2661@company.com,EMPLOYEE,default,False,2026-08-19T10:48:01.116925+00:00,2026-08-19T10:48:01.116925+00:00
6a858a6ce44c4693789d8d34,EMP002670,monica.sinha.2670@company.com,EMPLOYEE,default,False,2026-08-19T10:48:01.797561+00:00,2026-08-19T10:48:01.797561+00:00
6a858a6ce44c4693789d8d35,EMP002677,sameer.chatterjee.2677@company.com,EMPLOYEE,default,False,2026-08-19T10:48:02.207161+00:00,2026-08-19T10:48:02.207161+00:00
6a858a6ce44c4693789d8d36,EMP002691,akshay.banerjee.2691@company.com,EMPLOYEE,default,False,2026-08-19T10:48:02.601767+00:00,2026-08-19T10:48:02.601767+00:00
6a858a6ce44c4693789d8d37,EMP002695,arnav.mehta.2695@company.com,EMPLOYEE,default,False,2026-08-19T10:48:03.102683+00:00,2026-08-19T10:48:03.102683+00:00
6a858a6ce44c4693789d8d38,EMP002699,deepa.pandey.2699@company.com,EMPLOYEE,default,False,2026-08-19T10:48:03.400336+00:00,2026-08-19T10:48:03.400336+00:00
6a858a6ce44c4693789d8d39,EMP002708,karan.sen.2708@company.com,EMPLOYEE,default,False,2026-08-19T10:48:03.666897+00:00,2026-08-19T10:48:03.666897+00:00
6a858a6ce44c4693789d8d3a,EMP002733,srinivas.krishnan.2733@company.com,EMPLOYEE,default,False,2026-08-19T10:48:03.950812+00:00,2026-08-19T10:48:03.950812+00:00
6a858a6ce44c4693789d8d3b,EMP002743,anirudh.dsouza.2743@company.com,EMPLOYEE,default,False,2026-08-19T10:48:04.234252+00:00,2026-08-19T10:48:04.234252+00:00
6a858a6ce44c4693789d8d3c,EMP002746,keerthi.pillai.2746@company.com,EMPLOYEE,default,False,2026-08-19T10:48:04.501987+00:00,2026-08-19T10:48:04.501987+00:00
6a858a6ce44c4693789d8d3d,EMP002761,surya.malhotra.2761@company.com,EMPLOYEE,default,False,2026-08-19T10:48:04.775030+00:00,2026-08-19T10:48:04.775030+00:00
6a858a6ce44c4693789d8d3e,EMP002788,kavya.kapoor.2788@company.com,EMPLOYEE,default,False,2026-08-19T10:48:05.038211+00:00,2026-08-19T10:48:05.038211+00:00
6a858a6ce44c4693789d8d3f,EMP002801,priya.sharma.2801@company.com,EMPLOYEE,default,False,2026-08-19T10:48:05.283018+00:00,2026-08-19T10:48:05.283018+00:00
6a858a6ce44c4693789d8d40,EMP002859,diya.rao.2859@company.com,EMPLOYEE,default,False,2026-08-19T10:48:05.541246+00:00,2026-08-19T10:48:05.541246+00:00
6a858a6ce44c4693789d8d41,EMP002861,gaurav.malhotra.2861@company.com,EMPLOYEE,default,False,2026-08-19T10:48:05.807748+00:00,2026-08-19T10:48:05.807748+00:00
6a858a6ce44c4693789d8d42,EMP002862,harish.kulkarni.2862@company.com,EMPLOYEE,default,False,2026-08-19T10:48:06.156950+00:00,2026-08-19T10:48:06.156950+00:00
6a858a6ce44c4693789d8d43,EMP002874,nandini.singh.2874@company.com,EMPLOYEE,default,False,2026-08-19T10:48:06.415099+00:00,2026-08-19T10:48:06.415099+00:00
6a858a6ce44c4693789d8d44,EMP002876,neha.varma.2876@company.com,EMPLOYEE,default,False,2026-08-19T10:48:06.688431+00:00,2026-08-19T10:48:06.688431+00:00
6a858a6ce44c4693789d8d45,EMP002883,rakesh.krishnan.2883@company.com,EMPLOYEE,default,False,2026-08-19T10:48:06.940720+00:00,2026-08-19T10:48:06.940720+00:00
6a858a6ce44c4693789d8d46,EMP002889,shreya.bose.2889@company.com,EMPLOYEE,default,False,2026-08-19T10:48:07.205524+00:00,2026-08-19T10:48:07.205524+00:00
6a858a6ce44c4693789d8d47,EMP002909,pallavi.rao.2909@company.com,EMPLOYEE,default,False,2026-08-19T10:48:07.481351+00:00,2026-08-19T10:48:07.481351+00:00
6a858a6ce44c4693789d8d48,EMP002914,sameer.prasad.2914@company.com,EMPLOYEE,default,False,2026-08-19T10:48:07.748817+00:00,2026-08-19T10:48:07.748817+00:00
6a858a6ce44c4693789d8d49,EMP002923,vishal.menon.2923@company.com,EMPLOYEE,default,False,2026-08-19T10:48:08.037511+00:00,2026-08-19T10:48:08.037511+00:00
6a858a6ce44c4693789d8d4a,EMP002927,akash.chatterjee.2927@company.com,EMPLOYEE,default,False,2026-08-19T10:48:08.315089+00:00,2026-08-19T10:48:08.315089+00:00
6a858a6ce44c4693789d8d4b,EMP002931,arjun.gupta.2931@company.com,EMPLOYEE,default,False,2026-08-19T10:48:08.587243+00:00,2026-08-19T10:48:08.587243+00:00
6a858a6ce44c4693789d8d4c,EMP002949,lakshmi.pandey.2949@company.com,EMPLOYEE,default,False,2026-08-19T10:48:08.853731+00:00,2026-08-19T10:48:08.853731+00:00
6a858a6ce44c4693789d8d4d,EMP002951,meera.sharma.2951@company.com,EMPLOYEE,default,False,2026-08-19T10:48:09.140115+00:00,2026-08-19T10:48:09.140115+00:00
6a858a6ce44c4693789d8d4e,EMP002382,chetan.das.2382@company.com,EMPLOYEE,default,False,2026-08-19T10:48:09.412858+00:00,2026-08-19T10:48:09.412858+00:00
6a858a6ce44c4693789d8d4f,EMP002398,meera.agarwal.2398@company.com,EMPLOYEE,default,False,2026-08-19T10:48:09.670355+00:00,2026-08-19T10:48:09.670355+00:00
6a858a6ce44c4693789d8d50,EMP002399,mohan.pandey.2399@company.com,EMPLOYEE,default,False,2026-08-19T10:48:09.925452+00:00,2026-08-19T10:48:09.925452+00:00
6a858a6ce44c4693789d8d51,EMP002426,anjali.varma.2426@company.com,EMPLOYEE,default,False,2026-08-19T10:48:10.255911+00:00,2026-08-19T10:48:10.255911+00:00
6a858a6ce44c4693789d8d52,EMP002438,rohan.kapoor.2438@company.com,EMPLOYEE,default,False,2026-08-19T10:48:10.514413+00:00,2026-08-19T10:48:10.514413+00:00
6a858a6ce44c4693789d8d53,EMP002446,vaishnavi.pillai.2446@company.com,EMPLOYEE,default,False,2026-08-19T10:48:10.769044+00:00,2026-08-19T10:48:10.769044+00:00
6a858a6ce44c4693789d8d54,EMP002469,ishaan.desai.2469@company.com,EMPLOYEE,default,False,2026-08-19T10:48:11.073822+00:00,2026-08-19T10:48:11.073822+00:00
6a858a6ce44c4693789d8d55,EMP002487,raj.iyer.2487@company.com,EMPLOYEE,default,False,2026-08-19T10:48:11.357357+00:00,2026-08-19T10:48:11.357357+00:00
6a858a6ce44c4693789d8d56,EMP002490,rohit.naidu.2490@company.com,EMPLOYEE,default,False,2026-08-19T10:48:11.622627+00:00,2026-08-19T10:48:11.622627+00:00
6a858a6ce44c4693789d8d57,EMP002509,keerthi.rao.2509@company.com,EMPLOYEE,default,False,2026-08-19T10:48:11.898014+00:00,2026-08-19T10:48:11.898014+00:00
6a858a6ce44c4693789d8d58,EMP002537,arnav.iyer.2537@company.com,EMPLOYEE,default,False,2026-08-19T10:48:12.164687+00:00,2026-08-19T10:48:12.164687+00:00
6a858a6ce44c4693789d8d59,EMP002538,ashwin.kapoor.2538@company.com,EMPLOYEE,default,False,2026-08-19T10:48:12.425868+00:00,2026-08-19T10:48:12.425868+00:00
6a858a6ce44c4693789d8d5a,EMP002544,esha.verma.2544@company.com,EMPLOYEE,default,False,2026-08-19T10:48:12.672984+00:00,2026-08-19T10:48:12.672984+00:00
6a858a6ce44c4693789d8d5b,EMP002547,isha.shetty.2547@company.com,EMPLOYEE,default,False,2026-08-19T10:48:12.934026+00:00,2026-08-19T10:48:12.934026+00:00
6a858a6ce44c4693789d8d5c,EMP002550,karan.fernandes.2550@company.com,EMPLOYEE,default,False,2026-08-19T10:48:13.207735+00:00,2026-08-19T10:48:13.207735+00:00
6a858a6ce44c4693789d8d5d,EMP002553,krishna.shah.2553@company.com,EMPLOYEE,default,False,2026-08-19T10:48:13.491030+00:00,2026-08-19T10:48:13.491030+00:00
6a858a6ce44c4693789d8d5e,EMP002556,meera.thakur.2556@company.com,EMPLOYEE,default,False,2026-08-19T10:48:13.761294+00:00,2026-08-19T10:48:13.761294+00:00
6a858a6ce44c4693789d8d5f,EMP002580,vivek.nair.2580@company.com,EMPLOYEE,default,False,2026-08-19T10:48:14.038889+00:00,2026-08-19T10:48:14.038889+00:00
6a858a6ce44c4693789d8d60,EMP002616,arnav.reddy.2616@company.com,EMPLOYEE,default,False,2026-08-19T10:48:14.283885+00:00,2026-08-19T10:48:14.283885+00:00
6a858a6ce44c4693789d8d61,EMP002686,vishal.george.2686@company.com,EMPLOYEE,default,False,2026-08-19T10:48:14.562679+00:00,2026-08-19T10:48:14.562679+00:00
6a858a6ce44c4693789d8d62,EMP002689,aditya.bose.2689@company.com,EMPLOYEE,default,False,2026-08-19T10:48:14.908347+00:00,2026-08-19T10:48:14.908347+00:00
6a858a6ce44c4693789d8d63,EMP002697,bhavana.shetty.2697@company.com,EMPLOYEE,default,False,2026-08-19T10:48:15.186959+00:00,2026-08-19T10:48:15.186959+00:00
6a858a6ce44c4693789d8d64,EMP002715,mohan.roy.2715@company.com,EMPLOYEE,default,False,2026-08-19T10:48:15.460832+00:00,2026-08-19T10:48:15.460832+00:00
6a858a6ce44c4693789d8d65,EMP002742,anjali.yadav.2742@company.com,EMPLOYEE,default,False,2026-08-19T10:48:15.737566+00:00,2026-08-19T10:48:15.737566+00:00
6a858a6ce44c4693789d8d66,EMP002747,madhav.shetty.2747@company.com,EMPLOYEE,default,False,2026-08-19T10:48:15.991950+00:00,2026-08-19T10:48:15.991950+00:00
6a858a6ce44c4693789d8d67,EMP002757,shalini.thomas.2757@company.com,EMPLOYEE,default,False,2026-08-19T10:48:16.269144+00:00,2026-08-19T10:48:16.269144+00:00
6a858a6ce44c4693789d8d68,EMP002772,ananya.joseph.2772@company.com,EMPLOYEE,default,False,2026-08-19T10:48:16.539033+00:00,2026-08-19T10:48:16.539033+00:00
6a858a6ce44c4693789d8d69,EMP002776,bhavana.varma.2776@company.com,EMPLOYEE,default,False,2026-08-19T10:48:16.805458+00:00,2026-08-19T10:48:16.805458+00:00
6a858a6ce44c4693789d8d6a,EMP002780,diya.nair.2780@company.com,EMPLOYEE,default,False,2026-08-19T10:48:17.073677+00:00,2026-08-19T10:48:17.073677+00:00
6a858a6ce44c4693789d8d6b,EMP002792,manish.yadav.2792@company.com,EMPLOYEE,default,False,2026-08-19T10:48:17.343565+00:00,2026-08-19T10:48:17.343565+00:00
6a858a6ce44c4693789d8d6c,EMP002797,neha.shetty.2797@company.com,EMPLOYEE,default,False,2026-08-19T10:48:17.606548+00:00,2026-08-19T10:48:17.606548+00:00
6a858a6ce44c4693789d8d6d,EMP002823,divya.menon.2823@company.com,EMPLOYEE,default,False,2026-08-19T10:48:17.880167+00:00,2026-08-19T10:48:17.880167+00:00
6a858a6ce44c4693789d8d6e,EMP002837,shyam.iyer.2837@company.com,EMPLOYEE,default,False,2026-08-19T10:48:18.126504+00:00,2026-08-19T10:48:18.126504+00:00
6a858a6ce44c4693789d8d6f,EMP002854,ashwin.bhat.2854@company.com,EMPLOYEE,default,False,2026-08-19T10:48:18.382473+00:00,2026-08-19T10:48:18.382473+00:00
6a858a6ce44c4693789d8d70,EMP002890,sneha.naidu.2890@company.com,EMPLOYEE,default,False,2026-08-19T10:48:18.647507+00:00,2026-08-19T10:48:18.647507+00:00
6a858a6ce44c4693789d8d71,EMP002892,swathi.yadav.2892@company.com,EMPLOYEE,default,False,2026-08-19T10:48:18.962913+00:00,2026-08-19T10:48:18.962913+00:00
6a858a6ce44c4693789d8d72,EMP002901,anirudh.sharma.2901@company.com,EMPLOYEE,default,False,2026-08-19T10:48:19.254577+00:00,2026-08-19T10:48:19.254577+00:00
6a858a6ce44c4693789d8d73,EMP002910,pradeep.joshi.2910@company.com,EMPLOYEE,default,False,2026-08-19T10:48:19.534988+00:00,2026-08-19T10:48:19.534988+00:00
6a858a6ce44c4693789d8d74,EMP002912,rohan.kulkarni.2912@company.com,EMPLOYEE,default,False,2026-08-19T10:48:19.799052+00:00,2026-08-19T10:48:19.799052+00:00
6a858a6ce44c4693789d8d75,EMP002921,vasudha.gowda.2921@company.com,EMPLOYEE,default,False,2026-08-19T10:48:20.252793+00:00,2026-08-19T10:48:20.252793+00:00
6a858a6ce44c4693789d8d76,EMP002932,arnav.das.2932@company.com,EMPLOYEE,default,False,2026-08-19T10:48:20.763802+00:00,2026-08-19T10:48:20.763802+00:00
6a858a6ce44c4693789d8d77,EMP002939,esha.bose.2939@company.com,EMPLOYEE,default,False,2026-08-19T10:48:21.134415+00:00,2026-08-19T10:48:21.134415+00:00
6a858a6ce44c4693789d8d78,EMP002940,gaurav.naidu.2940@company.com,EMPLOYEE,default,False,2026-08-19T10:48:21.409574+00:00,2026-08-19T10:48:21.409574+00:00
6a858a6ce44c4693789d8d79,EMP002993,sameer.dsouza.2993@company.com,EMPLOYEE,default,False,2026-08-19T10:48:21.664918+00:00,2026-08-19T10:48:21.664918+00:00
6a858a6ce44c4693789d8d7a,EMP002997,simran.shetty.2997@company.com,EMPLOYEE,default,False,2026-08-19T10:48:21.973371+00:00,2026-08-19T10:48:21.973371+00:00
6a858a6ce44c4693789d8d7b,EMP002374,akash.singh.2374@company.com,EMPLOYEE,default,False,2026-08-19T10:48:22.296601+00:00,2026-08-19T10:48:22.296601+00:00
6a858a6ce44c4693789d8d7c,EMP002390,ishaan.naidu.2390@company.com,EMPLOYEE,default,False,2026-08-19T10:48:22.623378+00:00,2026-08-19T10:48:22.623378+00:00
6a858a6ce44c4693789d8d7d,EMP002397,manish.shetty.2397@company.com,EMPLOYEE,default,False,2026-08-19T10:48:22.893401+00:00,2026-08-19T10:48:22.893401+00:00
6a858a6ce44c4693789d8d7e,EMP002417,srinivas.kumar.2417@company.com,EMPLOYEE,default,False,2026-08-19T10:48:23.293009+00:00,2026-08-19T10:48:23.293009+00:00
6a858a6ce44c4693789d8d7f,EMP002445,surya.mehta.2445@company.com,EMPLOYEE,default,False,2026-08-19T10:48:23.589873+00:00,2026-08-19T10:48:23.589873+00:00
6a858a6ce44c4693789d8d80,EMP002456,ananya.thakur.2456@company.com,EMPLOYEE,default,False,2026-08-19T10:48:23.844808+00:00,2026-08-19T10:48:23.844808+00:00
6a858a6ce44c4693789d8d81,EMP002457,arjun.thomas.2457@company.com,EMPLOYEE,default,False,2026-08-19T10:48:24.089847+00:00,2026-08-19T10:48:24.089847+00:00
6a858a6ce44c4693789d8d82,EMP002476,manish.varma.2476@company.com,EMPLOYEE,default,False,2026-08-19T10:48:24.339681+00:00,2026-08-19T10:48:24.339681+00:00
6a858a6ce44c4693789d8d83,EMP002494,shreya.verma.2494@company.com,EMPLOYEE,default,False,2026-08-19T10:48:24.593235+00:00,2026-08-19T10:48:24.593235+00:00
6a858a6ce44c4693789d8d84,EMP002499,varun.pandey.2499@company.com,EMPLOYEE,default,False,2026-08-19T10:48:24.837821+00:00,2026-08-19T10:48:24.837821+00:00
6a858a6ce44c4693789d8d85,EMP002563,pranav.saxena.2563@company.com,EMPLOYEE,default,False,2026-08-19T10:48:25.083140+00:00,2026-08-19T10:48:25.083140+00:00
6a858a6ce44c4693789d8d86,EMP002568,riya.chopra.2568@company.com,EMPLOYEE,default,False,2026-08-19T10:48:25.331488+00:00,2026-08-19T10:48:25.331488+00:00
6a858a6ce44c4693789d8d87,EMP002602,simran.patel.2602@company.com,EMPLOYEE,default,False,2026-08-19T10:48:25.584731+00:00,2026-08-19T10:48:25.584731+00:00
6a858a6ce44c4693789d8d88,EMP002633,lakshmi.krishnan.2633@company.com,EMPLOYEE,default,False,2026-08-19T10:48:25.841252+00:00,2026-08-19T10:48:25.841252+00:00
6a858a6ce44c4693789d8d89,EMP002648,rohit.agarwal.2648@company.com,EMPLOYEE,default,False,2026-08-19T10:48:26.096646+00:00,2026-08-19T10:48:26.096646+00:00
6a858a6ce44c4693789d8d8a,EMP002664,anirudh.prasad.2664@company.com,EMPLOYEE,default,False,2026-08-19T10:48:26.357941+00:00,2026-08-19T10:48:26.357941+00:00
6a858a6ce44c4693789d8d8b,EMP002671,nithin.gowda.2671@company.com,EMPLOYEE,default,False,2026-08-19T10:48:26.615972+00:00,2026-08-19T10:48:26.615972+00:00
6a858a6ce44c4693789d8d8c,EMP002678,shalini.hegde.2678@company.com,EMPLOYEE,default,False,2026-08-19T10:48:26.860979+00:00,2026-08-19T10:48:26.860979+00:00
6a858a6ce44c4693789d8d8d,EMP002783,harish.krishnan.2783@company.com,EMPLOYEE,default,False,2026-08-19T10:48:27.107836+00:00,2026-08-19T10:48:27.107836+00:00
6a858a6ce44c4693789d8d8e,EMP002800,pranav.fernandes.2800@company.com,EMPLOYEE,default,False,2026-08-19T10:48:27.367064+00:00,2026-08-19T10:48:27.367064+00:00
6a858a6ce44c4693789d8d8f,EMP002803,raj.shah.2803@company.com,EMPLOYEE,default,False,2026-08-19T10:48:27.852487+00:00,2026-08-19T10:48:27.852487+00:00
6a858a6ce44c4693789d8d90,EMP002838,siddharth.kapoor.2838@company.com,EMPLOYEE,default,False,2026-08-19T10:48:28.301183+00:00,2026-08-19T10:48:28.301183+00:00
6a858a6ce44c4693789d8d91,EMP002850,amara.fernandes.2850@company.com,EMPLOYEE,default,False,2026-08-19T10:48:28.759830+00:00,2026-08-19T10:48:28.759830+00:00
6a858a6ce44c4693789d8d92,EMP002869,krishna.desai.2869@company.com,EMPLOYEE,default,False,2026-08-19T10:48:29.090677+00:00,2026-08-19T10:48:29.090677+00:00
6a858a6ce44c4693789d8d93,EMP002880,priya.nair.2880@company.com,EMPLOYEE,default,False,2026-08-19T10:48:29.350769+00:00,2026-08-19T10:48:29.350769+00:00
6a858a6ce44c4693789d8d94,EMP002884,riya.mukherjee.2884@company.com,EMPLOYEE,default,False,2026-08-19T10:48:29.627972+00:00,2026-08-19T10:48:29.627972+00:00
6a858a6ce44c4693789d8d95,EMP002902,divya.patel.2902@company.com,EMPLOYEE,default,False,2026-08-19T10:48:29.881981+00:00,2026-08-19T10:48:29.881981+00:00
6a858a6ce44c4693789d8d96,EMP002919,surya.desai.2919@company.com,EMPLOYEE,default,False,2026-08-19T10:48:30.141703+00:00,2026-08-19T10:48:30.141703+00:00
6a858a6ce44c4693789d8d97,EMP002929,amara.mathew.2929@company.com,EMPLOYEE,default,False,2026-08-19T10:48:30.507441+00:00,2026-08-19T10:48:30.507441+00:00
6a858a6ce44c4693789d8d98,EMP002933,ashwin.krishnan.2933@company.com,EMPLOYEE,default,False,2026-08-19T10:48:30.776766+00:00,2026-08-19T10:48:30.776766+00:00
6a858a6ce44c4693789d8d99,EMP002934,bhavana.mukherjee.2934@company.com,EMPLOYEE,default,False,2026-08-19T10:48:31.027566+00:00,2026-08-19T10:48:31.027566+00:00
6a858a6ce44c4693789d8d9a,EMP002937,dev.iyer.2937@company.com,EMPLOYEE,default,False,2026-08-19T10:48:31.307597+00:00,2026-08-19T10:48:31.307597+00:00
6a858a6ce44c4693789d8d9b,EMP002976,yash.varma.2976@company.com,EMPLOYEE,default,False,2026-08-19T10:48:31.558286+00:00,2026-08-19T10:48:31.558286+00:00
6a858a6ce44c4693789d8d9c,EMP002986,monica.george.2986@company.com,EMPLOYEE,default,False,2026-08-19T10:48:31.805230+00:00,2026-08-19T10:48:31.805230+00:00
6a858a6ce44c4693789d8d9d,EMP002992,sakshi.yadav.2992@company.com,EMPLOYEE,default,False,2026-08-19T10:48:32.054960+00:00,2026-08-19T10:48:32.054960+00:00
6a858a6ce44c4693789d8d9e,EMP002380,ashwin.nair.2380@company.com,EMPLOYEE,default,False,2026-08-19T10:48:32.304011+00:00,2026-08-19T10:48:32.304011+00:00
6a858a6ce44c4693789d8d9f,EMP002421,vikram.gowda.2421@company.com,EMPLOYEE,default,False,2026-08-19T10:48:32.548472+00:00,2026-08-19T10:48:32.548472+00:00
6a858a6ce44c4693789d8da0,EMP002424,zoya.singh.2424@company.com,EMPLOYEE,default,False,2026-08-19T10:48:32.799296+00:00,2026-08-19T10:48:32.799296+00:00
6a858a6ce44c4693789d8da1,EMP002431,madhav.gupta.2431@company.com,EMPLOYEE,default,False,2026-08-19T10:48:33.073495+00:00,2026-08-19T10:48:33.073495+00:00
6a858a6ce44c4693789d8da2,EMP002451,aditi.sharma.2451@company.com,EMPLOYEE,default,False,2026-08-19T10:48:33.332352+00:00,2026-08-19T10:48:33.332352+00:00
6a858a6ce44c4693789d8da3,EMP002462,deepa.kulkarni.2462@company.com,EMPLOYEE,default,False,2026-08-19T10:48:33.592045+00:00,2026-08-19T10:48:33.592045+00:00
6a858a6ce44c4693789d8da4,EMP002475,lakshmi.mishra.2475@company.com,EMPLOYEE,default,False,2026-08-19T10:48:33.875882+00:00,2026-08-19T10:48:33.875882+00:00
6a858a6ce44c4693789d8da5,EMP002483,pooja.krishnan.2483@company.com,EMPLOYEE,default,False,2026-08-19T10:48:34.132774+00:00,2026-08-19T10:48:34.132774+00:00
6a858a6ce44c4693789d8da6,EMP002486,rahul.george.2486@company.com,EMPLOYEE,default,False,2026-08-19T10:48:34.475932+00:00,2026-08-19T10:48:34.475932+00:00
6a858a6ce44c4693789d8da7,EMP002489,riya.bose.2489@company.com,EMPLOYEE,default,False,2026-08-19T10:48:34.734786+00:00,2026-08-19T10:48:34.734786+00:00
6a858a6ce44c4693789d8da8,EMP002496,srinivas.pillai.2496@company.com,EMPLOYEE,default,False,2026-08-19T10:48:34.983125+00:00,2026-08-19T10:48:34.983125+00:00
6a858a6ce44c4693789d8da9,EMP002497,swathi.shetty.2497@company.com,EMPLOYEE,default,False,2026-08-19T10:48:35.231172+00:00,2026-08-19T10:48:35.231172+00:00
6a858a6ce44c4693789d8daa,EMP002507,divya.thomas.2507@company.com,EMPLOYEE,default,False,2026-08-19T10:48:35.479017+00:00,2026-08-19T10:48:35.479017+00:00
6a858a6ce44c4693789d8dab,EMP002511,manasa.malhotra.2511@company.com,EMPLOYEE,default,False,2026-08-19T10:48:35.730457+00:00,2026-08-19T10:48:35.730457+00:00
6a858a6ce44c4693789d8dac,EMP002555,manish.jain.2555@company.com,EMPLOYEE,default,False,2026-08-19T10:48:36.079847+00:00,2026-08-19T10:48:36.079847+00:00
6a858a6ce44c4693789d8dad,EMP002559,naveen.rao.2559@company.com,EMPLOYEE,default,False,2026-08-19T10:48:36.699751+00:00,2026-08-19T10:48:36.699751+00:00
6a858a6ce44c4693789d8dae,EMP002562,pooja.kulkarni.2562@company.com,EMPLOYEE,default,False,2026-08-19T10:48:37.202378+00:00,2026-08-19T10:48:37.202378+00:00
6a858a6ce44c4693789d8daf,EMP002594,pradeep.verma.2594@company.com,EMPLOYEE,default,False,2026-08-19T10:48:37.666825+00:00,2026-08-19T10:48:37.666825+00:00
6a858a6ce44c4693789d8db0,EMP002597,sakshi.shetty.2597@company.com,EMPLOYEE,default,False,2026-08-19T10:48:37.944716+00:00,2026-08-19T10:48:37.944716+00:00
6a858a6ce44c4693789d8db1,EMP002603,surya.shah.2603@company.com,EMPLOYEE,default,False,2026-08-19T10:48:38.244384+00:00,2026-08-19T10:48:38.244384+00:00
6a858a6ce44c4693789d8db2,EMP002615,arjun.roy.2615@company.com,EMPLOYEE,default,False,2026-08-19T10:48:38.525942+00:00,2026-08-19T10:48:38.525942+00:00
6a858a6ce44c4693789d8db3,EMP002619,chetan.desai.2619@company.com,EMPLOYEE,default,False,2026-08-19T10:48:38.808548+00:00,2026-08-19T10:48:38.808548+00:00
6a858a6ce44c4693789d8db4,EMP002621,dev.gowda.2621@company.com,EMPLOYEE,default,False,2026-08-19T10:48:39.063771+00:00,2026-08-19T10:48:39.063771+00:00
6a858a6ce44c4693789d8db5,EMP002667,keerthi.kumar.2667@company.com,EMPLOYEE,default,False,2026-08-19T10:48:39.346055+00:00,2026-08-19T10:48:39.346055+00:00
6a858a6ce44c4693789d8db6,EMP002688,aditi.kapoor.2688@company.com,EMPLOYEE,default,False,2026-08-19T10:48:39.638316+00:00,2026-08-19T10:48:39.638316+00:00
6a858a6ce44c4693789d8db7,EMP002696,ashwin.pillai.2696@company.com,EMPLOYEE,default,False,2026-08-19T10:48:39.931425+00:00,2026-08-19T10:48:39.931425+00:00
6a858a6ce44c4693789d8db8,EMP002710,kiran.joshi.2710@company.com,EMPLOYEE,default,False,2026-08-19T10:48:40.220557+00:00,2026-08-19T10:48:40.220557+00:00
6a858a6ce44c4693789d8db9,EMP002734,swathi.mukherjee.2734@company.com,EMPLOYEE,default,False,2026-08-19T10:48:40.538920+00:00,2026-08-19T10:48:40.538920+00:00
6a858a6ce44c4693789d8dba,EMP002736,varun.george.2736@company.com,EMPLOYEE,default,False,2026-08-19T10:48:40.912466+00:00,2026-08-19T10:48:40.912466+00:00
6a858a6ce44c4693789d8dbb,EMP002748,manasa.agarwal.2748@company.com,EMPLOYEE,default,False,2026-08-19T10:48:41.225767+00:00,2026-08-19T10:48:41.225767+00:00
6a858a6ce44c4693789d8dbc,EMP002752,pradeep.patel.2752@company.com,EMPLOYEE,default,False,2026-08-19T10:48:41.483158+00:00,2026-08-19T10:48:41.483158+00:00
6a858a6ce44c4693789d8dbd,EMP002759,siddharth.rao.2759@company.com,EMPLOYEE,default,False,2026-08-19T10:48:41.761761+00:00,2026-08-19T10:48:41.761761+00:00
6a858a6ce44c4693789d8dbe,EMP002812,srinivas.kulkarni.2812@company.com,EMPLOYEE,default,False,2026-08-19T10:48:42.033067+00:00,2026-08-19T10:48:42.033067+00:00
6a858a6ce44c4693789d8dbf,EMP002814,tanvi.prasad.2814@company.com,EMPLOYEE,default,False,2026-08-19T10:48:42.331691+00:00,2026-08-19T10:48:42.331691+00:00
6a858a6ce44c4693789d8dc0,EMP002816,vikram.reddy.2816@company.com,EMPLOYEE,default,False,2026-08-19T10:48:42.584441+00:00,2026-08-19T10:48:42.584441+00:00
6a858a6ce44c4693789d8dc1,EMP002846,aditi.pillai.2846@company.com,EMPLOYEE,default,False,2026-08-19T10:48:42.847159+00:00,2026-08-19T10:48:42.847159+00:00
6a858a6ce44c4693789d8dc2,EMP002847,aditya.shetty.2847@company.com,EMPLOYEE,default,False,2026-08-19T10:48:43.096739+00:00,2026-08-19T10:48:43.096739+00:00
6a858a6ce44c4693789d8dc3,EMP002871,manish.gowda.2871@company.com,EMPLOYEE,default,False,2026-08-19T10:48:43.380857+00:00,2026-08-19T10:48:43.380857+00:00
6a858a6ce44c4693789d8dc4,EMP002895,vikram.mehta.2895@company.com,EMPLOYEE,default,False,2026-08-19T10:48:43.631706+00:00,2026-08-19T10:48:43.631706+00:00
6a858a6ce44c4693789d8dc5,EMP002896,vivek.pillai.2896@company.com,EMPLOYEE,default,False,2026-08-19T10:48:43.892236+00:00,2026-08-19T10:48:43.892236+00:00
6a858a6ce44c4693789d8dc6,EMP002922,vidya.joseph.2922@company.com,EMPLOYEE,default,False,2026-08-19T10:48:44.143948+00:00,2026-08-19T10:48:44.143948+00:00
6a858a6ce44c4693789d8dc7,EMP002943,ishaan.dsouza.2943@company.com,EMPLOYEE,default,False,2026-08-19T10:48:44.399580+00:00,2026-08-19T10:48:44.399580+00:00
6a858a6ce44c4693789d8dc8,EMP002953,nandini.shah.2953@company.com,EMPLOYEE,default,False,2026-08-19T10:48:44.650500+00:00,2026-08-19T10:48:44.650500+00:00
6a858a6ce44c4693789d8dc9,EMP002955,neha.jain.2955@company.com,EMPLOYEE,default,False,2026-08-19T10:48:44.900034+00:00,2026-08-19T10:48:44.900034+00:00
6a858a6ce44c4693789d8dca,EMP002985,manasa.tripathi.2985@company.com,EMPLOYEE,default,False,2026-08-19T10:48:45.142714+00:00,2026-08-19T10:48:45.142714+00:00
6a858a6ce44c4693789d8dcb,EMP002991,rohan.banerjee.2991@company.com,EMPLOYEE,default,False,2026-08-19T10:48:45.412487+00:00,2026-08-19T10:48:45.412487+00:00
6a858a6ce44c4693789d8dcc,EMP003000,vasudha.fernandes.3000@company.com,EMPLOYEE,default,False,2026-08-19T10:48:45.796313+00:00,2026-08-19T10:48:45.796313+00:00
6a858a6ce44c4693789d8dcd,EMP002376,amara.varma.2376@company.com,EMPLOYEE,default,False,2026-08-19T10:48:46.100731+00:00,2026-08-19T10:48:46.100731+00:00
6a858a6ce44c4693789d8dce,EMP002396,lakshmi.pillai.2396@company.com,EMPLOYEE,default,False,2026-08-19T10:48:46.352084+00:00,2026-08-19T10:48:46.352084+00:00
6a858a6ce44c4693789d8dcf,EMP002402,neha.patel.2402@company.com,EMPLOYEE,default,False,2026-08-19T10:48:46.679337+00:00,2026-08-19T10:48:46.679337+00:00
6a858a6ce44c4693789d8dd0,EMP002404,pooja.bhat.2404@company.com,EMPLOYEE,default,False,2026-08-19T10:48:46.969444+00:00,2026-08-19T10:48:46.969444+00:00
6a858a6ce44c4693789d8dd1,EMP002405,pranav.jain.2405@company.com,EMPLOYEE,default,False,2026-08-19T10:48:47.230868+00:00,2026-08-19T10:48:47.230868+00:00
6a858a6ce44c4693789d8dd2,EMP002427,anirudh.chatterjee.2427@company.com,EMPLOYEE,default,False,2026-08-19T10:48:47.481398+00:00,2026-08-19T10:48:47.481398+00:00
6a858a6ce44c4693789d8dd3,EMP002429,harini.mathew.2429@company.com,EMPLOYEE,default,False,2026-08-19T10:48:47.748700+00:00,2026-08-19T10:48:47.748700+00:00
6a858a6ce44c4693789d8dd4,EMP002439,sakshi.bose.2439@company.com,EMPLOYEE,default,False,2026-08-19T10:48:48.016250+00:00,2026-08-19T10:48:48.016250+00:00
6a858a6ce44c4693789d8dd5,EMP002449,vishal.pandey.2449@company.com,EMPLOYEE,default,False,2026-08-19T10:48:48.272427+00:00,2026-08-19T10:48:48.272427+00:00
6a858a6ce44c4693789d8dd6,EMP002510,madhav.joshi.2510@company.com,EMPLOYEE,default,False,2026-08-19T10:48:48.522899+00:00,2026-08-19T10:48:48.522899+00:00
6a858a6ce44c4693789d8dd7,EMP002512,monica.kulkarni.2512@company.com,EMPLOYEE,default,False,2026-08-19T10:48:48.768839+00:00,2026-08-19T10:48:48.768839+00:00
6a858a6ce44c4693789d8dd8,EMP002523,simran.menon.2523@company.com,EMPLOYEE,default,False,2026-08-19T10:48:49.015501+00:00,2026-08-19T10:48:49.015501+00:00
6a858a6ce44c4693789d8dd9,EMP002575,srinivas.mishra.2575@company.com,EMPLOYEE,default,False,2026-08-19T10:48:49.440730+00:00,2026-08-19T10:48:49.440730+00:00
6a858a6ce44c4693789d8dda,EMP002598,sameer.agarwal.2598@company.com,EMPLOYEE,default,False,2026-08-19T10:48:49.950540+00:00,2026-08-19T10:48:49.950540+00:00
6a858a6ce44c4693789d8ddb,EMP002632,krishna.das.2632@company.com,EMPLOYEE,default,False,2026-08-19T10:48:50.212144+00:00,2026-08-19T10:48:50.212144+00:00
6a858a6ce44c4693789d8ddc,EMP002635,meera.tripathi.2635@company.com,EMPLOYEE,default,False,2026-08-19T10:48:50.461384+00:00,2026-08-19T10:48:50.461384+00:00
6a858a6ce44c4693789d8ddd,EMP002646,rakesh.pillai.2646@company.com,EMPLOYEE,default,False,2026-08-19T10:48:50.705158+00:00,2026-08-19T10:48:50.705158+00:00
6a858a6ce44c4693789d8dde,EMP002649,sahana.pandey.2649@company.com,EMPLOYEE,default,False,2026-08-19T10:48:50.949599+00:00,2026-08-19T10:48:50.949599+00:00
6a858a6ce44c4693789d8ddf,EMP002656,tanvi.thakur.2656@company.com,EMPLOYEE,default,False,2026-08-19T10:48:51.283958+00:00,2026-08-19T10:48:51.283958+00:00
6a858a6ce44c4693789d8de0,EMP002663,anjali.saxena.2663@company.com,EMPLOYEE,default,False,2026-08-19T10:48:51.541620+00:00,2026-08-19T10:48:51.541620+00:00
6a858a6ce44c4693789d8de1,EMP002673,pradeep.menon.2673@company.com,EMPLOYEE,default,False,2026-08-19T10:48:51.796880+00:00,2026-08-19T10:48:51.796880+00:00
6a858a6ce44c4693789d8de2,EMP002676,sakshi.varma.2676@company.com,EMPLOYEE,default,False,2026-08-19T10:48:52.041885+00:00,2026-08-19T10:48:52.041885+00:00
6a858a6ce44c4693789d8de3,EMP002685,vidya.tripathi.2685@company.com,EMPLOYEE,default,False,2026-08-19T10:48:52.286655+00:00,2026-08-19T10:48:52.286655+00:00
6a858a6ce44c4693789d8de4,EMP002693,ananya.dsouza.2693@company.com,EMPLOYEE,default,False,2026-08-19T10:48:52.545206+00:00,2026-08-19T10:48:52.545206+00:00
6a858a6ce44c4693789d8de5,EMP002694,arjun.verma.2694@company.com,EMPLOYEE,default,False,2026-08-19T10:48:52.819735+00:00,2026-08-19T10:48:52.819735+00:00
6a858a6ce44c4693789d8de6,EMP002716,nandini.reddy.2716@company.com,EMPLOYEE,default,False,2026-08-19T10:48:53.089637+00:00,2026-08-19T10:48:53.089637+00:00
6a858a6ce44c4693789d8de7,EMP002729,sanjay.mathew.2729@company.com,EMPLOYEE,default,False,2026-08-19T10:48:53.333865+00:00,2026-08-19T10:48:53.333865+00:00
6a858a6ce44c4693789d8de8,EMP002732,sneha.das.2732@company.com,EMPLOYEE,default,False,2026-08-19T10:48:53.582996+00:00,2026-08-19T10:48:53.582996+00:00
6a858a6ce44c4693789d8de9,EMP002763,vasudha.saxena.2763@company.com,EMPLOYEE,default,False,2026-08-19T10:48:53.832106+00:00,2026-08-19T10:48:53.832106+00:00
6a858a6ce44c4693789d8dea,EMP002791,lakshmi.banerjee.2791@company.com,EMPLOYEE,default,False,2026-08-19T10:48:54.083982+00:00,2026-08-19T10:48:54.083982+00:00
6a858a6ce44c4693789d8deb,EMP002796,naveen.pillai.2796@company.com,EMPLOYEE,default,False,2026-08-19T10:48:54.322653+00:00,2026-08-19T10:48:54.322653+00:00
6a858a6ce44c4693789d8dec,EMP002835,sameer.tripathi.2835@company.com,EMPLOYEE,default,False,2026-08-19T10:48:54.580697+00:00,2026-08-19T10:48:54.580697+00:00
6a858a6ce44c4693789d8ded,EMP002840,surya.naidu.2840@company.com,EMPLOYEE,default,False,2026-08-19T10:48:54.831830+00:00,2026-08-19T10:48:54.831830+00:00
6a858a6ce44c4693789d8dee,EMP002853,arnav.shah.2853@company.com,EMPLOYEE,default,False,2026-08-19T10:48:55.082197+00:00,2026-08-19T10:48:55.082197+00:00
6a858a6ce44c4693789d8def,EMP002864,ishaan.prasad.2864@company.com,EMPLOYEE,default,False,2026-08-19T10:48:55.332083+00:00,2026-08-19T10:48:55.332083+00:00
6a858a6ce44c4693789d8df0,EMP002873,mohan.menon.2873@company.com,EMPLOYEE,default,False,2026-08-19T10:48:55.580298+00:00,2026-08-19T10:48:55.580298+00:00
6a858a6ce44c4693789d8df1,EMP002888,sanjana.kapoor.2888@company.com,EMPLOYEE,default,False,2026-08-19T10:48:55.839422+00:00,2026-08-19T10:48:55.839422+00:00
6a858a6ce44c4693789d8df2,EMP002894,varun.verma.2894@company.com,EMPLOYEE,default,False,2026-08-19T10:48:56.084699+00:00,2026-08-19T10:48:56.084699+00:00
6a858a6ce44c4693789d8df3,EMP002906,manasa.thakur.2906@company.com,EMPLOYEE,default,False,2026-08-19T10:48:56.331365+00:00,2026-08-19T10:48:56.331365+00:00
6a858a6ce44c4693789d8df4,EMP002957,pooja.thomas.2957@company.com,EMPLOYEE,default,False,2026-08-19T10:48:56.590473+00:00,2026-08-19T10:48:56.590473+00:00
6a858a6ce44c4693789d8df5,EMP002377,ananya.chatterjee.2377@company.com,EMPLOYEE,default,False,2026-08-19T10:48:56.845367+00:00,2026-08-19T10:48:56.845367+00:00
6a858a6ce44c4693789d8df6,EMP002400,nandini.fernandes.2400@company.com,EMPLOYEE,default,False,2026-08-19T10:48:57.090664+00:00,2026-08-19T10:48:57.090664+00:00
6a858a6ce44c4693789d8df7,EMP002437,reshma.iyer.2437@company.com,EMPLOYEE,default,False,2026-08-19T10:48:57.333199+00:00,2026-08-19T10:48:57.333199+00:00
6a858a6ce44c4693789d8df8,EMP002440,sameer.naidu.2440@company.com,EMPLOYEE,default,False,2026-08-19T10:48:57.573719+00:00,2026-08-19T10:48:57.573719+00:00
6a858a6ce44c4693789d8df9,EMP002447,vasudha.shetty.2447@company.com,EMPLOYEE,default,False,2026-08-19T10:48:57.876669+00:00,2026-08-19T10:48:57.876669+00:00
6a858a6ce44c4693789d8dfa,EMP002448,vidya.agarwal.2448@company.com,EMPLOYEE,default,False,2026-08-19T10:48:58.194069+00:00,2026-08-19T10:48:58.194069+00:00
6a858a6ce44c4693789d8dfb,EMP002453,akash.shah.2453@company.com,EMPLOYEE,default,False,2026-08-19T10:48:58.440624+00:00,2026-08-19T10:48:58.440624+00:00
6a858a6ce44c4693789d8dfc,EMP002465,esha.roy.2465@company.com,EMPLOYEE,default,False,2026-08-19T10:48:58.698497+00:00,2026-08-19T10:48:58.698497+00:00
6a858a6ce44c4693789d8dfd,EMP002479,nandini.mathew.2479@company.com,EMPLOYEE,default,False,2026-08-19T10:48:58.958736+00:00,2026-08-19T10:48:58.958736+00:00
6a858a6ce44c4693789d8dfe,EMP002513,nithin.saxena.2513@company.com,EMPLOYEE,default,False,2026-08-19T10:48:59.219814+00:00,2026-08-19T10:48:59.219814+00:00
6a858a6ce44c4693789d8dff,EMP002524,surya.singh.2524@company.com,EMPLOYEE,default,False,2026-08-19T10:48:59.465507+00:00,2026-08-19T10:48:59.465507+00:00
6a858a6ce44c4693789d8e00,EMP002533,akshay.krishnan.2533@company.com,EMPLOYEE,default,False,2026-08-19T10:48:59.714165+00:00,2026-08-19T10:48:59.714165+00:00
6a858a6ce44c4693789d8e01,EMP002571,sanjay.gowda.2571@company.com,EMPLOYEE,default,False,2026-08-19T10:48:59.972794+00:00,2026-08-19T10:48:59.972794+00:00
6a858a6ce44c4693789d8e02,EMP002638,naveen.kapoor.2638@company.com,EMPLOYEE,default,False,2026-08-19T10:49:00.226140+00:00,2026-08-19T10:49:00.226140+00:00
6a858a6ce44c4693789d8e03,EMP002651,sanjana.sharma.2651@company.com,EMPLOYEE,default,False,2026-08-19T10:49:00.481099+00:00,2026-08-19T10:49:00.481099+00:00
6a858a6ce44c4693789d8e04,EMP002724,raj.singh.2724@company.com,EMPLOYEE,default,False,2026-08-19T10:49:00.725188+00:00,2026-08-19T10:49:00.725188+00:00
6a858a6ce44c4693789d8e05,EMP002765,vishal.roy.2765@company.com,EMPLOYEE,default,False,2026-08-19T10:49:00.978708+00:00,2026-08-19T10:49:00.978708+00:00
6a858a6ce44c4693789d8e06,EMP002808,sanjay.sen.2808@company.com,EMPLOYEE,default,False,2026-08-19T10:49:01.248463+00:00,2026-08-19T10:49:01.248463+00:00
6a858a6ce44c4693789d8e07,EMP002811,sneha.malhotra.2811@company.com,EMPLOYEE,default,False,2026-08-19T10:49:01.495798+00:00,2026-08-19T10:49:01.495798+00:00
6a858a6ce44c4693789d8e08,EMP002817,vivek.kumar.2817@company.com,EMPLOYEE,default,False,2026-08-19T10:49:01.762421+00:00,2026-08-19T10:49:01.762421+00:00
6a858a6ce44c4693789d8e09,EMP002827,manasa.chatterjee.2827@company.com,EMPLOYEE,default,False,2026-08-19T10:49:02.034317+00:00,2026-08-19T10:49:02.034317+00:00
6a858a6ce44c4693789d8e0a,EMP002865,jahnavi.roy.2865@company.com,EMPLOYEE,default,False,2026-08-19T10:49:02.280877+00:00,2026-08-19T10:49:02.280877+00:00
6a858a6ce44c4693789d8e0b,EMP002877,nikhil.chatterjee.2877@company.com,EMPLOYEE,default,False,2026-08-19T10:49:02.599702+00:00,2026-08-19T10:49:02.599702+00:00
6a858a6ce44c4693789d8e0c,EMP002900,anjali.fernandes.2900@company.com,EMPLOYEE,default,False,2026-08-19T10:49:02.855844+00:00,2026-08-19T10:49:02.855844+00:00
6a858a6ce44c4693789d8e0d,EMP002905,madhav.jain.2905@company.com,EMPLOYEE,default,False,2026-08-19T10:49:03.123503+00:00,2026-08-19T10:49:03.123503+00:00
6a858a6ce44c4693789d8e0e,EMP002907,monica.thomas.2907@company.com,EMPLOYEE,default,False,2026-08-19T10:49:03.383541+00:00,2026-08-19T10:49:03.383541+00:00
6a858a6ce44c4693789d8e0f,EMP002944,jahnavi.verma.2944@company.com,EMPLOYEE,default,False,2026-08-19T10:49:03.638306+00:00,2026-08-19T10:49:03.638306+00:00
6a858a6ce44c4693789d8e10,EMP002975,vivek.mishra.2975@company.com,EMPLOYEE,default,False,2026-08-19T10:49:03.905654+00:00,2026-08-19T10:49:03.905654+00:00
6a858a6ce44c4693789d8e11,EMP002419,tanvi.desai.2419@company.com,EMPLOYEE,default,False,2026-08-19T10:49:04.162104+00:00,2026-08-19T10:49:04.162104+00:00
6a858a6ce44c4693789d8e12,EMP002425,abhinav.mishra.2425@company.com,EMPLOYEE,default,False,2026-08-19T10:49:04.408227+00:00,2026-08-19T10:49:04.408227+00:00
6a858a6ce44c4693789d8e13,EMP002435,pallavi.tripathi.2435@company.com,EMPLOYEE,default,False,2026-08-19T10:49:04.659267+00:00,2026-08-19T10:49:04.659267+00:00
6a858a6ce44c4693789d8e14,EMP002436,pradeep.george.2436@company.com,EMPLOYEE,default,False,2026-08-19T10:49:04.919265+00:00,2026-08-19T10:49:04.919265+00:00
6a858a6ce44c4693789d8e15,EMP002454,akshay.bhat.2454@company.com,EMPLOYEE,default,False,2026-08-19T10:49:05.165107+00:00,2026-08-19T10:49:05.165107+00:00
6a858a6ce44c4693789d8e16,EMP002467,harish.kumar.2467@company.com,EMPLOYEE,default,False,2026-08-19T10:49:05.407985+00:00,2026-08-19T10:49:05.407985+00:00
6a858a6ce44c4693789d8e17,EMP002491,sahana.banerjee.2491@company.com,EMPLOYEE,default,False,2026-08-19T10:49:05.653210+00:00,2026-08-19T10:49:05.653210+00:00
6a858a6ce44c4693789d8e18,EMP002506,anirudh.thakur.2506@company.com,EMPLOYEE,default,False,2026-08-19T10:49:05.914557+00:00,2026-08-19T10:49:05.914557+00:00
6a858a6ce44c4693789d8e19,EMP002528,vishal.hegde.2528@company.com,EMPLOYEE,default,False,2026-08-19T10:49:06.174576+00:00,2026-08-19T10:49:06.174576+00:00
6a858a6ce44c4693789d8e1a,EMP002543,diya.dsouza.2543@company.com,EMPLOYEE,default,False,2026-08-19T10:49:06.424290+00:00,2026-08-19T10:49:06.424290+00:00
6a858a6ce44c4693789d8e1b,EMP002554,lakshmi.bhat.2554@company.com,EMPLOYEE,default,False,2026-08-19T10:49:06.673082+00:00,2026-08-19T10:49:06.673082+00:00
6a858a6ce44c4693789d8e1c,EMP002570,sahana.sinha.2570@company.com,EMPLOYEE,default,False,2026-08-19T10:49:06.914255+00:00,2026-08-19T10:49:06.914255+00:00
6a858a6ce44c4693789d8e1d,EMP002583,abhinav.krishnan.2583@company.com,EMPLOYEE,default,False,2026-08-19T10:49:07.156630+00:00,2026-08-19T10:49:07.156630+00:00
6a858a6ce44c4693789d8e1e,EMP002595,reshma.mehta.2595@company.com,EMPLOYEE,default,False,2026-08-19T10:49:07.406155+00:00,2026-08-19T10:49:07.406155+00:00
6a858a6ce44c4693789d8e1f,EMP002611,akash.malhotra.2611@company.com,EMPLOYEE,default,False,2026-08-19T10:49:07.649694+00:00,2026-08-19T10:49:07.649694+00:00
6a858a6ce44c4693789d8e20,EMP002614,ananya.prasad.2614@company.com,EMPLOYEE,default,False,2026-08-19T10:49:07.898098+00:00,2026-08-19T10:49:07.898098+00:00
6a858a6ce44c4693789d8e21,EMP002634,manish.mukherjee.2634@company.com,EMPLOYEE,default,False,2026-08-19T10:49:08.147646+00:00,2026-08-19T10:49:08.147646+00:00
6a858a6ce44c4693789d8e22,EMP002644,rahul.verma.2644@company.com,EMPLOYEE,default,False,2026-08-19T10:49:08.404891+00:00,2026-08-19T10:49:08.404891+00:00
6a858a6ce44c4693789d8e23,EMP002675,rohan.mishra.2675@company.com,EMPLOYEE,default,False,2026-08-19T10:49:08.785409+00:00,2026-08-19T10:49:08.785409+00:00
6a858a6ce44c4693789d8e24,EMP002698,chetan.agarwal.2698@company.com,EMPLOYEE,default,False,2026-08-19T10:49:09.294319+00:00,2026-08-19T10:49:09.294319+00:00
6a858a6ce44c4693789d8e25,EMP002706,ishaan.thakur.2706@company.com,EMPLOYEE,default,False,2026-08-19T10:49:09.655058+00:00,2026-08-19T10:49:09.655058+00:00
6a858a6ce44c4693789d8e26,EMP002707,jahnavi.thomas.2707@company.com,EMPLOYEE,default,False,2026-08-19T10:49:09.962610+00:00,2026-08-19T10:49:09.962610+00:00
6a858a6ce44c4693789d8e27,EMP002713,manish.saxena.2713@company.com,EMPLOYEE,default,False,2026-08-19T10:49:10.244437+00:00,2026-08-19T10:49:10.244437+00:00
6a858a6ce44c4693789d8e28,EMP002719,nikhil.desai.2719@company.com,EMPLOYEE,default,False,2026-08-19T10:49:10.516956+00:00,2026-08-19T10:49:10.516956+00:00
6a858a6ce44c4693789d8e29,EMP002731,shreya.gupta.2731@company.com,EMPLOYEE,default,False,2026-08-19T10:49:10.804100+00:00,2026-08-19T10:49:10.804100+00:00
6a858a6ce44c4693789d8e2a,EMP002739,yash.bose.2739@company.com,EMPLOYEE,default,False,2026-08-19T10:49:11.089303+00:00,2026-08-19T10:49:11.089303+00:00
6a858a6ce44c4693789d8e2b,EMP002750,nithin.fernandes.2750@company.com,EMPLOYEE,default,False,2026-08-19T10:49:11.357547+00:00,2026-08-19T10:49:11.357547+00:00
6a858a6ce44c4693789d8e2c,EMP002766,aarav.reddy.2766@company.com,EMPLOYEE,default,False,2026-08-19T10:49:11.624588+00:00,2026-08-19T10:49:11.624588+00:00
6a858a6ce44c4693789d8e2d,EMP002768,aditya.chopra.2768@company.com,EMPLOYEE,default,False,2026-08-19T10:49:11.883209+00:00,2026-08-19T10:49:11.883209+00:00
6a858a6ce44c4693789d8e2e,EMP002771,amara.gowda.2771@company.com,EMPLOYEE,default,False,2026-08-19T10:49:12.213994+00:00,2026-08-19T10:49:12.213994+00:00
6a858a6ce44c4693789d8e2f,EMP002781,esha.gupta.2781@company.com,EMPLOYEE,default,False,2026-08-19T10:49:12.648271+00:00,2026-08-19T10:49:12.648271+00:00
6a858a6ce44c4693789d8e30,EMP002784,isha.mukherjee.2784@company.com,EMPLOYEE,default,False,2026-08-19T10:49:12.898525+00:00,2026-08-19T10:49:12.898525+00:00
6a858a6ce44c4693789d8e31,EMP002813,swathi.saxena.2813@company.com,EMPLOYEE,default,False,2026-08-19T10:49:13.149222+00:00,2026-08-19T10:49:13.149222+00:00
6a858a6ce44c4693789d8e32,EMP002842,vasudha.yadav.2842@company.com,EMPLOYEE,default,False,2026-08-19T10:49:13.403201+00:00,2026-08-19T10:49:13.403201+00:00
6a858a6ce44c4693789d8e33,EMP002867,kavya.kumar.2867@company.com,EMPLOYEE,default,False,2026-08-19T10:49:13.660448+00:00,2026-08-19T10:49:13.660448+00:00
6a858a6ce44c4693789d8e34,EMP002870,lakshmi.sinha.2870@company.com,EMPLOYEE,default,False,2026-08-19T10:49:13.931036+00:00,2026-08-19T10:49:13.931036+00:00
6a858a6ce44c4693789d8e35,EMP002878,pooja.hegde.2878@company.com,EMPLOYEE,default,False,2026-08-19T10:49:14.174311+00:00,2026-08-19T10:49:14.174311+00:00
6a858a6ce44c4693789d8e36,EMP002898,zoya.agarwal.2898@company.com,EMPLOYEE,default,False,2026-08-19T10:49:14.430991+00:00,2026-08-19T10:49:14.430991+00:00
6a858a6ce44c4693789d8e37,EMP002899,abhinav.pandey.2899@company.com,EMPLOYEE,default,False,2026-08-19T10:49:14.693774+00:00,2026-08-19T10:49:14.693774+00:00
6a858a6ce44c4693789d8e38,EMP002904,keerthi.bhat.2904@company.com,EMPLOYEE,default,False,2026-08-19T10:49:14.947604+00:00,2026-08-19T10:49:14.947604+00:00
6a858a6ce44c4693789d8e39,EMP002947,kiran.shetty.2947@company.com,EMPLOYEE,default,False,2026-08-19T10:49:15.197098+00:00,2026-08-19T10:49:15.197098+00:00
6a858a6ce44c4693789d8e3a,EMP002948,krishna.agarwal.2948@company.com,EMPLOYEE,default,False,2026-08-19T10:49:15.453857+00:00,2026-08-19T10:49:15.453857+00:00
6a858a6ce44c4693789d8e3b,EMP002952,mohan.patel.2952@company.com,EMPLOYEE,default,False,2026-08-19T10:49:15.700610+00:00,2026-08-19T10:49:15.700610+00:00
6a858a6ce44c4693789d8e3c,EMP002959,priya.rao.2959@company.com,EMPLOYEE,default,False,2026-08-19T10:49:15.942708+00:00,2026-08-19T10:49:15.942708+00:00
6a858a6ce44c4693789d8e3d,EMP002969,sneha.desai.2969@company.com,EMPLOYEE,default,False,2026-08-19T10:49:16.187585+00:00,2026-08-19T10:49:16.187585+00:00
6a858a6ce44c4693789d8e3e,EMP002980,anirudh.nair.2980@company.com,EMPLOYEE,default,False,2026-08-19T10:49:16.440364+00:00,2026-08-19T10:49:16.440364+00:00
6a858a6ce44c4693789d8e3f,EMP002994,shalini.verma.2994@company.com,EMPLOYEE,default,False,2026-08-19T10:49:16.680556+00:00,2026-08-19T10:49:16.680556+00:00
6a858a6ce44c4693789d8e40,EMP002995,shyam.mehta.2995@company.com,EMPLOYEE,default,False,2026-08-19T10:49:16.930403+00:00,2026-08-19T10:49:16.930403+00:00
6a858a6ce44c4693789d8e41,EMP002415,shreya.roy.2415@company.com,EMPLOYEE,default,False,2026-08-19T10:49:17.180097+00:00,2026-08-19T10:49:17.180097+00:00
6a858a6ce44c4693789d8e42,EMP002452,aditya.patel.2452@company.com,EMPLOYEE,default,False,2026-08-19T10:49:17.441003+00:00,2026-08-19T10:49:17.441003+00:00
6a858a6ce44c4693789d8e43,EMP002549,jahnavi.pandey.2549@company.com,EMPLOYEE,default,False,2026-08-19T10:49:17.688157+00:00,2026-08-19T10:49:17.688157+00:00
6a858a6ce44c4693789d8e44,EMP002574,sneha.singh.2574@company.com,EMPLOYEE,default,False,2026-08-19T10:49:17.956189+00:00,2026-08-19T10:49:17.956189+00:00
6a858a6ce44c4693789d8e45,EMP002590,manasa.naidu.2590@company.com,EMPLOYEE,default,False,2026-08-19T10:49:18.214215+00:00,2026-08-19T10:49:18.214215+00:00
6a858a6ce44c4693789d8e46,EMP002604,vaishnavi.bhat.2604@company.com,EMPLOYEE,default,False,2026-08-19T10:49:18.473938+00:00,2026-08-19T10:49:18.473938+00:00
6a858a6ce44c4693789d8e47,EMP002610,aditya.joshi.2610@company.com,EMPLOYEE,default,False,2026-08-19T10:49:18.722270+00:00,2026-08-19T10:49:18.722270+00:00
6a858a6ce44c4693789d8e48,EMP002622,diya.joseph.2622@company.com,EMPLOYEE,default,False,2026-08-19T10:49:18.973348+00:00,2026-08-19T10:49:18.973348+00:00
6a858a6ce44c4693789d8e49,EMP002627,ishaan.chatterjee.2627@company.com,EMPLOYEE,default,False,2026-08-19T10:49:19.217003+00:00,2026-08-19T10:49:19.217003+00:00
6a858a6ce44c4693789d8e4a,EMP002641,pooja.banerjee.2641@company.com,EMPLOYEE,default,False,2026-08-19T10:49:19.464901+00:00,2026-08-19T10:49:19.464901+00:00
6a858a6ce44c4693789d8e4b,EMP002642,pranav.yadav.2642@company.com,EMPLOYEE,default,False,2026-08-19T10:49:19.712190+00:00,2026-08-19T10:49:19.712190+00:00
6a858a6ce44c4693789d8e4c,EMP002682,surya.das.2682@company.com,EMPLOYEE,default,False,2026-08-19T10:49:19.960056+00:00,2026-08-19T10:49:19.960056+00:00
6a858a6ce44c4693789d8e4d,EMP002683,vaishnavi.krishnan.2683@company.com,EMPLOYEE,default,False,2026-08-19T10:49:20.226013+00:00,2026-08-19T10:49:20.226013+00:00
6a858a6ce44c4693789d8e4e,EMP002745,harini.mehta.2745@company.com,EMPLOYEE,default,False,2026-08-19T10:49:20.481842+00:00,2026-08-19T10:49:20.481842+00:00
6a858a6ce44c4693789d8e4f,EMP002753,reshma.shah.2753@company.com,EMPLOYEE,default,False,2026-08-19T10:49:20.730997+00:00,2026-08-19T10:49:20.730997+00:00
6a858a6ce44c4693789d8e50,EMP002755,sakshi.jain.2755@company.com,EMPLOYEE,default,False,2026-08-19T10:49:20.971756+00:00,2026-08-19T10:49:20.971756+00:00
6a858a6ce44c4693789d8e51,EMP002769,akash.desai.2769@company.com,EMPLOYEE,default,False,2026-08-19T10:49:21.217038+00:00,2026-08-19T10:49:21.217038+00:00
6a858a6ce44c4693789d8e52,EMP002790,krishna.naidu.2790@company.com,EMPLOYEE,default,False,2026-08-19T10:49:21.509207+00:00,2026-08-19T10:49:21.509207+00:00
6a858a6ce44c4693789d8e53,EMP002798,nikhil.agarwal.2798@company.com,EMPLOYEE,default,False,2026-08-19T10:49:21.791629+00:00,2026-08-19T10:49:21.791629+00:00
6a858a6ce44c4693789d8e54,EMP002807,sahana.thomas.2807@company.com,EMPLOYEE,default,False,2026-08-19T10:49:22.040410+00:00,2026-08-19T10:49:22.040410+00:00
6a858a6ce44c4693789d8e55,EMP002810,shreya.joshi.2810@company.com,EMPLOYEE,default,False,2026-08-19T10:49:22.303212+00:00,2026-08-19T10:49:22.303212+00:00
6a858a6ce44c4693789d8e56,EMP002820,abhinav.sinha.2820@company.com,EMPLOYEE,default,False,2026-08-19T10:49:22.552005+00:00,2026-08-19T10:49:22.552005+00:00
6a858a6ce44c4693789d8e57,EMP002872,meera.joseph.2872@company.com,EMPLOYEE,default,False,2026-08-19T10:49:22.801443+00:00,2026-08-19T10:49:22.801443+00:00
6a858a6ce44c4693789d8e58,EMP002908,nithin.sen.2908@company.com,EMPLOYEE,default,False,2026-08-19T10:49:23.053776+00:00,2026-08-19T10:49:23.053776+00:00
6a858a6ce44c4693789d8e59,EMP002924,aarav.singh.2924@company.com,EMPLOYEE,default,False,2026-08-19T10:49:23.297533+00:00,2026-08-19T10:49:23.297533+00:00
6a858a6ce44c4693789d8e5a,EMP002942,isha.yadav.2942@company.com,EMPLOYEE,default,False,2026-08-19T10:49:23.541778+00:00,2026-08-19T10:49:23.541778+00:00
6a858a6ce44c4693789d8e5b,EMP002972,tanvi.joseph.2972@company.com,EMPLOYEE,default,False,2026-08-19T10:49:23.790989+00:00,2026-08-19T10:49:23.790989+00:00
6a858a6ce44c4693789d8e5c,EMP002982,harini.das.2982@company.com,EMPLOYEE,default,False,2026-08-19T10:49:24.038313+00:00,2026-08-19T10:49:24.038313+00:00
6a858a6ce44c4693789d8e5d,EMP002385,diya.tripathi.2385@company.com,EMPLOYEE,default,False,2026-08-19T10:49:24.288208+00:00,2026-08-19T10:49:24.288208+00:00
6a858a6ce44c4693789d8e5e,EMP002392,karan.yadav.2392@company.com,EMPLOYEE,default,False,2026-08-19T10:49:24.533564+00:00,2026-08-19T10:49:24.533564+00:00
6a858a6ce44c4693789d8e5f,EMP002401,naveen.sharma.2401@company.com,EMPLOYEE,default,False,2026-08-19T10:49:24.790988+00:00,2026-08-19T10:49:24.790988+00:00
6a858a6ce44c4693789d8e60,EMP002413,sanjay.saxena.2413@company.com,EMPLOYEE,default,False,2026-08-19T10:49:25.036739+00:00,2026-08-19T10:49:25.036739+00:00
6a858a6ce44c4693789d8e61,EMP002418,swathi.chopra.2418@company.com,EMPLOYEE,default,False,2026-08-19T10:49:25.274836+00:00,2026-08-19T10:49:25.274836+00:00
6a858a6ce44c4693789d8e62,EMP002433,monica.krishnan.2433@company.com,EMPLOYEE,default,False,2026-08-19T10:49:25.532362+00:00,2026-08-19T10:49:25.532362+00:00
6a858a6ce44c4693789d8e63,EMP002459,ashwin.rao.2459@company.com,EMPLOYEE,default,False,2026-08-19T10:49:25.791403+00:00,2026-08-19T10:49:25.791403+00:00
6a858a6ce44c4693789d8e64,EMP002468,isha.chopra.2468@company.com,EMPLOYEE,default,False,2026-08-19T10:49:26.043341+00:00,2026-08-19T10:49:26.043341+00:00
6a858a6ce44c4693789d8e65,EMP002500,vikram.fernandes.2500@company.com,EMPLOYEE,default,False,2026-08-19T10:49:26.298397+00:00,2026-08-19T10:49:26.298397+00:00
6a858a6ce44c4693789d8e66,EMP002508,harini.sen.2508@company.com,EMPLOYEE,default,False,2026-08-19T10:49:26.742223+00:00,2026-08-19T10:49:26.742223+00:00
6a858a6ce44c4693789d8e67,EMP002516,reshma.reddy.2516@company.com,EMPLOYEE,default,False,2026-08-19T10:49:26.983475+00:00,2026-08-19T10:49:26.983475+00:00
6a858a6ce44c4693789d8e68,EMP002521,shyam.gowda.2521@company.com,EMPLOYEE,default,False,2026-08-19T10:49:27.230570+00:00,2026-08-19T10:49:27.230570+00:00
6a858a6ce44c4693789d8e69,EMP002532,akash.das.2532@company.com,EMPLOYEE,default,False,2026-08-19T10:49:27.484841+00:00,2026-08-19T10:49:27.484841+00:00
6a858a6ce44c4693789d8e6a,EMP002551,kavya.sharma.2551@company.com,EMPLOYEE,default,False,2026-08-19T10:49:27.733132+00:00,2026-08-19T10:49:27.733132+00:00
6a858a6ce44c4693789d8e6b,EMP002623,esha.menon.2623@company.com,EMPLOYEE,default,False,2026-08-19T10:49:27.980376+00:00,2026-08-19T10:49:27.980376+00:00
6a858a6ce44c4693789d8e6c,EMP002640,nikhil.naidu.2640@company.com,EMPLOYEE,default,False,2026-08-19T10:49:28.224873+00:00,2026-08-19T10:49:28.224873+00:00
6a858a6ce44c4693789d8e6d,EMP002744,divya.verma.2744@company.com,EMPLOYEE,default,False,2026-08-19T10:49:28.472471+00:00,2026-08-19T10:49:28.472471+00:00
6a858a6ce44c4693789d8e6e,EMP002758,shyam.sen.2758@company.com,EMPLOYEE,default,False,2026-08-19T10:49:28.799996+00:00,2026-08-19T10:49:28.799996+00:00
6a858a6ce44c4693789d8e6f,EMP002794,mohan.verma.2794@company.com,EMPLOYEE,default,False,2026-08-19T10:49:29.048397+00:00,2026-08-19T10:49:29.048397+00:00
6a858a6ce44c4693789d8e70,EMP002815,varun.roy.2815@company.com,EMPLOYEE,default,False,2026-08-19T10:49:29.290265+00:00,2026-08-19T10:49:29.290265+00:00
6a858a6ce44c4693789d8e71,EMP002821,anjali.gowda.2821@company.com,EMPLOYEE,default,False,2026-08-19T10:49:29.540844+00:00,2026-08-19T10:49:29.540844+00:00
6a858a6ce44c4693789d8e72,EMP002855,bhavana.jain.2855@company.com,EMPLOYEE,default,False,2026-08-19T10:49:29.815501+00:00,2026-08-19T10:49:29.815501+00:00
6a858a6ce44c4693789d8e73,EMP002860,esha.joshi.2860@company.com,EMPLOYEE,default,False,2026-08-19T10:49:30.089166+00:00,2026-08-19T10:49:30.089166+00:00
6a858a6ce44c4693789d8e74,EMP002863,isha.saxena.2863@company.com,EMPLOYEE,default,False,2026-08-19T10:49:30.347604+00:00,2026-08-19T10:49:30.347604+00:00
6a858a6ce44c4693789d8e75,EMP002911,reshma.malhotra.2911@company.com,EMPLOYEE,default,False,2026-08-19T10:49:30.603442+00:00,2026-08-19T10:49:30.603442+00:00
6a858a6ce44c4693789d8e76,EMP002916,shyam.reddy.2916@company.com,EMPLOYEE,default,False,2026-08-19T10:49:30.969324+00:00,2026-08-19T10:49:30.969324+00:00
6a858a6ce44c4693789d8e77,EMP002936,deepa.george.2936@company.com,EMPLOYEE,default,False,2026-08-19T10:49:31.258011+00:00,2026-08-19T10:49:31.258011+00:00
6a858a6ce44c4693789d8e78,EMP002977,zoya.chatterjee.2977@company.com,EMPLOYEE,default,False,2026-08-19T10:49:31.524909+00:00,2026-08-19T10:49:31.524909+00:00
6a858a6ce44c4693789d8e79,EMP002981,divya.gupta.2981@company.com,EMPLOYEE,default,False,2026-08-19T10:49:31.803001+00:00,2026-08-19T10:49:31.803001+00:00
6a858a6ce44c4693789d8e7a,EMP002984,madhav.mukherjee.2984@company.com,EMPLOYEE,default,False,2026-08-19T10:49:32.077672+00:00,2026-08-19T10:49:32.077672+00:00
6a858a6ce44c4693789d8e7b,EMP002987,nithin.iyer.2987@company.com,EMPLOYEE,default,False,2026-08-19T10:49:32.343975+00:00,2026-08-19T10:49:32.343975+00:00
6a858a6ce44c4693789d8e7c,EMP002988,pallavi.kapoor.2988@company.com,EMPLOYEE,default,False,2026-08-19T10:49:32.599981+00:00,2026-08-19T10:49:32.599981+00:00
6a858a6ce44c4693789d8e7d,EMP002996,siddharth.pillai.2996@company.com,EMPLOYEE,default,False,2026-08-19T10:49:32.855180+00:00,2026-08-19T10:49:32.855180+00:00
6a858a6ce44c4693789d8e7e,EMP002375,akshay.mishra.2375@company.com,EMPLOYEE,default,False,2026-08-19T10:49:33.130321+00:00,2026-08-19T10:49:33.130321+00:00
6a858a6ce44c4693789d8e7f,EMP002381,bhavana.gupta.2381@company.com,EMPLOYEE,default,False,2026-08-19T10:49:33.376914+00:00,2026-08-19T10:49:33.376914+00:00
6a858a6ce44c4693789d8e80,EMP002409,rakesh.rao.2409@company.com,EMPLOYEE,default,False,2026-08-19T10:49:33.628169+00:00,2026-08-19T10:49:33.628169+00:00
6a858a6ce44c4693789d8e81,EMP002432,manasa.das.2432@company.com,EMPLOYEE,default,False,2026-08-19T10:49:33.885070+00:00,2026-08-19T10:49:33.885070+00:00
6a858a6ce44c4693789d8e82,EMP002481,neha.gupta.2481@company.com,EMPLOYEE,default,False,2026-08-19T10:49:34.136443+00:00,2026-08-19T10:49:34.136443+00:00
6a858a6ce44c4693789d8e83,EMP002485,priya.tripathi.2485@company.com,EMPLOYEE,default,False,2026-08-19T10:49:34.380811+00:00,2026-08-19T10:49:34.380811+00:00
6a858a6ce44c4693789d8e84,EMP002518,sakshi.chopra.2518@company.com,EMPLOYEE,default,False,2026-08-19T10:49:34.659322+00:00,2026-08-19T10:49:34.659322+00:00
6a858a6ce44c4693789d8e85,EMP002585,anirudh.tripathi.2585@company.com,EMPLOYEE,default,False,2026-08-19T10:49:34.947684+00:00,2026-08-19T10:49:34.947684+00:00
6a858a6ce44c4693789d8e86,EMP002601,siddharth.sharma.2601@company.com,EMPLOYEE,default,False,2026-08-19T10:49:35.220890+00:00,2026-08-19T10:49:35.220890+00:00
6a858a6ce44c4693789d8e87,EMP002618,bhavana.chopra.2618@company.com,EMPLOYEE,default,False,2026-08-19T10:49:35.493103+00:00,2026-08-19T10:49:35.493103+00:00
6a858a6ce44c4693789d8e88,EMP002639,neha.bose.2639@company.com,EMPLOYEE,default,False,2026-08-19T10:49:35.749770+00:00,2026-08-19T10:49:35.749770+00:00
6a858a6ce44c4693789d8e89,EMP002650,sanjay.fernandes.2650@company.com,EMPLOYEE,default,False,2026-08-19T10:49:35.993730+00:00,2026-08-19T10:49:35.993730+00:00
6a858a6ce44c4693789d8e8a,EMP002674,reshma.singh.2674@company.com,EMPLOYEE,default,False,2026-08-19T10:49:36.292794+00:00,2026-08-19T10:49:36.292794+00:00
6a858a6ce44c4693789d8e8b,EMP002700,dev.fernandes.2700@company.com,EMPLOYEE,default,False,2026-08-19T10:49:36.541203+00:00,2026-08-19T10:49:36.541203+00:00
6a858a6ce44c4693789d8e8c,EMP002722,priya.joseph.2722@company.com,EMPLOYEE,default,False,2026-08-19T10:49:36.829764+00:00,2026-08-19T10:49:36.829764+00:00
6a858a6ce44c4693789d8e8d,EMP002727,rohit.chatterjee.2727@company.com,EMPLOYEE,default,False,2026-08-19T10:49:37.133452+00:00,2026-08-19T10:49:37.133452+00:00
6a858a6ce44c4693789d8e8e,EMP002749,monica.pandey.2749@company.com,EMPLOYEE,default,False,2026-08-19T10:49:37.466267+00:00,2026-08-19T10:49:37.466267+00:00
6a858a6ce44c4693789d8e8f,EMP002773,arjun.menon.2773@company.com,EMPLOYEE,default,False,2026-08-19T10:49:37.795190+00:00,2026-08-19T10:49:37.795190+00:00
6a858a6ce44c4693789d8e90,EMP002774,arnav.singh.2774@company.com,EMPLOYEE,default,False,2026-08-19T10:49:38.072589+00:00,2026-08-19T10:49:38.072589+00:00
6a858a6ce44c4693789d8e91,EMP002789,kiran.bose.2789@company.com,EMPLOYEE,default,False,2026-08-19T10:49:38.360130+00:00,2026-08-19T10:49:38.360130+00:00
6a858a6ce44c4693789d8e92,EMP002804,rakesh.bhat.2804@company.com,EMPLOYEE,default,False,2026-08-19T10:49:38.630499+00:00,2026-08-19T10:49:38.630499+00:00
6a858a6ce44c4693789d8e93,EMP002849,akshay.pandey.2849@company.com,EMPLOYEE,default,False,2026-08-19T10:49:38.920221+00:00,2026-08-19T10:49:38.920221+00:00
6a858a6ce44c4693789d8e94,EMP002918,simran.chopra.2918@company.com,EMPLOYEE,default,False,2026-08-19T10:49:39.223282+00:00,2026-08-19T10:49:39.223282+00:00
6a858a6ce44c4693789d8e95,EMP002920,vaishnavi.sinha.2920@company.com,EMPLOYEE,default,False,2026-08-19T10:49:39.499850+00:00,2026-08-19T10:49:39.499850+00:00
6a858a6ce44c4693789d8e96,EMP002938,diya.kapoor.2938@company.com,EMPLOYEE,default,False,2026-08-19T10:49:39.745533+00:00,2026-08-19T10:49:39.745533+00:00
6a858a6ce44c4693789d8e97,EMP002941,harish.banerjee.2941@company.com,EMPLOYEE,default,False,2026-08-19T10:49:39.999756+00:00,2026-08-19T10:49:39.999756+00:00
6a858a6ce44c4693789d8e98,EMP002958,pranav.sen.2958@company.com,EMPLOYEE,default,False,2026-08-19T10:49:40.277716+00:00,2026-08-19T10:49:40.277716+00:00
6a858a6ce44c4693789d8e99,EMP002962,rakesh.kulkarni.2962@company.com,EMPLOYEE,default,False,2026-08-19T10:49:40.551243+00:00,2026-08-19T10:49:40.551243+00:00
6a858a6ce44c4693789d8e9a,EMP002970,srinivas.sinha.2970@company.com,EMPLOYEE,default,False,2026-08-19T10:49:40.805404+00:00,2026-08-19T10:49:40.805404+00:00
6a858a6ce44c4693789d8e9b,EMP002386,esha.george.2386@company.com,EMPLOYEE,default,False,2026-08-19T10:49:41.069687+00:00,2026-08-19T10:49:41.069687+00:00
6a858a6ce44c4693789d8e9c,EMP002420,varun.sinha.2420@company.com,EMPLOYEE,default,False,2026-08-19T10:49:41.355141+00:00,2026-08-19T10:49:41.355141+00:00
6a858a6ce44c4693789d8e9d,EMP002455,amara.jain.2455@company.com,EMPLOYEE,default,False,2026-08-19T10:49:41.626983+00:00,2026-08-19T10:49:41.626983+00:00
6a858a6ce44c4693789d8e9e,EMP002470,jahnavi.sinha.2470@company.com,EMPLOYEE,default,False,2026-08-19T10:49:41.889406+00:00,2026-08-19T10:49:41.889406+00:00
6a858a6ce44c4693789d8e9f,EMP002473,kiran.menon.2473@company.com,EMPLOYEE,default,False,2026-08-19T10:49:42.153926+00:00,2026-08-19T10:49:42.153926+00:00
6a858a6ce44c4693789d8ea0,EMP002474,krishna.singh.2474@company.com,EMPLOYEE,default,False,2026-08-19T10:49:42.409497+00:00,2026-08-19T10:49:42.409497+00:00
6a858a6ce44c4693789d8ea1,EMP002482,nikhil.das.2482@company.com,EMPLOYEE,default,False,2026-08-19T10:49:42.675524+00:00,2026-08-19T10:49:42.675524+00:00
6a858a6ce44c4693789d8ea2,EMP002488,rakesh.kapoor.2488@company.com,EMPLOYEE,default,False,2026-08-19T10:49:42.941497+00:00,2026-08-19T10:49:42.941497+00:00
6a858a6ce44c4693789d8ea3,EMP002505,anjali.jain.2505@company.com,EMPLOYEE,default,False,2026-08-19T10:49:43.194913+00:00,2026-08-19T10:49:43.194913+00:00
6a858a6ce44c4693789d8ea4,EMP002519,sameer.desai.2519@company.com,EMPLOYEE,default,False,2026-08-19T10:49:43.440986+00:00,2026-08-19T10:49:43.440986+00:00
6a858a6ce44c4693789d8ea5,EMP002522,siddharth.joseph.2522@company.com,EMPLOYEE,default,False,2026-08-19T10:49:43.691217+00:00,2026-08-19T10:49:43.691217+00:00
6a858a6ce44c4693789d8ea6,EMP002525,vaishnavi.mishra.2525@company.com,EMPLOYEE,default,False,2026-08-19T10:49:43.942004+00:00,2026-08-19T10:49:43.942004+00:00
6a858a6ce44c4693789d8ea7,EMP002540,chetan.naidu.2540@company.com,EMPLOYEE,default,False,2026-08-19T10:49:44.192722+00:00,2026-08-19T10:49:44.192722+00:00
6a858a6ce44c4693789d8ea8,EMP002541,deepa.banerjee.2541@company.com,EMPLOYEE,default,False,2026-08-19T10:49:44.500987+00:00,2026-08-19T10:49:44.500987+00:00
6a858a6ce44c4693789d8ea9,EMP002546,harish.pillai.2546@company.com,EMPLOYEE,default,False,2026-08-19T10:49:44.777905+00:00,2026-08-19T10:49:44.777905+00:00
6a858a6ce44c4693789d8eaa,EMP002552,kiran.patel.2552@company.com,EMPLOYEE,default,False,2026-08-19T10:49:45.058821+00:00,2026-08-19T10:49:45.058821+00:00
6a858a6ce44c4693789d8eab,EMP002558,nandini.sen.2558@company.com,EMPLOYEE,default,False,2026-08-19T10:49:45.307196+00:00,2026-08-19T10:49:45.307196+00:00
6a858a6ce44c4693789d8eac,EMP002561,nikhil.malhotra.2561@company.com,EMPLOYEE,default,False,2026-08-19T10:49:45.571934+00:00,2026-08-19T10:49:45.571934+00:00
6a858a6ce44c4693789d8ead,EMP002576,swathi.varma.2576@company.com,EMPLOYEE,default,False,2026-08-19T10:49:45.841091+00:00,2026-08-19T10:49:45.841091+00:00
6a858a6ce44c4693789d8eae,EMP002577,tanvi.chatterjee.2577@company.com,EMPLOYEE,default,False,2026-08-19T10:49:46.096901+00:00,2026-08-19T10:49:46.096901+00:00
6a858a6ce44c4693789d8eaf,EMP002582,zoya.das.2582@company.com,EMPLOYEE,default,False,2026-08-19T10:49:46.408486+00:00,2026-08-19T10:49:46.408486+00:00
6a858a6ce44c4693789d8eb0,EMP002620,deepa.sinha.2620@company.com,EMPLOYEE,default,False,2026-08-19T10:49:46.675752+00:00,2026-08-19T10:49:46.675752+00:00
6a858a6ce44c4693789d8eb1,EMP002647,riya.shetty.2647@company.com,EMPLOYEE,default,False,2026-08-19T10:49:46.951402+00:00,2026-08-19T10:49:46.951402+00:00
6a858a6ce44c4693789d8eb2,EMP002660,yash.joshi.2660@company.com,EMPLOYEE,default,False,2026-08-19T10:49:47.323365+00:00,2026-08-19T10:49:47.323365+00:00
6a858a6ce44c4693789d8eb3,EMP002681,simran.gupta.2681@company.com,EMPLOYEE,default,False,2026-08-19T10:49:47.600455+00:00,2026-08-19T10:49:47.600455+00:00
6a858a6ce44c4693789d8eb4,EMP002704,harish.bhat.2704@company.com,EMPLOYEE,default,False,2026-08-19T10:49:47.888780+00:00,2026-08-19T10:49:47.888780+00:00
6a858a6ce44c4693789d8eb5,EMP002709,kavya.rao.2709@company.com,EMPLOYEE,default,False,2026-08-19T10:49:48.167811+00:00,2026-08-19T10:49:48.167811+00:00
6a858a6ce44c4693789d8eb6,EMP002712,lakshmi.kulkarni.2712@company.com,EMPLOYEE,default,False,2026-08-19T10:49:48.442484+00:00,2026-08-19T10:49:48.442484+00:00
6a858a6ce44c4693789d8eb7,EMP002741,abhinav.banerjee.2741@company.com,EMPLOYEE,default,False,2026-08-19T10:49:48.842596+00:00,2026-08-19T10:49:48.842596+00:00
6a858a6ce44c4693789d8eb8,EMP002767,aditi.kumar.2767@company.com,EMPLOYEE,default,False,2026-08-19T10:49:49.484265+00:00,2026-08-19T10:49:49.484265+00:00
6a858a6ce44c4693789d8eb9,EMP002787,karan.iyer.2787@company.com,EMPLOYEE,default,False,2026-08-19T10:49:49.961519+00:00,2026-08-19T10:49:49.961519+00:00
6a858a6ce44c4693789d8eba,EMP002832,reshma.das.2832@company.com,EMPLOYEE,default,False,2026-08-19T10:49:50.236840+00:00,2026-08-19T10:49:50.236840+00:00
6a858a6ce44c4693789d8ebb,EMP002851,ananya.sharma.2851@company.com,EMPLOYEE,default,False,2026-08-19T10:49:50.499508+00:00,2026-08-19T10:49:50.499508+00:00
6a858a6ce44c4693789d8ebc,EMP002891,srinivas.banerjee.2891@company.com,EMPLOYEE,default,False,2026-08-19T10:49:50.757919+00:00,2026-08-19T10:49:50.757919+00:00
6a858a6ce44c4693789d8ebd,EMP002926,aditya.varma.2926@company.com,EMPLOYEE,default,False,2026-08-19T10:49:51.015428+00:00,2026-08-19T10:49:51.015428+00:00
6a858a6ce44c4693789d8ebe,EMP002950,manish.fernandes.2950@company.com,EMPLOYEE,default,False,2026-08-19T10:49:51.273165+00:00,2026-08-19T10:49:51.273165+00:00
6a858a6ce44c4693789d8ebf,EMP002971,swathi.gowda.2971@company.com,EMPLOYEE,default,False,2026-08-19T10:49:51.566502+00:00,2026-08-19T10:49:51.566502+00:00
6a858a6ce44c4693789d8ec0,EMP002378,arjun.hegde.2378@company.com,EMPLOYEE,default,False,2026-08-19T10:49:51.849805+00:00,2026-08-19T10:49:51.849805+00:00
6a858a6ce44c4693789d8ec1,EMP002379,arnav.mathew.2379@company.com,EMPLOYEE,default,False,2026-08-19T10:49:52.145958+00:00,2026-08-19T10:49:52.145958+00:00
6a858a6ce44c4693789d8ec2,EMP002383,deepa.krishnan.2383@company.com,EMPLOYEE,default,False,2026-08-19T10:49:52.858222+00:00,2026-08-19T10:49:52.858222+00:00
6a858a6ce44c4693789d8ec3,EMP002389,isha.bose.2389@company.com,EMPLOYEE,default,False,2026-08-19T10:49:53.265320+00:00,2026-08-19T10:49:53.265320+00:00
6a858a6ce44c4693789d8ec4,EMP002416,sneha.reddy.2416@company.com,EMPLOYEE,default,False,2026-08-19T10:49:53.576627+00:00,2026-08-19T10:49:53.576627+00:00
6a858a6ce44c4693789d8ec5,EMP002428,divya.hegde.2428@company.com,EMPLOYEE,default,False,2026-08-19T10:49:53.858569+00:00,2026-08-19T10:49:53.858569+00:00
6a858a6ce44c4693789d8ec6,EMP002443,siddharth.dsouza.2443@company.com,EMPLOYEE,default,False,2026-08-19T10:49:54.111465+00:00,2026-08-19T10:49:54.111465+00:00
6a858a6ce44c4693789d8ec7,EMP002450,aarav.fernandes.2450@company.com,EMPLOYEE,default,False,2026-08-19T10:49:54.370934+00:00,2026-08-19T10:49:54.370934+00:00
6a858a6ce44c4693789d8ec8,EMP002466,gaurav.reddy.2466@company.com,EMPLOYEE,default,False,2026-08-19T10:49:54.625190+00:00,2026-08-19T10:49:54.625190+00:00
6a858a6ce44c4693789d8ec9,EMP002471,karan.gowda.2471@company.com,EMPLOYEE,default,False,2026-08-19T10:49:54.872358+00:00,2026-08-19T10:49:54.872358+00:00
6a858a6ce44c4693789d8eca,EMP002477,meera.chatterjee.2477@company.com,EMPLOYEE,default,False,2026-08-19T10:49:55.125469+00:00,2026-08-19T10:49:55.125469+00:00
6a858a6ce44c4693789d8ecb,EMP002484,pranav.mukherjee.2484@company.com,EMPLOYEE,default,False,2026-08-19T10:49:55.448370+00:00,2026-08-19T10:49:55.448370+00:00
6a858a6ce44c4693789d8ecc,EMP002498,tanvi.agarwal.2498@company.com,EMPLOYEE,default,False,2026-08-19T10:49:56.156407+00:00,2026-08-19T10:49:56.156407+00:00
6a858a6ce44c4693789d8ecd,EMP002504,abhinav.bhat.2504@company.com,EMPLOYEE,default,False,2026-08-19T10:49:56.475381+00:00,2026-08-19T10:49:56.475381+00:00
6a858a6ce44c4693789d8ece,EMP002530,aditi.nair.2530@company.com,EMPLOYEE,default,False,2026-08-19T10:49:56.786659+00:00,2026-08-19T10:49:56.786659+00:00
6a858a6ce44c4693789d8ecf,EMP002536,arjun.george.2536@company.com,EMPLOYEE,default,False,2026-08-19T10:49:57.065914+00:00,2026-08-19T10:49:57.065914+00:00
6a858a6ce44c4693789d8ed0,EMP002548,ishaan.agarwal.2548@company.com,EMPLOYEE,default,False,2026-08-19T10:49:57.377836+00:00,2026-08-19T10:49:57.377836+00:00
6a858a6ce44c4693789d8ed1,EMP002578,varun.hegde.2578@company.com,EMPLOYEE,default,False,2026-08-19T10:49:57.941915+00:00,2026-08-19T10:49:57.941915+00:00
6a858a6ce44c4693789d8ed2,EMP002584,anjali.mukherjee.2584@company.com,EMPLOYEE,default,False,2026-08-19T10:49:58.302564+00:00,2026-08-19T10:49:58.302564+00:00
6a858a6ce44c4693789d8ed3,EMP002591,monica.banerjee.2591@company.com,EMPLOYEE,default,False,2026-08-19T10:49:58.685551+00:00,2026-08-19T10:49:58.685551+00:00
6a858a6ce44c4693789d8ed4,EMP002608,aarav.sen.2608@company.com,EMPLOYEE,default,False,2026-08-19T10:49:59.010564+00:00,2026-08-19T10:49:59.010564+00:00
6a858a6ce44c4693789d8ed5,EMP002609,aditi.rao.2609@company.com,EMPLOYEE,default,False,2026-08-19T10:49:59.401740+00:00,2026-08-19T10:49:59.401740+00:00
6a858a6ce44c4693789d8ed6,EMP002658,vikram.sen.2658@company.com,EMPLOYEE,default,False,2026-08-19T10:49:59.845487+00:00,2026-08-19T10:49:59.845487+00:00
6a858a6ce44c4693789d8ed7,EMP002665,divya.roy.2665@company.com,EMPLOYEE,default,False,2026-08-19T10:50:00.248983+00:00,2026-08-19T10:50:00.248983+00:00
6a858a6ce44c4693789d8ed8,EMP002666,harini.reddy.2666@company.com,EMPLOYEE,default,False,2026-08-19T10:50:00.607395+00:00,2026-08-19T10:50:00.607395+00:00
6a858a6ce44c4693789d8ed9,EMP002690,akash.naidu.2690@company.com,EMPLOYEE,default,False,2026-08-19T10:50:00.910675+00:00,2026-08-19T10:50:00.910675+00:00
6a858a6ce44c4693789d8eda,EMP002701,diya.sharma.2701@company.com,EMPLOYEE,default,False,2026-08-19T10:50:01.171756+00:00,2026-08-19T10:50:01.171756+00:00
6a858a6ce44c4693789d8edb,EMP002705,isha.jain.2705@company.com,EMPLOYEE,default,False,2026-08-19T10:50:01.421912+00:00,2026-08-19T10:50:01.421912+00:00
6a858a6ce44c4693789d8edc,EMP002718,neha.chopra.2718@company.com,EMPLOYEE,default,False,2026-08-19T10:50:01.672469+00:00,2026-08-19T10:50:01.672469+00:00
6a858a6ce44c4693789d8edd,EMP002720,pooja.sinha.2720@company.com,EMPLOYEE,default,False,2026-08-19T10:50:01.914255+00:00,2026-08-19T10:50:01.914255+00:00
6a858a6ce44c4693789d8ede,EMP002721,pranav.gowda.2721@company.com,EMPLOYEE,default,False,2026-08-19T10:50:02.163124+00:00,2026-08-19T10:50:02.163124+00:00
6a858a6ce44c4693789d8edf,EMP002723,rahul.menon.2723@company.com,EMPLOYEE,default,False,2026-08-19T10:50:02.437799+00:00,2026-08-19T10:50:02.437799+00:00
6a858a6ce44c4693789d8ee0,EMP002756,sameer.thakur.2756@company.com,EMPLOYEE,default,False,2026-08-19T10:50:02.725966+00:00,2026-08-19T10:50:02.725966+00:00
6a858a6ce44c4693789d8ee1,EMP002764,vidya.prasad.2764@company.com,EMPLOYEE,default,False,2026-08-19T10:50:02.981447+00:00,2026-08-19T10:50:02.981447+00:00
6a858a6ce44c4693789d8ee2,EMP002770,akshay.sinha.2770@company.com,EMPLOYEE,default,False,2026-08-19T10:50:03.252545+00:00,2026-08-19T10:50:03.252545+00:00
6a858a6ce44c4693789d8ee3,EMP002786,jahnavi.george.2786@company.com,EMPLOYEE,default,False,2026-08-19T10:50:03.529726+00:00,2026-08-19T10:50:03.529726+00:00
6a858a6ce44c4693789d8ee4,EMP002793,meera.dsouza.2793@company.com,EMPLOYEE,default,False,2026-08-19T10:50:03.845595+00:00,2026-08-19T10:50:03.845595+00:00
6a858a6ce44c4693789d8ee5,EMP002809,sanjana.rao.2809@company.com,EMPLOYEE,default,False,2026-08-19T10:50:04.106010+00:00,2026-08-19T10:50:04.106010+00:00
6a858a6ce44c4693789d8ee6,EMP002818,yash.chopra.2818@company.com,EMPLOYEE,default,False,2026-08-19T10:50:04.380168+00:00,2026-08-19T10:50:04.380168+00:00
6a858a6ce44c4693789d8ee7,EMP002819,zoya.desai.2819@company.com,EMPLOYEE,default,False,2026-08-19T10:50:04.700693+00:00,2026-08-19T10:50:04.700693+00:00
6a858a6ce44c4693789d8ee8,EMP002836,shalini.george.2836@company.com,EMPLOYEE,default,False,2026-08-19T10:50:05.033790+00:00,2026-08-19T10:50:05.033790+00:00
6a858a6ce44c4693789d8ee9,EMP002844,vishal.verma.2844@company.com,EMPLOYEE,default,False,2026-08-19T10:50:05.297151+00:00,2026-08-19T10:50:05.297151+00:00
6a858a6ce44c4693789d8eea,EMP002856,chetan.thakur.2856@company.com,EMPLOYEE,default,False,2026-08-19T10:50:05.552205+00:00,2026-08-19T10:50:05.552205+00:00
6a858a6ce44c4693789d8eeb,EMP002868,kiran.chopra.2868@company.com,EMPLOYEE,default,False,2026-08-19T10:50:05.799484+00:00,2026-08-19T10:50:05.799484+00:00
6a858a6ce44c4693789d8eec,EMP002879,pranav.mathew.2879@company.com,EMPLOYEE,default,False,2026-08-19T10:50:06.054730+00:00,2026-08-19T10:50:06.054730+00:00
6a858a6ce44c4693789d8eed,EMP002885,rohit.tripathi.2885@company.com,EMPLOYEE,default,False,2026-08-19T10:50:06.312635+00:00,2026-08-19T10:50:06.312635+00:00
6a858a6ce44c4693789d8eee,EMP002935,chetan.tripathi.2935@company.com,EMPLOYEE,default,False,2026-08-19T10:50:06.563742+00:00,2026-08-19T10:50:06.563742+00:00
6a858a6ce44c4693789d8eef,EMP002956,nikhil.thakur.2956@company.com,EMPLOYEE,default,False,2026-08-19T10:50:06.817787+00:00,2026-08-19T10:50:06.817787+00:00
6a858a6ce44c4693789d8ef0,EMP002960,rahul.joshi.2960@company.com,EMPLOYEE,default,False,2026-08-19T10:50:07.063881+00:00,2026-08-19T10:50:07.063881+00:00
6a858a6ce44c4693789d8ef1,EMP002961,raj.malhotra.2961@company.com,EMPLOYEE,default,False,2026-08-19T10:50:07.316354+00:00,2026-08-19T10:50:07.316354+00:00
6a858a6ce44c4693789d8ef2,EMP002965,sahana.roy.2965@company.com,EMPLOYEE,default,False,2026-08-19T10:50:07.563830+00:00,2026-08-19T10:50:07.563830+00:00
6a858a6ce44c4693789d8ef3,EMP002999,vaishnavi.pandey.2999@company.com,EMPLOYEE,default,False,2026-08-19T10:50:07.812230+00:00,2026-08-19T10:50:07.812230+00:00
6a858a6ce44c4693789d8ef4,EMP002406,priya.thakur.2406@company.com,EMPLOYEE,default,False,2026-08-19T10:50:08.108788+00:00,2026-08-19T10:50:08.108788+00:00
6a858a6ce44c4693789d8ef5,EMP002407,rahul.thomas.2407@company.com,EMPLOYEE,default,False,2026-08-19T10:50:08.357853+00:00,2026-08-19T10:50:08.357853+00:00
6a858a6ce44c4693789d8ef6,EMP002414,sanjana.prasad.2414@company.com,EMPLOYEE,default,False,2026-08-19T10:50:08.613869+00:00,2026-08-19T10:50:08.613869+00:00
6a858a6ce44c4693789d8ef7,EMP002434,nithin.mukherjee.2434@company.com,EMPLOYEE,default,False,2026-08-19T10:50:08.857155+00:00,2026-08-19T10:50:08.857155+00:00
6a858a6ce44c4693789d8ef8,EMP002441,shalini.banerjee.2441@company.com,EMPLOYEE,default,False,2026-08-19T10:50:09.107938+00:00,2026-08-19T10:50:09.107938+00:00
6a858a6ce44c4693789d8ef9,EMP002463,dev.saxena.2463@company.com,EMPLOYEE,default,False,2026-08-19T10:50:09.351407+00:00,2026-08-19T10:50:09.351407+00:00
6a858a6ce44c4693789d8efa,EMP002478,mohan.hegde.2478@company.com,EMPLOYEE,default,False,2026-08-19T10:50:09.613441+00:00,2026-08-19T10:50:09.613441+00:00
6a858a6ce44c4693789d8efb,EMP002480,naveen.nair.2480@company.com,EMPLOYEE,default,False,2026-08-19T10:50:09.854235+00:00,2026-08-19T10:50:09.854235+00:00
6a858a6ce44c4693789d8efc,EMP002495,sneha.mehta.2495@company.com,EMPLOYEE,default,False,2026-08-19T10:50:10.107864+00:00,2026-08-19T10:50:10.107864+00:00
6a858a6ce44c4693789d8efd,EMP002529,aarav.mathew.2529@company.com,EMPLOYEE,default,False,2026-08-19T10:50:10.362566+00:00,2026-08-19T10:50:10.362566+00:00
6a858a6ce44c4693789d8efe,EMP002565,rahul.roy.2565@company.com,EMPLOYEE,default,False,2026-08-19T10:50:10.614830+00:00,2026-08-19T10:50:10.614830+00:00
6a858a6ce44c4693789d8eff,EMP002567,rakesh.kumar.2567@company.com,EMPLOYEE,default,False,2026-08-19T10:50:10.866055+00:00,2026-08-19T10:50:10.866055+00:00
6a858a6ce44c4693789d8f00,EMP002586,divya.george.2586@company.com,EMPLOYEE,default,False,2026-08-19T10:50:11.125475+00:00,2026-08-19T10:50:11.125475+00:00
6a858a6ce44c4693789d8f01,EMP002599,shalini.pandey.2599@company.com,EMPLOYEE,default,False,2026-08-19T10:50:11.379209+00:00,2026-08-19T10:50:11.379209+00:00
6a858a6ce44c4693789d8f02,EMP002605,vasudha.jain.2605@company.com,EMPLOYEE,default,False,2026-08-19T10:50:11.652178+00:00,2026-08-19T10:50:11.652178+00:00
6a858a6ce44c4693789d8f03,EMP002613,amara.saxena.2613@company.com,EMPLOYEE,default,False,2026-08-19T10:50:11.912176+00:00,2026-08-19T10:50:11.912176+00:00
6a858a6ce44c4693789d8f04,EMP002662,abhinav.kulkarni.2662@company.com,EMPLOYEE,default,False,2026-08-19T10:50:12.380119+00:00,2026-08-19T10:50:12.380119+00:00
6a858a6ce44c4693789d8f05,EMP002669,manasa.desai.2669@company.com,EMPLOYEE,default,False,2026-08-19T10:50:12.811005+00:00,2026-08-19T10:50:12.811005+00:00
6a858a6ce44c4693789d8f06,EMP002672,pallavi.joseph.2672@company.com,EMPLOYEE,default,False,2026-08-19T10:50:13.459530+00:00,2026-08-19T10:50:13.459530+00:00
6a858a6ce44c4693789d8f07,EMP002687,aarav.iyer.2687@company.com,EMPLOYEE,default,False,2026-08-19T10:50:14.084262+00:00,2026-08-19T10:50:14.084262+00:00
6a858a6ce44c4693789d8f08,EMP002703,gaurav.shah.2703@company.com,EMPLOYEE,default,False,2026-08-19T10:50:14.552675+00:00,2026-08-19T10:50:14.552675+00:00
6a858a6ce44c4693789d8f09,EMP002725,rakesh.mishra.2725@company.com,EMPLOYEE,default,False,2026-08-19T10:50:14.988264+00:00,2026-08-19T10:50:14.988264+00:00
6a858a6ce44c4693789d8f0a,EMP002735,tanvi.tripathi.2735@company.com,EMPLOYEE,default,False,2026-08-19T10:50:15.429155+00:00,2026-08-19T10:50:15.429155+00:00
6a858a6ce44c4693789d8f0b,EMP002740,zoya.naidu.2740@company.com,EMPLOYEE,default,False,2026-08-19T10:50:15.825489+00:00,2026-08-19T10:50:15.825489+00:00
6a858a6ce44c4693789d8f0c,EMP002751,pallavi.sharma.2751@company.com,EMPLOYEE,default,False,2026-08-19T10:50:16.170149+00:00,2026-08-19T10:50:16.170149+00:00
6a858a6ce44c4693789d8f0d,EMP002754,rohan.bhat.2754@company.com,EMPLOYEE,default,False,2026-08-19T10:50:16.510631+00:00,2026-08-19T10:50:16.510631+00:00
6a858a6ce44c4693789d8f0e,EMP002775,ashwin.mishra.2775@company.com,EMPLOYEE,default,False,2026-08-19T10:50:17.129020+00:00,2026-08-19T10:50:17.129020+00:00
6a858a6ce44c4693789d8f0f,EMP002806,rohit.thakur.2806@company.com,EMPLOYEE,default,False,2026-08-19T10:50:17.439604+00:00,2026-08-19T10:50:17.439604+00:00
6a858a6ce44c4693789d8f10,EMP002822,anirudh.joseph.2822@company.com,EMPLOYEE,default,False,2026-08-19T10:50:17.738832+00:00,2026-08-19T10:50:17.738832+00:00
6a858a6ce44c4693789d8f11,EMP002830,pallavi.nair.2830@company.com,EMPLOYEE,default,False,2026-08-19T10:50:17.987589+00:00,2026-08-19T10:50:17.987589+00:00
6a858a6ce44c4693789d8f12,EMP002848,akash.agarwal.2848@company.com,EMPLOYEE,default,False,2026-08-19T10:50:18.330967+00:00,2026-08-19T10:50:18.330967+00:00
6a858a6ce44c4693789d8f13,EMP002852,arjun.patel.2852@company.com,EMPLOYEE,default,False,2026-08-19T10:50:18.638156+00:00,2026-08-19T10:50:18.638156+00:00
6a858a6ce44c4693789d8f14,EMP002857,deepa.thomas.2857@company.com,EMPLOYEE,default,False,2026-08-19T10:50:18.921229+00:00,2026-08-19T10:50:18.921229+00:00
6a858a6ce44c4693789d8f15,EMP002915,shalini.roy.2915@company.com,EMPLOYEE,default,False,2026-08-19T10:50:19.209379+00:00,2026-08-19T10:50:19.209379+00:00
6a858a6ce44c4693789d8f16,EMP002963,riya.saxena.2963@company.com,EMPLOYEE,default,False,2026-08-19T10:50:19.517364+00:00,2026-08-19T10:50:19.517364+00:00
6a858a6ce44c4693789d8f17,EMP002966,sanjay.reddy.2966@company.com,EMPLOYEE,default,False,2026-08-19T10:50:19.789791+00:00,2026-08-19T10:50:19.789791+00:00
6a858a6ce44c4693789d8f18,EMP002983,keerthi.krishnan.2983@company.com,EMPLOYEE,default,False,2026-08-19T10:50:20.054594+00:00,2026-08-19T10:50:20.054594+00:00
6a858a6ce44c4693789d8f19,EMP003007,akshay.thomas.3007@company.com,EMPLOYEE,default,False,2026-08-19T10:50:20.315532+00:00,2026-08-19T10:50:20.315532+00:00
6a858a6ce44c4693789d8f1a,EMP003018,esha.chopra.3018@company.com,EMPLOYEE,default,False,2026-08-19T10:50:20.579744+00:00,2026-08-19T10:50:20.579744+00:00
